Date,open,high,low,close,volume
2000-01-03 00:00:00-05:00,0.09843800216913223,0.09921900182962418,0.09192699939012527,0.09752599895000458,300912000
2000-01-04 00:00:00-05:00,0.09583300352096558,0.09609399735927582,0.09010399878025055,0.09492199867963791,300480000
2000-01-05 00:00:00-05:00,0.09218800067901611,0.09375,0.09049499779939651,0.09179700165987015,188352000
2000-01-06 00:00:00-05:00,0.09179700165987015,0.09179700165987015,0.08229199796915054,0.08580700308084488,120480000
2000-01-07 00:00:00-05:00,0.0854170024394989,0.0881510004401207,0.08411499857902527,0.08724000304937363,71184000
2000-01-10 00:00:00-05:00,0.08749999850988388,0.09375,0.0859379991889,0.09010399878025055,239856000
2000-01-11 00:00:00-05:00,0.08958300203084946,0.09062500298023224,0.0864579975605011,0.0864579975605011,148128000
2000-01-12 00:00:00-05:00,0.0864579975605011,0.08658900111913681,0.08307299762964249,0.0842449963092804,123552000
2000-01-13 00:00:00-05:00,0.08411499857902527,0.08854199945926666,0.08307299762964249,0.08776000142097473,132192000
2000-01-14 00:00:00-05:00,0.08906300365924835,0.09518200159072876,0.08880200237035751,0.09153600037097931,604560000
2000-01-18 00:00:00-05:00,0.09270799905061722,0.09583300352096558,0.08854199945926666,0.0954430028796196,261648000
2000-01-19 00:00:00-05:00,0.09583300352096558,0.09583300352096558,0.09375,0.09453099966049194,164688000
2000-01-20 00:00:00-05:00,0.09531299769878387,0.10052099823951721,0.09348999708890915,0.09427099674940109,179568000
2000-01-21 00:00:00-05:00,0.09401000291109085,0.09440100193023682,0.09088499844074249,0.09322900325059891,544272000
2000-01-24 00:00:00-05:00,0.09622400254011154,0.09622400254011154,0.08854199945926666,0.08906300365924835,256944000
2000-01-25 00:00:00-05:00,0.08945299685001373,0.09036500006914139,0.0854170024394989,0.08828099817037582,237120000
2000-01-26 00:00:00-05:00,0.08828099817037582,0.09062500298023224,0.08307299762964249,0.08463499695062637,232464000
2000-01-27 00:00:00-05:00,0.08528599888086319,0.08528599888086319,0.07708299905061722,0.08020800352096558,458208000
2000-01-28 00:00:00-05:00,0.07916700094938278,0.07968799769878387,0.07474000006914139,0.07786499708890915,194448000
2000-01-31 00:00:00-05:00,0.07825499773025513,0.07994800060987473,0.07291699945926666,0.07721400260925293,182400000
2000-02-01 00:00:00-05:00,0.07734400033950806,0.07968799769878387,0.07447899878025055,0.07903599739074707,92976000
2000-02-02 00:00:00-05:00,0.07942699640989304,0.08281300216913223,0.07903599739074707,0.08124999701976776,149040000
2000-02-03 00:00:00-05:00,0.08385399729013443,0.08554700016975403,0.0820309966802597,0.0825520008802414,108240000
2000-02-04 00:00:00-05:00,0.08515600115060806,0.08515600115060806,0.08281300216913223,0.08450499922037125,123696000
2000-02-07 00:00:00-05:00,0.08489599823951721,0.08489599823951721,0.07916700094938278,0.07929699867963791,217488000
2000-02-08 00:00:00-05:00,0.08124999701976776,0.0859379991889,0.07916700094938278,0.08307299762964249,468816000
2000-02-09 00:00:00-05:00,0.08619800209999084,0.0876300036907196,0.08502600342035294,0.08515600115060806,589056000
2000-02-10 00:00:00-05:00,0.09036500006914139,0.10416699945926666,0.09036500006914139,0.10260400176048279,970080000
2000-02-11 00:00:00-05:00,0.1076819971203804,0.10781300067901611,0.09661500155925751,0.10416699945926666,423792000
2000-02-14 00:00:00-05:00,0.10442700237035751,0.12083300203084946,0.10338500142097473,0.12083300203084946,650112000
2000-02-15 00:00:00-05:00,0.1210940033197403,0.12122400104999542,0.11119800060987473,0.11614599823951721,450480000
2000-02-16 00:00:00-05:00,0.11744800209999084,0.1255210041999817,0.11614599823951721,0.12148399651050568,1019568000
2000-02-17 00:00:00-05:00,0.12135399878025055,0.12656299769878387,0.11953099817037582,0.12578099966049194,535776000
2000-02-18 00:00:00-05:00,0.12395799905061722,0.14218799769878387,0.12304700165987015,0.14036500453948975,960864000
2000-02-22 00:00:00-05:00,0.13593800365924835,0.1377599984407425,0.13124999403953552,0.13645799458026886,542496000
2000-02-23 00:00:00-05:00,0.13489599525928497,0.13867199420928955,0.13320299983024597,0.1372399926185608,511392000
2000-02-24 00:00:00-05:00,0.13802100718021393,0.138932004570961,0.13020800054073334,0.13593800365924835,244320000
2000-02-25 00:00:00-05:00,0.13606800138950348,0.13606800138950348,0.12187500298023224,0.12747399508953094,278736000
2000-02-28 00:00:00-05:00,0.12682299315929413,0.12812499701976776,0.12447900325059891,0.12656299769878387,517872000
2000-02-29 00:00:00-05:00,0.12578099966049194,0.13489599525928497,0.12578099966049194,0.1333329975605011,306048000
2000-03-01 00:00:00-05:00,0.1333329975605011,0.1333329975605011,0.12734399735927582,0.1294270008802414,383568000
2000-03-02 00:00:00-05:00,0.13046899437904358,0.13046899437904358,0.12031300365924835,0.12070299685001373,191040000
2000-03-03 00:00:00-05:00,0.12083300203084946,0.12395799905061722,0.11979199945926666,0.12265600264072418,273696000
2000-03-06 00:00:00-05:00,0.12343800067901611,0.1328130066394806,0.12083300203084946,0.12187500298023224,432096000
2000-03-07 00:00:00-05:00,0.15625,0.18177099525928497,0.1494790017604828,0.173567995429039,1952208000
2000-03-08 00:00:00-05:00,0.17347000539302826,0.17656299471855164,0.16093799471855164,0.17499999701976776,668736000
2000-03-09 00:00:00-05:00,0.17708300054073334,0.22499999403953552,0.17656299471855164,0.20895199477672577,952944000
2000-03-10 00:00:00-05:00,0.21979199349880219,0.30208298563957214,0.2182289958000183,0.24583299458026886,2161200000
2000-03-13 00:00:00-05:00,0.22291700541973114,0.3125,0.22083300352096558,0.3109380006790161,2415168000
2000-03-14 00:00:00-05:00,0.3092449903488159,0.3092449903488159,0.22499999403953552,0.22942699491977692,1567776000
2000-03-15 00:00:00-05:00,0.24586600065231323,0.2522140145301819,0.21250000596046448,0.22005200386047363,995616000
2000-03-16 00:00:00-05:00,0.2270829975605011,0.2348960041999817,0.19296899437904358,0.1961909979581833,750384000
2000-03-17 00:00:00-05:00,0.19166700541973114,0.22291700541973114,0.19163399934768677,0.20807300508022308,557616000
2000-03-20 00:00:00-05:00,0.21627600491046906,0.2231770008802414,0.20130200684070587,0.20794300734996796,365280000
2000-03-21 00:00:00-05:00,0.20833300054073334,0.21015599370002747,0.18125000596046448,0.19765600562095642,536640000
2000-03-22 00:00:00-05:00,0.1992190033197403,0.20520800352096558,0.1958329975605011,0.19908900558948517,230592000
2000-03-23 00:00:00-05:00,0.19726599752902985,0.21354199945926666,0.19687500596046448,0.2026039958000183,309408000
2000-03-24 00:00:00-05:00,0.20130200684070587,0.2104170024394989,0.1875,0.19414100050926208,231600000
2000-03-27 00:00:00-05:00,0.19374999403953552,0.20000000298023224,0.1796880066394806,0.1813800036907196,388944000
2000-03-28 00:00:00-05:00,0.1751299947500229,0.17708300054073334,0.1645829975605011,0.16783900558948517,393312000
2000-03-29 00:00:00-05:00,0.1684899926185608,0.1723960041999817,0.15000000596046448,0.1567710041999817,469440000
2000-03-30 00:00:00-05:00,0.15208299458026886,0.1703130006790161,0.14687499403953552,0.15585899353027344,361920000
2000-03-31 00:00:00-05:00,0.16650399565696716,0.1830729991197586,0.1635420024394989,0.17600899934768677,962976000
2000-04-03 00:00:00-04:00,0.1744139939546585,0.17499999701976776,0.15768200159072876,0.16223999857902527,329952000
2000-04-04 00:00:00-04:00,0.17083300650119781,0.17369799315929413,0.11874999850988388,0.15625,513792000
2000-04-05 00:00:00-04:00,0.15781299769878387,0.203125,0.14973999559879303,0.19101600348949432,639600000
2000-04-06 00:00:00-04:00,0.1998700052499771,0.21002599596977234,0.1903650015592575,0.1998700052499771,404592000
2000-04-07 00:00:00-04:00,0.2098959982395172,0.21875,0.20104199647903442,0.2136719971895218,318576000
2000-04-10 00:00:00-04:00,0.21731799840927124,0.2299479991197586,0.1907549947500229,0.1947920024394989,395280000
2000-04-11 00:00:00-04:00,0.1812169998884201,0.19791699945926666,0.16666699945926666,0.18320299685001373,457584000
2000-04-12 00:00:00-04:00,0.18346400558948517,0.1875,0.1635420024394989,0.16419300436973572,313440000
2000-04-13 00:00:00-04:00,0.16549499332904816,0.1713539958000183,0.15442700684070587,0.15716099739074707,313296000
2000-04-14 00:00:00-04:00,0.14713500440120697,0.1584639996290207,0.13645799458026886,0.143326997756958,421920000
2000-04-17 00:00:00-04:00,0.13124999403953552,0.15625,0.13124999403953552,0.1506509929895401,294096000
2000-04-18 00:00:00-04:00,0.16582000255584717,0.1869789958000183,0.16093799471855164,0.17734399437904358,477504000
2000-04-19 00:00:00-04:00,0.18294300138950348,0.18541699647903442,0.16666699945926666,0.16888000071048737,278352000
2000-04-20 00:00:00-04:00,0.17343799769878387,0.17669300734996796,0.16562500596046448,0.1679690033197403,153936000
2000-04-24 00:00:00-04:00,0.15833300352096558,0.16536499559879303,0.15130199491977692,0.1596350073814392,205968000
2000-04-25 00:00:00-04:00,0.1667969971895218,0.18229199945926666,0.16640600562095642,0.17708300054073334,249696000
2000-04-26 00:00:00-04:00,0.18945300579071045,0.19374999403953552,0.17499999701976776,0.1752600073814392,254112000
2000-04-27 00:00:00-04:00,0.1635420024394989,0.1914059966802597,0.16263000667095184,0.18958300352096558,280992000
2000-04-28 00:00:00-04:00,0.1925780028104782,0.20000000298023224,0.18567700684070587,0.18567700684070587,179040000
2000-05-01 00:00:00-04:00,0.19270800054073334,0.19687500596046448,0.18710899353027344,0.19166700541973114,119424000
2000-05-02 00:00:00-04:00,0.19166700541973114,0.20286500453948975,0.17890599370002747,0.1842450052499771,234000000
2000-05-03 00:00:00-04:00,0.1830729991197586,0.18906299769878387,0.16666699945926666,0.18125000596046448,329184000
2000-05-04 00:00:00-04:00,0.18085899949073792,0.19114600121974945,0.17929700016975403,0.18346400558948517,241200000
2000-05-05 00:00:00-04:00,0.18268199265003204,0.1963540017604828,0.1802079975605011,0.1919270008802414,170592000
2000-05-08 00:00:00-04:00,0.1869789958000183,0.19374999403953552,0.1846349984407425,0.18489600718021393,185136000
2000-05-09 00:00:00-04:00,0.1880210041999817,0.18958300352096558,0.17708300054073334,0.18229199945926666,176832000
2000-05-10 00:00:00-04:00,0.18046900629997253,0.18059900403022766,0.16276000440120697,0.16432300209999084,274080000
2000-05-11 00:00:00-04:00,0.16666699945926666,0.17434899508953094,0.16445299983024597,0.1713539958000183,245904000
2000-05-12 00:00:00-04:00,0.17604200541973114,0.18541699647903442,0.16614599525928497,0.16614599525928497,187824000
2000-05-15 00:00:00-04:00,0.16536499559879303,0.18046900629997253,0.15729199349880219,0.17760400474071503,282096000
2000-05-16 00:00:00-04:00,0.18541699647903442,0.201432004570961,0.18333299458026886,0.1958329975605011,366432000
2000-05-17 00:00:00-04:00,0.20624999701976776,0.2388020008802414,0.20611999928951263,0.23020799458026886,1290624000
2000-05-18 00:00:00-04:00,0.2315099984407425,0.23528599739074707,0.2131509929895401,0.21458299458026886,509904000
2000-05-19 00:00:00-04:00,0.20833300054073334,0.21979199349880219,0.20677100121974945,0.21276000142097473,521184000
2000-05-22 00:00:00-04:00,0.2104170024394989,0.2265630066394806,0.19179700314998627,0.2265630066394806,517152000
2000-05-23 00:00:00-04:00,0.22083300352096558,0.24570299685001373,0.2171880006790161,0.22473999857902527,778560000
2000-05-24 00:00:00-04:00,0.22447900474071503,0.22812500596046448,0.19218799471855164,0.22187499701976776,739632000
2000-05-25 00:00:00-04:00,0.22513000667095184,0.23854200541973114,0.2160159945487976,0.21875,569184000
2000-05-26 00:00:00-04:00,0.21985700726509094,0.2259110063314438,0.20624999701976776,0.21985700726509094,183456000
2000-05-30 00:00:00-04:00,0.22578099370002747,0.23463499546051025,0.22473999857902527,0.22890600562095642,303648000
2000-05-31 00:00:00-04:00,0.22812500596046448,0.2416670024394989,0.22812500596046448,0.2377600073814392,469536000
2000-06-01 00:00:00-04:00,0.24479199945926666,0.24700500071048737,0.2382809966802597,0.2444009929895401,418992000
2000-06-02 00:00:00-04:00,0.2494789958000183,0.27708300948143005,0.2494789958000183,0.2740890085697174,592176000
2000-06-05 00:00:00-04:00,0.27369800209999084,0.29374998807907104,0.2627600133419037,0.27998000383377075,491904000
2000-06-06 00:00:00-04:00,0.28099000453948975,0.2914060056209564,0.2645829916000366,0.26601600646972656,375888000
2000-06-07 00:00:00-04:00,0.2640630006790161,0.2662760019302368,0.25025999546051025,0.25416699051856995,332352000
2000-06-08 00:00:00-04:00,0.2606770098209381,0.26093798875808716,0.24583299458026886,0.2561199963092804,460704000
2000-06-09 00:00:00-04:00,0.26093798875808716,0.2750000059604645,0.25703099370002747,0.2634109854698181,467280000
2000-06-12 00:00:00-04:00,0.2645829916000366,0.2667970061302185,0.2505210041999817,0.25637999176979065,380016000
2000-06-13 00:00:00-04:00,0.24921900033950806,0.2645829916000366,0.24791699647903442,0.2644529938697815,447840000
2000-06-14 00:00:00-04:00,0.26940101385116577,0.27083298563957214,0.2607100009918213,0.26419299840927124,275088000
2000-06-15 00:00:00-04:00,0.2634109854698181,0.2710939943790436,0.24921900033950806,0.2710939943790436,338592000
2000-06-16 00:00:00-04:00,0.27011701464653015,0.3125,0.2700519859790802,0.3119789958000183,987840000
2000-06-19 00:00:00-04:00,0.31119799613952637,0.35677099227905273,0.3033849895000458,0.3315100073814392,1052160000
2000-06-20 00:00:00-04:00,0.3372400104999542,0.34114599227905273,0.32291701436042786,0.3270829916000366,610272000
2000-06-21 00:00:00-04:00,0.3220050036907196,0.3666670024394989,0.3220050036907196,0.36028599739074707,614880000
2000-06-22 00:00:00-04:00,0.3587239980697632,0.3661459982395172,0.3372400104999542,0.34062498807907104,614352000
2000-06-23 00:00:00-04:00,0.3315100073814392,0.33567699790000916,0.30833300948143005,0.308463990688324,607392000
2000-06-26 00:00:00-04:00,0.3145830035209656,0.3476560115814209,0.3096350133419037,0.34570300579071045,618288000
2000-06-27 00:00:00-04:00,0.3427079916000366,0.34843799471855164,0.2877599895000458,0.296875,604608000
2000-06-28 00:00:00-04:00,0.3031249940395355,0.3145830035209656,0.27708300948143005,0.28541699051856995,586608000
2000-06-29 00:00:00-04:00,0.28046900033950806,0.28046900033950806,0.23958300054073334,0.24427099525928497,1184880000
2000-06-30 00:00:00-04:00,0.25572898983955383,0.26927098631858826,0.2432290017604828,0.26484400033950806,1209192000
2000-07-03 00:00:00-04:00,0.2666670083999634,0.2750000059604645,0.2520830035209656,0.25468799471855164,232680000
2000-07-05 00:00:00-04:00,0.25364598631858826,0.25416699051856995,0.21979199349880219,0.22734400629997253,777936000
2000-07-06 00:00:00-04:00,0.2276040017604828,0.2494789958000183,0.2221350073814392,0.2411459982395172,603936000
2000-07-07 00:00:00-04:00,0.25,0.25416699051856995,0.23749999701976776,0.24244800209999084,346560000
2000-07-10 00:00:00-04:00,0.2382809966802597,0.26093798875808716,0.23593799769878387,0.2549479901790619,351264000
2000-07-11 00:00:00-04:00,0.25156301259994507,0.2885420024394989,0.24869799613952637,0.27552101016044617,755304000
2000-07-12 00:00:00-04:00,0.28697898983955383,0.29765599966049194,0.2778649926185608,0.2833330035209656,388152000
2000-07-13 00:00:00-04:00,0.28932300209999084,0.3114579916000366,0.28880199790000916,0.30989599227905273,458736000
2000-07-14 00:00:00-04:00,0.31614598631858826,0.32213500142097473,0.30000001192092896,0.3075520098209381,280200000
2000-07-17 00:00:00-04:00,0.31224000453948975,0.3125,0.3031249940395355,0.3041670024394989,105552000
2000-07-18 00:00:00-04:00,0.2874999940395355,0.3125,0.2874999940395355,0.29817700386047363,183672000
2000-07-19 00:00:00-04:00,0.2874999940395355,0.2895829975605011,0.27317699790000916,0.2791669964790344,189504000
2000-07-20 00:00:00-04:00,0.278905987739563,0.29374998807907104,0.27812498807907104,0.2867189943790436,142992000
2000-07-21 00:00:00-04:00,0.2874999940395355,0.2958329916000366,0.2833330035209656,0.2903650104999542,251928000
2000-07-24 00:00:00-04:00,0.2906250059604645,0.29270800948143005,0.25416699051856995,0.265625,281112000
2000-07-25 00:00:00-04:00,0.26979199051856995,0.2718749940395355,0.25520798563957214,0.25572898983955383,335304000
2000-07-26 00:00:00-04:00,0.25572898983955383,0.25572898983955383,0.22968800365924835,0.23671899735927582,380064000
2000-07-27 00:00:00-04:00,0.22916699945926666,0.23229199647903442,0.21666699647903442,0.21979199349880219,331560000
2000-07-28 00:00:00-04:00,0.22083300352096558,0.24140599370002747,0.20833300054073334,0.22499999403953552,512664000
2000-07-31 00:00:00-04:00,0.23749999701976776,0.2505210041999817,0.22499999403953552,0.25,371232000
2000-08-01 00:00:00-04:00,0.25,0.2520830035209656,0.2432290017604828,0.24505199491977692,350616000
2000-08-02 00:00:00-04:00,0.2416670024394989,0.254036009311676,0.2377600073814392,0.25,345432000
2000-08-03 00:00:00-04:00,0.22499999403953552,0.2666670083999634,0.22499999403953552,0.26093798875808716,368664000
2000-08-04 00:00:00-04:00,0.26718801259994507,0.27083298563957214,0.26145800948143005,0.265625,194784000
2000-08-07 00:00:00-04:00,0.2674480080604553,0.28880199790000916,0.26640599966049194,0.28645798563957214,246936000
2000-08-08 00:00:00-04:00,0.2802079916000366,0.2958329916000366,0.2791669964790344,0.2802079916000366,128112000
2000-08-09 00:00:00-04:00,0.28385400772094727,0.2856769859790802,0.267969012260437,0.2718749940395355,136248000
2000-08-10 00:00:00-04:00,0.265625,0.28125,0.26041701436042786,0.2750000059604645,156432000
2000-08-11 00:00:00-04:00,0.27552101016044617,0.27760401368141174,0.25572898983955383,0.2684899866580963,131928000
2000-08-14 00:00:00-04:00,0.2718749940395355,0.2744790017604828,0.26249998807907104,0.2710939943790436,108576000
2000-08-15 00:00:00-04:00,0.2723959982395172,0.30208298563957214,0.27161499857902527,0.2966800034046173,443328000
2000-08-16 00:00:00-04:00,0.31275999546051025,0.31275999546051025,0.2950519919395447,0.3041670024394989,266232000
2000-08-17 00:00:00-04:00,0.30000001192092896,0.3114579916000366,0.2989580035209656,0.30989599227905273,129816000
2000-08-18 00:00:00-04:00,0.3085939884185791,0.32447901368141174,0.3080730140209198,0.3208329975605011,204720000
2000-08-21 00:00:00-04:00,0.3325519859790802,0.3382810056209564,0.32499998807907104,0.325780987739563,464472000
2000-08-22 00:00:00-04:00,0.30885401368141174,0.31562501192092896,0.29218798875808716,0.2950519919395447,658872000
2000-08-23 00:00:00-04:00,0.2903650104999542,0.31275999546051025,0.28437501192092896,0.31224000453948975,352800000
2000-08-24 00:00:00-04:00,0.3104169964790344,0.3236980140209198,0.3046880066394806,0.32057300209999084,332616000
2000-08-25 00:00:00-04:00,0.31718799471855164,0.32395800948143005,0.3109380006790161,0.3125,153048000
2000-08-28 00:00:00-04:00,0.31406301259994507,0.3291670083999634,0.3104169964790344,0.32499998807907104,189264000
2000-08-29 00:00:00-04:00,0.3263019919395447,0.3270829916000366,0.3208329975605011,0.3242189884185791,149376000
2000-08-30 00:00:00-04:00,0.32057300209999084,0.3315100073814392,0.31718799471855164,0.3270829916000366,178080000
2000-08-31 00:00:00-04:00,0.3320310115814209,0.34375,0.32552099227905273,0.33072900772094727,388896000
2000-09-01 00:00:00-04:00,0.3375000059604645,0.34062498807907104,0.3276039958000183,0.33125001192092896,204144000
2000-09-05 00:00:00-04:00,0.33906298875808716,0.3393230140209198,0.32942700386047363,0.33177098631858826,246144000
2000-09-06 00:00:00-04:00,0.3330729901790619,0.3330729901790619,0.3062500059604645,0.30885401368141174,230136000
2000-09-07 00:00:00-04:00,0.3135420083999634,0.3260419964790344,0.30052098631858826,0.32552099227905273,239760000
2000-09-08 00:00:00-04:00,0.3218750059604645,0.3291670083999634,0.3052079975605011,0.3062500059604645,222648000
2000-09-11 00:00:00-04:00,0.3023439943790436,0.3041670024394989,0.2822920083999634,0.29374998807907104,285888000
2000-09-12 00:00:00-04:00,0.2940100133419037,0.30937498807907104,0.2874999940395355,0.2919270098209381,125976000
2000-09-13 00:00:00-04:00,0.29114601016044617,0.29661500453948975,0.28489598631858826,0.291797012090683,239976000
2000-09-14 00:00:00-04:00,0.29322901368141174,0.3062500059604645,0.28541699051856995,0.2890630066394806,216336000
2000-09-15 00:00:00-04:00,0.2874999940395355,0.29947900772094727,0.28541699051856995,0.2953779995441437,242592000
2000-09-18 00:00:00-04:00,0.29609400033950806,0.2979170083999634,0.2750000059604645,0.27812498807907104,163488000
2000-09-19 00:00:00-04:00,0.26536500453948975,0.2874999940395355,0.26249998807907104,0.2867189943790436,301104000
2000-09-20 00:00:00-04:00,0.278905987739563,0.28437501192092896,0.2729170024394989,0.2773439884185791,227568000
2000-09-21 00:00:00-04:00,0.2794269919395447,0.29557299613952637,0.2791669964790344,0.2892580032348633,346824000
2000-09-22 00:00:00-04:00,0.2606770098209381,0.2979170083999634,0.26041701436042786,0.29427099227905273,387264000
2000-09-25 00:00:00-04:00,0.3033849895000458,0.3197920024394989,0.30104199051856995,0.3153649866580963,467568000
2000-09-26 00:00:00-04:00,0.3187499940395355,0.3265630006790161,0.3041670024394989,0.32291701436042786,337344000
2000-09-27 00:00:00-04:00,0.3203130066394806,0.35572901368141174,0.3203130066394806,0.34062498807907104,676128000
2000-09-28 00:00:00-04:00,0.3375000059604645,0.3531250059604645,0.3291670083999634,0.3510420024394989,333816000
2000-09-29 00:00:00-04:00,0.34114599227905273,0.35416701436042786,0.3354170024394989,0.34114599227905273,373872000
2000-10-02 00:00:00-04:00,0.3458330035209656,0.359375,0.32447901368141174,0.3330729901790619,340584000
2000-10-03 00:00:00-04:00,0.3348959982395172,0.3375000059604645,0.3125,0.31510400772094727,300264000
2000-10-04 00:00:00-04:00,0.30677101016044617,0.31666699051856995,0.30260398983955383,0.3114579916000366,419568000
2000-10-05 00:00:00-04:00,0.31380200386047363,0.31380200386047363,0.29765599966049194,0.3041670024394989,525048000
2000-10-06 00:00:00-04:00,0.30494800209999084,0.3070310056209564,0.28099000453948975,0.2851560115814209,1027176000
2000-10-09 00:00:00-04:00,0.2778649926185608,0.2958329916000366,0.2583329975605011,0.2914060056209564,665256000
2000-10-10 00:00:00-04:00,0.2791669964790344,0.29322901368141174,0.2666670083999634,0.26927098631858826,415944000
2000-10-11 00:00:00-04:00,0.2528649866580963,0.28645798563957214,0.2427079975605011,0.27161499857902527,535776000
2000-10-12 00:00:00-04:00,0.27760401368141174,0.29374998807907104,0.2583329975605011,0.26093798875808716,401616000
2000-10-13 00:00:00-04:00,0.2627600133419037,0.2791669964790344,0.25996100902557373,0.27135398983955383,578976000
2000-10-16 00:00:00-04:00,0.27135398983955383,0.27135398983955383,0.2588540017604828,0.2651039958000183,339216000
2000-10-17 00:00:00-04:00,0.2640630006790161,0.2651039958000183,0.24296900629997253,0.24583299458026886,463248000
2000-10-18 00:00:00-04:00,0.2299479991197586,0.25598999857902527,0.21900999546051025,0.24192699790000916,416952000
2000-10-19 00:00:00-04:00,0.25755199790000916,0.26875001192092896,0.25364598631858826,0.26536500453948975,294888000
2000-10-20 00:00:00-04:00,0.2591150104999542,0.296875,0.2572920024394989,0.2901040017604828,387360000
2000-10-23 00:00:00-04:00,0.2924480140209198,0.29427099227905273,0.2744790017604828,0.283594012260437,182112000
2000-10-24 00:00:00-04:00,0.2822920083999634,0.28697898983955383,0.2734380066394806,0.2744790017604828,193968000
2000-10-25 00:00:00-04:00,0.26692700386047363,0.27083298563957214,0.24869799613952637,0.2505210041999817,385512000
2000-10-26 00:00:00-04:00,0.2520830035209656,0.27083298563957214,0.234375,0.2611980140209198,265776000
2000-10-27 00:00:00-04:00,0.26145800948143005,0.26790401339530945,0.24583299458026886,0.25520798563957214,210960000
2000-10-30 00:00:00-05:00,0.2510420083999634,0.25670599937438965,0.23697899281978607,0.2372400015592575,192120000
2000-10-31 00:00:00-05:00,0.2466149926185608,0.26302099227905273,0.23906299471855164,0.25891900062561035,299256000
2000-11-01 00:00:00-05:00,0.25260400772094727,0.26249998807907104,0.24375000596046448,0.2588540017604828,304536000
2000-11-02 00:00:00-05:00,0.267969012260437,0.28541699051856995,0.2635419964790344,0.27864599227905273,192888000
2000-11-03 00:00:00-05:00,0.2750000059604645,0.30208298563957214,0.2729170024394989,0.296875,268632000
2000-11-06 00:00:00-05:00,0.30390599370002747,0.33333298563957214,0.30208298563957214,0.3197920024394989,635040000
2000-11-07 00:00:00-05:00,0.3145830035209656,0.3145830035209656,0.2874999940395355,0.29817700386047363,258240000
2000-11-08 00:00:00-05:00,0.30156299471855164,0.30156299471855164,0.28489598631858826,0.28932300209999084,187080000
2000-11-09 00:00:00-05:00,0.2718749940395355,0.28541699051856995,0.24635399878025055,0.2591150104999542,564528000
2000-11-10 00:00:00-05:00,0.267969012260437,0.28125,0.23854200541973114,0.24505199491977692,805248000
2000-11-13 00:00:00-05:00,0.2328130006790161,0.2729170024394989,0.22499999403953552,0.2460940033197403,530040000
2000-11-14 00:00:00-05:00,0.26249998807907104,0.29322901368141174,0.26041701436042786,0.29114601016044617,470736000
2000-11-15 00:00:00-05:00,0.28593799471855164,0.2950519919395447,0.27421900629997253,0.28730499744415283,423864000
2000-11-16 00:00:00-05:00,0.2791669964790344,0.28645798563957214,0.2666670083999634,0.26927098631858826,235536000
2000-11-17 00:00:00-05:00,0.27135398983955383,0.2851560115814209,0.25520798563957214,0.2640630006790161,178776000
2000-11-20 00:00:00-05:00,0.2542969882488251,0.2544269859790802,0.24088500440120697,0.24375000596046448,298752000
2000-11-21 00:00:00-05:00,0.25416699051856995,0.2562499940395355,0.2265630066394806,0.23906299471855164,382512000
2000-11-22 00:00:00-05:00,0.22916699945926666,0.23645800352096558,0.21666699647903442,0.2265630066394806,409752000
2000-11-24 00:00:00-05:00,0.22916699945926666,0.2484380006790161,0.22916699945926666,0.23958300054073334,165072000
2000-11-27 00:00:00-05:00,0.2567709982395172,0.2583329975605011,0.22193999588489532,0.2315099984407425,363864000
2000-11-28 00:00:00-05:00,0.23502600193023682,0.23749999701976776,0.20911499857902527,0.21425800025463104,382344000
2000-11-29 00:00:00-05:00,0.21744799613952637,0.21770800650119781,0.18489600718021393,0.20104199647903442,636408000
2000-11-30 00:00:00-05:00,0.18385399878025055,0.18385399878025055,0.15156300365924835,0.16875000298023224,981624000
2000-12-01 00:00:00-05:00,0.1791670024394989,0.203125,0.17812499403953552,0.18541699647903442,784080000
2000-12-04 00:00:00-05:00,0.18658900260925293,0.19270800054073334,0.17395800352096558,0.18828099966049194,474264000
2000-12-05 00:00:00-05:00,0.2015630006790161,0.20885400474071503,0.18281300365924835,0.20052100718021393,997224000
2000-12-06 00:00:00-05:00,0.19661499559879303,0.20208300650119781,0.17083300650119781,0.171875,950928000
2000-12-07 00:00:00-05:00,0.1635420024394989,0.17786499857902527,0.1546880006790161,0.16875000298023224,785184000
2000-12-08 00:00:00-05:00,0.18619799613952637,0.20833300054073334,0.1688150018453598,0.20729200541973114,853392000
2000-12-11 00:00:00-05:00,0.20052100718021393,0.2114579975605011,0.1953130066394806,0.20729200541973114,757632000
2000-12-12 00:00:00-05:00,0.20208300650119781,0.20572899281978607,0.1947920024394989,0.2015630006790161,409512000
2000-12-13 00:00:00-05:00,0.20078100264072418,0.20416699349880219,0.18229199945926666,0.1859380006790161,675072000
2000-12-14 00:00:00-05:00,0.1846349984407425,0.18619799613952637,0.16875000298023224,0.17317700386047363,569016000
2000-12-15 00:00:00-05:00,0.16223999857902527,0.1723960041999817,0.15520800650119781,0.15599000453948975,1094424000
2000-12-18 00:00:00-05:00,0.16249999403953552,0.16666699945926666,0.15885399281978607,0.16113300621509552,658872000
2000-12-19 00:00:00-05:00,0.1635420024394989,0.17812499403953552,0.14583300054073334,0.1489579975605011,946200000
2000-12-20 00:00:00-05:00,0.14140599966049194,0.16197900474071503,0.1255210041999817,0.1328130066394806,1105392000
2000-12-21 00:00:00-05:00,0.13098999857902527,0.1489579975605011,0.11458300054073334,0.11614599823951721,845256000
2000-12-22 00:00:00-05:00,0.1255210041999817,0.15937499701976776,0.1255210041999817,0.14609399437904358,949080000
2000-12-26 00:00:00-05:00,0.1479170024394989,0.1494790017604828,0.13072900474071503,0.1401039958000183,343824000
2000-12-27 00:00:00-05:00,0.13854199647903442,0.15520800650119781,0.1328130066394806,0.1494790017604828,339456000
2000-12-28 00:00:00-05:00,0.1434900015592575,0.15416699647903442,0.1411460041999817,0.15026000142097473,419232000
2000-12-29 00:00:00-05:00,0.15000000596046448,0.15494799613952637,0.1333329975605011,0.13652299344539642,495168000
2001-01-02 00:00:00-05:00,0.13750000298023224,0.13932299613952637,0.12421900033950806,0.12473999708890915,290808000
2001-01-03 00:00:00-05:00,0.12083300203084946,0.16432300209999084,0.1177079975605011,0.1630209982395172,910368000
2001-01-04 00:00:00-05:00,0.1601559966802597,0.1859380006790161,0.1557289958000183,0.18177099525928497,815448000
2001-01-05 00:00:00-05:00,0.1802079975605011,0.18098999559879303,0.15104199945926666,0.154557004570961,432768000
2001-01-08 00:00:00-05:00,0.15026000142097473,0.17604200541973114,0.15026000142097473,0.16927100718021393,573768000
2001-01-09 00:00:00-05:00,0.17161500453948975,0.17604200541973114,0.16328099370002747,0.17265599966049194,302904000
2001-01-10 00:00:00-05:00,0.16380199790000916,0.18541699647903442,0.15989600121974945,0.1846349984407425,392928000
2001-01-11 00:00:00-05:00,0.1802079975605011,0.20781299471855164,0.17708300054073334,0.20000000298023224,447648000
2001-01-12 00:00:00-05:00,0.20338499546051025,0.21562500298023224,0.19374999403953552,0.1958329975605011,669000000
2001-01-16 00:00:00-05:00,0.19687500596046448,0.19687500596046448,0.17734399437904358,0.18046900629997253,414984000
2001-01-17 00:00:00-05:00,0.1942709982395172,0.20000000298023224,0.18619799613952637,0.1869789958000183,592584000
2001-01-18 00:00:00-05:00,0.1869789958000183,0.22812500596046448,0.18281300365924835,0.22285200655460358,948168000
2001-01-19 00:00:00-05:00,0.22916699945926666,0.23749999701976776,0.21354199945926666,0.21692700684070587,1018704000
2001-01-22 00:00:00-05:00,0.2104170024394989,0.21875,0.20234400033950806,0.20833300054073334,377712000
2001-01-23 00:00:00-05:00,0.20572899281978607,0.23333300650119781,0.20468799769878387,0.2291020005941391,433632000
2001-01-24 00:00:00-05:00,0.22890600562095642,0.23125000298023224,0.2148440033197403,0.22812500596046448,451728000
2001-01-25 00:00:00-05:00,0.22031299769878387,0.22083300352096558,0.20052100718021393,0.20520800352096558,440016000
2001-01-26 00:00:00-05:00,0.19374999403953552,0.21419300138950348,0.19231800734996796,0.21171900629997253,259248000
2001-01-29 00:00:00-05:00,0.20520800352096558,0.21302099525928497,0.19791699945926666,0.21276000142097473,354168000
2001-01-30 00:00:00-05:00,0.21614600718021393,0.2220049947500229,0.2119790017604828,0.21744799613952637,243720000
2001-01-31 00:00:00-05:00,0.21770800650119781,0.2260420024394989,0.2104170024394989,0.21510399878025055,358344000
2001-02-01 00:00:00-05:00,0.21510399878025055,0.21770800650119781,0.20572899281978607,0.2162110060453415,371856000
2001-02-02 00:00:00-05:00,0.21640600264072418,0.22135399281978607,0.19374999403953552,0.1953130066394806,320520000
2001-02-05 00:00:00-05:00,0.19505199790000916,0.1963540017604828,0.1835940033197403,0.19505199790000916,367584000
2001-02-06 00:00:00-05:00,0.1914059966802597,0.20000000298023224,0.19095100462436676,0.19609400629997253,250440000
2001-02-07 00:00:00-05:00,0.1947920024394989,0.1963540017604828,0.17656299471855164,0.1869789958000183,720384000
2001-02-08 00:00:00-05:00,0.1880210041999817,0.1986979991197586,0.18515600264072418,0.1859380006790161,384288000
2001-02-09 00:00:00-05:00,0.18437500298023224,0.18567700684070587,0.17786499857902527,0.1846349984407425,259608000
2001-02-12 00:00:00-05:00,0.18255199491977692,0.1846349984407425,0.17083300650119781,0.1796880066394806,354336000
2001-02-13 00:00:00-05:00,0.1830729991197586,0.19374999403953552,0.18098999559879303,0.18515600264072418,467736000
2001-02-14 00:00:00-05:00,0.18281300365924835,0.20416699349880219,0.17499999701976776,0.1986979991197586,690888000
2001-02-15 00:00:00-05:00,0.2260420024394989,0.23906299471855164,0.22447900474071503,0.23515599966049194,1108512000
2001-02-16 00:00:00-05:00,0.2231770008802414,0.25416699051856995,0.22291700541973114,0.24791699647903442,1081176000
2001-02-20 00:00:00-05:00,0.2416670024394989,0.24687500298023224,0.22291700541973114,0.2231770008802414,701304000
2001-02-21 00:00:00-05:00,0.2148440033197403,0.2427079975605011,0.21250000596046448,0.23333300650119781,646512000
2001-02-22 00:00:00-05:00,0.23203100264072418,0.25,0.22499999403953552,0.2432290017604828,815304000
2001-02-23 00:00:00-05:00,0.24192699790000916,0.24583299458026886,0.21875,0.22643199563026428,1034664000
2001-02-26 00:00:00-05:00,0.21979199349880219,0.2260420024394989,0.21171900629997253,0.22135399281978607,751824000
2001-02-27 00:00:00-05:00,0.2158849984407425,0.22447900474071503,0.20677100121974945,0.20807300508022308,533832000
2001-02-28 00:00:00-05:00,0.2065100073814392,0.21875,0.18229199945926666,0.18619799613952637,784056000
2001-03-01 00:00:00-05:00,0.18385399878025055,0.20416699349880219,0.16666699945926666,0.2009110003709793,915288000
2001-03-02 00:00:00-05:00,0.18645800650119781,0.1997399926185608,0.1791670024394989,0.18157599866390228,1413504000
2001-03-05 00:00:00-05:00,0.17447899281978607,0.1880210041999817,0.17343799769878387,0.18333299458026886,742296000
2001-03-06 00:00:00-05:00,0.19270800054073334,0.2075520008802414,0.18945300579071045,0.20104199647903442,834408000
2001-03-07 00:00:00-05:00,0.20546899735927582,0.21770800650119781,0.20182299613952637,0.2171880006790161,938280000
2001-03-08 00:00:00-05:00,0.2109380066394806,0.22682300209999084,0.2109380066394806,0.22447900474071503,829344000
2001-03-09 00:00:00-05:00,0.21276000142097473,0.21380199491977692,0.18906299769878387,0.20859399437904358,1216776000
2001-03-12 00:00:00-05:00,0.2015630006790161,0.2109380066394806,0.19218799471855164,0.20104199647903442,762144000
2001-03-13 00:00:00-05:00,0.2036460041999817,0.22812500596046448,0.2026039958000183,0.22499999403953552,1082352000
2001-03-14 00:00:00-05:00,0.2148440033197403,0.23854200541973114,0.2148440033197403,0.2377600073814392,1351128000
2001-03-15 00:00:00-05:00,0.252344012260437,0.26556000113487244,0.2432290017604828,0.2494789958000183,1875984000
2001-03-16 00:00:00-05:00,0.2455729991197586,0.25520798563957214,0.2382809966802597,0.2484380006790161,1225200000
2001-03-19 00:00:00-05:00,0.2471349984407425,0.2645829916000366,0.23365899920463562,0.2627600133419037,943896000
2001-03-20 00:00:00-05:00,0.25963500142097473,0.27604201436042786,0.23541699349880219,0.2382809966802597,1990560000
2001-03-21 00:00:00-05:00,0.2388020008802414,0.26302099227905273,0.23749999701976776,0.25598999857902527,1877352000
2001-03-22 00:00:00-05:00,0.2583329975605011,0.28281301259994507,0.2562499940395355,0.2817710041999817,1697760000
2001-03-23 00:00:00-05:00,0.28697898983955383,0.29218798875808716,0.2651039958000183,0.2791669964790344,1509672000
2001-03-26 00:00:00-05:00,0.2791669964790344,0.2958329916000366,0.2791669964790344,0.29427099227905273,1542960000
2001-03-27 00:00:00-05:00,0.2885420024394989,0.2986980080604553,0.27135398983955383,0.283594012260437,1702152000
2001-03-28 00:00:00-05:00,0.2757810056209564,0.29114601016044617,0.2750000059604645,0.2837890088558197,1433280000
2001-03-29 00:00:00-05:00,0.28131499886512756,0.2979170083999634,0.27552101016044617,0.2880209982395172,1632960000
2001-03-30 00:00:00-05:00,0.28593799471855164,0.2914060056209564,0.26875001192092896,0.2705079913139343,1423176000
2001-04-02 00:00:00-04:00,0.26979199051856995,0.2763020098209381,0.25572898983955383,0.2591150104999542,1265160000
2001-04-03 00:00:00-04:00,0.25520798563957214,0.2747400104999542,0.2549479901790619,0.2677080035209656,1991616000
2001-04-04 00:00:00-04:00,0.25755199790000916,0.25807300209999084,0.22421899437904358,0.24010400474071503,3362472000
2001-04-05 00:00:00-04:00,0.25598999857902527,0.26640599966049194,0.24895800650119781,0.2622399926185608,1724760000
2001-04-06 00:00:00-04:00,0.2588540017604828,0.2750000059604645,0.2544269859790802,0.2611980140209198,1547664000
2001-04-09 00:00:00-04:00,0.26625001430511475,0.272707998752594,0.24437500536441803,0.2485000044107437,1097160000
2001-04-10 00:00:00-04:00,0.2544580101966858,0.2800000011920929,0.25212499499320984,0.27195799350738525,1186416000
2001-04-11 00:00:00-04:00,0.28870800137519836,0.2991670072078705,0.28041699528694153,0.28837499022483826,1426872000
2001-04-12 00:00:00-04:00,0.2830420136451721,0.3052079975605011,0.2776249945163727,0.29270800948143005,1440264000
2001-04-16 00:00:00-04:00,0.2874999940395355,0.2935419976711273,0.280333012342453,0.2855829894542694,764112000
2001-04-17 00:00:00-04:00,0.281374990940094,0.3018749952316284,0.28125,0.29958298802375793,1112448000
2001-04-18 00:00:00-04:00,0.31220799684524536,0.35166698694229126,0.31220799684524536,0.32191699743270874,2301864000
2001-04-19 00:00:00-04:00,0.32374998927116394,0.3551250100135803,0.3222920000553131,0.3495829999446869,1632264000
2001-04-20 00:00:00-04:00,0.3453750014305115,0.37495800852775574,0.3362500071525574,0.3623329997062683,1773840000
2001-04-23 00:00:00-04:00,0.3544580042362213,0.3547919988632202,0.33958300948143005,0.343207985162735,1239000000
2001-04-24 00:00:00-04:00,0.3422499895095825,0.36787500977516174,0.3135420083999634,0.31891700625419617,1828320000
2001-04-25 00:00:00-04:00,0.31975001096725464,0.34495800733566284,0.3185420036315918,0.3335829973220825,1423728000
2001-04-26 00:00:00-04:00,0.34083300828933716,0.34083300828933716,0.3041670024394989,0.30729201436042786,1486008000
2001-04-27 00:00:00-04:00,0.31916698813438416,0.3305419981479645,0.3129580020904541,0.3291670083999634,915672000
2001-04-30 00:00:00-04:00,0.33812499046325684,0.366457998752594,0.3309580087661743,0.3470830023288727,1583280000
2001-05-01 00:00:00-04:00,0.3483330011367798,0.38041698932647705,0.3427079916000366,0.37950000166893005,1867368000
2001-05-02 00:00:00-04:00,0.3893750011920929,0.3893750011920929,0.36583301424980164,0.3707920014858246,1547784000
2001-05-03 00:00:00-04:00,0.3595829904079437,0.37083300948143005,0.3573330044746399,0.3691670000553131,960504000
2001-05-04 00:00:00-04:00,0.3583329916000366,0.3801249861717224,0.35666701197624207,0.37424999475479126,953520000
2001-05-07 00:00:00-04:00,0.3728330135345459,0.39375001192092896,0.36845800280570984,0.39104199409484863,975600000
2001-05-08 00:00:00-04:00,0.39683300256729126,0.3970000147819519,0.35941699147224426,0.36274999380111694,1620144000
2001-05-09 00:00:00-04:00,0.35120800137519836,0.358832985162735,0.34333300590515137,0.34575000405311584,1319040000
2001-05-10 00:00:00-04:00,0.3557499945163727,0.3599579930305481,0.33000001311302185,0.33412501215934753,998904000
2001-05-11 00:00:00-04:00,0.33329200744628906,0.3354170024394989,0.31891700625419617,0.32558301091194153,921216000
2001-05-14 00:00:00-04:00,0.3265419900417328,0.3322499990463257,0.3147920072078705,0.3283750116825104,702432000
2001-05-15 00:00:00-04:00,0.33125001192092896,0.35416701436042786,0.32749998569488525,0.34016698598861694,1242600000
2001-05-16 00:00:00-04:00,0.3323749899864197,0.3583329916000366,0.33024999499320984,0.3562079966068268,957096000
2001-05-17 00:00:00-04:00,0.35737499594688416,0.3729169964790344,0.3518750071525574,0.36250001192092896,919056000
2001-05-18 00:00:00-04:00,0.3612920045852661,0.37083300948143005,0.35249999165534973,0.3595829904079437,575832000
2001-05-21 00:00:00-04:00,0.3587920069694519,0.3833329975605011,0.35158300399780273,0.37583300471305847,1064688000
2001-05-22 00:00:00-04:00,0.38133299350738525,0.3908329904079437,0.3666670024394989,0.3870829939842224,1049976000
2001-05-23 00:00:00-04:00,0.40229201316833496,0.41666701436042786,0.37916699051856995,0.3837920129299164,2244912000
2001-05-24 00:00:00-04:00,0.3812499940395355,0.39933300018310547,0.36979201436042786,0.3894580006599426,1680576000
2001-05-25 00:00:00-04:00,0.3816249966621399,0.3872919976711273,0.375,0.382082998752594,947952000
2001-05-29 00:00:00-04:00,0.3799169957637787,0.3799999952316284,0.36125001311302185,0.3664169907569885,920568000
2001-05-30 00:00:00-04:00,0.3577919900417328,0.37595799565315247,0.3558329939842224,0.3595829904079437,3308904000
2001-05-31 00:00:00-04:00,0.3624579906463623,0.36458298563957214,0.3490000069141388,0.35670799016952515,1262928000
2001-06-01 00:00:00-04:00,0.3591670095920563,0.37950000166893005,0.3570829927921295,0.37645798921585083,1022472000
2001-06-04 00:00:00-04:00,0.3767080008983612,0.37870800495147705,0.3656669855117798,0.37062498927116394,621552000
2001-06-05 00:00:00-04:00,0.3702079951763153,0.3939580023288727,0.36958301067352295,0.390082985162735,987168000
2001-06-06 00:00:00-04:00,0.391541987657547,0.3968749940395355,0.3858329951763153,0.3917500078678131,698976000
2001-06-07 00:00:00-04:00,0.38829201459884644,0.41499999165534973,0.38541701436042786,0.413875013589859,1141152000
2001-06-08 00:00:00-04:00,0.4126250147819519,0.41324999928474426,0.3988330066204071,0.40312498807907104,712680000
2001-06-11 00:00:00-04:00,0.40370801091194153,0.4041669964790344,0.38508298993110657,0.3913330137729645,581928000
2001-06-12 00:00:00-04:00,0.3831250071525574,0.41020798683166504,0.3822920024394989,0.40437498688697815,1102728000
2001-06-13 00:00:00-04:00,0.40733298659324646,0.41350001096725464,0.3872919976711273,0.39079201221466064,938712000
2001-06-14 00:00:00-04:00,0.3857499957084656,0.39662501215934753,0.38020798563957214,0.389957994222641,946152000
2001-06-15 00:00:00-04:00,0.38541701436042786,0.4029169976711273,0.37825000286102295,0.39604198932647705,1094544000
2001-06-18 00:00:00-04:00,0.3950420022010803,0.4014579951763153,0.3760420083999634,0.3803749978542328,856656000
2001-06-19 00:00:00-04:00,0.3875420093536377,0.3965829908847809,0.3518750071525574,0.3595829904079437,1513128000
2001-06-20 00:00:00-04:00,0.35295799374580383,0.37916699051856995,0.34562501311302185,0.37504199147224426,1759200000
2001-06-21 00:00:00-04:00,0.37354201078414917,0.38874998688697815,0.36354199051856995,0.38212499022483826,1484568000
2001-06-22 00:00:00-04:00,0.38020798563957214,0.3903749883174896,0.37541699409484863,0.38041698932647705,761184000
2001-06-25 00:00:00-04:00,0.3846670091152191,0.38624998927116394,0.36858299374580383,0.3796670138835907,640032000
2001-06-26 00:00:00-04:00,0.3712500035762787,0.39250001311302185,0.36979201436042786,0.390625,757920000
2001-06-27 00:00:00-04:00,0.38874998688697815,0.3895829916000366,0.3719170093536377,0.3785420060157776,895752000
2001-06-28 00:00:00-04:00,0.38362500071525574,0.3885419964790344,0.37916699051856995,0.382999986410141,909336000
2001-06-29 00:00:00-04:00,0.3843750059604645,0.39250001311302185,0.3800419867038727,0.38645800948143005,730920000
2001-07-02 00:00:00-04:00,0.37116700410842896,0.3742919862270355,0.36375001072883606,0.3693329989910126,1040016000
2001-07-03 00:00:00-04:00,0.3667919933795929,0.37791699171066284,0.36491701006889343,0.37404200434684753,406296000
2001-07-05 00:00:00-04:00,0.36958301067352295,0.37187498807907104,0.34645798802375793,0.3469170033931732,1020096000
2001-07-06 00:00:00-04:00,0.3417080044746399,0.34437501430511475,0.32958298921585083,0.3362500071525574,802824000
2001-07-09 00:00:00-04:00,0.3318749964237213,0.33991700410842896,0.3220829963684082,0.3252499997615814,1014072000
2001-07-10 00:00:00-04:00,0.32958298921585083,0.3339579999446869,0.32395800948143005,0.3279170095920563,1221744000
2001-07-11 00:00:00-04:00,0.32666701078414917,0.3325420022010803,0.3171670138835907,0.32729199528694153,904632000
2001-07-12 00:00:00-04:00,0.3427079916000366,0.34687501192092896,0.3343749940395355,0.3444580137729645,981552000
2001-07-13 00:00:00-04:00,0.3419170081615448,0.3456670045852661,0.3302080035209656,0.33733299374580383,690144000
2001-07-16 00:00:00-04:00,0.33354198932647705,0.3375000059604645,0.30854201316833496,0.3102079927921295,1191696000
2001-07-17 00:00:00-04:00,0.3050000071525574,0.33058300614356995,0.30208298563957214,0.3275420069694519,1169904000
2001-07-18 00:00:00-04:00,0.31975001096725464,0.3285830020904541,0.3095000088214874,0.31620800495147705,840984000
2001-07-19 00:00:00-04:00,0.32079198956489563,0.33466699719429016,0.31587499380111694,0.3212920129299164,840024000
2001-07-20 00:00:00-04:00,0.313291996717453,0.32041698694229126,0.30208298563957214,0.3120419979095459,742464000
2001-07-23 00:00:00-04:00,0.3125,0.31291699409484863,0.28212499618530273,0.2824999988079071,1547976000
2001-07-24 00:00:00-04:00,0.2862919867038727,0.3018749952316284,0.28025001287460327,0.30162501335144043,1365312000
2001-07-25 00:00:00-04:00,0.3010829985141754,0.3016670048236847,0.2886669933795929,0.2987079918384552,1245888000
2001-07-26 00:00:00-04:00,0.29587501287460327,0.33125001192092896,0.2943750023841858,0.3291670083999634,1714152000
2001-07-27 00:00:00-04:00,0.32854199409484863,0.3411250114440918,0.3187499940395355,0.3375000059604645,1094688000
2001-07-30 00:00:00-04:00,0.3379170000553131,0.3392919898033142,0.3258329927921295,0.32945799827575684,582288000
2001-07-31 00:00:00-04:00,0.3299170136451721,0.33854201436042786,0.31791698932647705,0.33708301186561584,1187760000
2001-08-01 00:00:00-04:00,0.34370800852775574,0.35941699147224426,0.3413330018520355,0.3576669991016388,1204944000
2001-08-02 00:00:00-04:00,0.3622080087661743,0.3674579858779907,0.34995800256729126,0.36616700887680054,1097928000
2001-08-03 00:00:00-04:00,0.36250001192092896,0.36891698837280273,0.35566699504852295,0.36329200863838196,820344000
2001-08-06 00:00:00-04:00,0.36070799827575684,0.3779999911785126,0.35683301091194153,0.3742919862270355,1292568000
2001-08-07 00:00:00-04:00,0.374208003282547,0.3760420083999634,0.3643749952316284,0.3687500059604645,1088616000
2001-08-08 00:00:00-04:00,0.3655419945716858,0.375,0.3577499985694885,0.359375,1125696000
2001-08-09 00:00:00-04:00,0.35770800709724426,0.3647499978542328,0.34666699171066284,0.3530830144882202,1643616000
2001-08-10 00:00:00-04:00,0.35291698575019836,0.35749998688697815,0.34208300709724426,0.3526670038700104,1036488000
2001-08-13 00:00:00-04:00,0.358707994222641,0.3714579939842224,0.35337498784065247,0.3674579858779907,1514784000
2001-08-14 00:00:00-04:00,0.36079201102256775,0.3631249964237213,0.35316699743270874,0.35770800709724426,2321160000
2001-08-15 00:00:00-04:00,0.36579200625419617,0.3700830042362213,0.3549579977989197,0.3581250011920929,1816392000
2001-08-16 00:00:00-04:00,0.35154199600219727,0.3737500011920929,0.3501250147819519,0.3732079863548279,1026096000
2001-08-17 00:00:00-04:00,0.36375001072883606,0.3684999942779541,0.34608298540115356,0.34904199838638306,1668840000
2001-08-20 00:00:00-04:00,0.3468329906463623,0.3503749966621399,0.335999995470047,0.3466250002384186,1183320000
2001-08-21 00:00:00-04:00,0.3474999964237213,0.35666701197624207,0.33879199624061584,0.3393329977989197,1186656000
2001-08-22 00:00:00-04:00,0.3453330099582672,0.3536669909954071,0.3343749940395355,0.35329198837280273,1498104000
2001-08-23 00:00:00-04:00,0.3520829975605011,0.3566249907016754,0.34375,0.3454580008983612,1013592000
2001-08-24 00:00:00-04:00,0.34916698932647705,0.3624579906463623,0.34712499380111694,0.35533300042152405,1110936000
2001-08-27 00:00:00-04:00,0.3473750054836273,0.37233299016952515,0.3460420072078705,0.36762499809265137,1279608000
2001-08-28 00:00:00-04:00,0.36662501096725464,0.3747920095920563,0.36000001430511475,0.3628329932689667,1178760000
2001-08-29 00:00:00-04:00,0.3638330101966858,0.3661249876022339,0.34812501072883606,0.3511669933795929,1435800000
2001-08-30 00:00:00-04:00,0.34458300471305847,0.35249999165534973,0.3364579975605011,0.3500419855117798,1431312000
2001-08-31 00:00:00-04:00,0.34770798683166504,0.3561669886112213,0.34312498569488525,0.35295799374580383,887904000
2001-09-04 00:00:00-04:00,0.35199999809265137,0.35199999809265137,0.3259580135345459,0.32841700315475464,1856136000
2001-09-05 00:00:00-04:00,0.328125,0.3379170000553131,0.3147920072078705,0.3354170024394989,2395584000
2001-09-06 00:00:00-04:00,0.328792005777359,0.3391669988632202,0.32020801305770874,0.32170799374580383,1950768000
2001-09-07 00:00:00-04:00,0.31666699051856995,0.33000001311302185,0.3149999976158142,0.3250829875469208,1970256000
2001-09-10 00:00:00-04:00,0.3223330080509186,0.32729199528694153,0.30912500619888306,0.3156670033931732,1872360000
2001-09-17 00:00:00-04:00,0.29600000381469727,0.3032500147819519,0.2818329930305481,0.28325000405311584,1138596000
2001-09-18 00:00:00-04:00,0.2887499928474426,0.2908329963684082,0.25975000858306885,0.266167014837265,894372000
2001-09-19 00:00:00-04:00,0.2676669955253601,0.2707499861717224,0.22550000250339508,0.26291701197624207,1561908000
2001-09-20 00:00:00-04:00,0.24883300065994263,0.25791698694229126,0.23333300650119781,0.24066700041294098,1470696000
2001-09-21 00:00:00-04:00,0.22208300232887268,0.23566700518131256,0.21674999594688416,0.22474999725818634,1226304000
2001-09-24 00:00:00-04:00,0.2425830066204071,0.2536669969558716,0.23183299601078033,0.25,1507500000
2001-09-25 00:00:00-04:00,0.25075000524520874,0.26158300042152405,0.2395000010728836,0.24025000631809235,941724000
2001-09-26 00:00:00-04:00,0.24333299696445465,0.2441670000553131,0.22916699945926666,0.23158299922943115,430812000
2001-09-27 00:00:00-04:00,0.23074999451637268,0.23333300650119781,0.2125830054283142,0.21875,907296000
2001-09-28 00:00:00-04:00,0.22499999403953552,0.2400829941034317,0.21541699767112732,0.22891700267791748,1044876000
2001-10-01 00:00:00-04:00,0.22875000536441803,0.23250000178813934,0.20583300292491913,0.2094999998807907,972804000
2001-10-02 00:00:00-04:00,0.2091670036315918,0.2175000011920929,0.18883299827575684,0.19900000095367432,1123032000
2001-10-03 00:00:00-04:00,0.1979999989271164,0.25075000524520874,0.1979999989271164,0.23816700279712677,1798824000
2001-10-04 00:00:00-04:00,0.25083300471305847,0.28166699409484863,0.24216699600219727,0.2690829932689667,1980576000
2001-10-05 00:00:00-04:00,0.26499998569488525,0.28075000643730164,0.2549169957637787,0.274167001247406,1078212000
2001-10-08 00:00:00-04:00,0.2633329927921295,0.29074999690055847,0.2633329927921295,0.280333012342453,765900000
2001-10-09 00:00:00-04:00,0.28108298778533936,0.28666698932647705,0.2601670026779175,0.26816698908805847,917556000
2001-10-10 00:00:00-04:00,0.26341700553894043,0.2874999940395355,0.26166701316833496,0.28541699051856995,968124000
2001-10-11 00:00:00-04:00,0.3006669878959656,0.3171670138835907,0.29908299446105957,0.31633299589157104,918000000
2001-10-12 00:00:00-04:00,0.30833300948143005,0.3375000059604645,0.3072499930858612,0.3369170129299164,1253100000
2001-10-15 00:00:00-04:00,0.3270829916000366,0.3458330035209656,0.31791698932647705,0.3354170024394989,908568000
2001-10-16 00:00:00-04:00,0.33500000834465027,0.3718329966068268,0.32808300852775574,0.3691670000553131,1383852000
2001-10-17 00:00:00-04:00,0.37733298540115356,0.3774999976158142,0.3458330035209656,0.3474999964237213,1695540000
2001-10-18 00:00:00-04:00,0.3474999964237213,0.36558300256729126,0.34666699171066284,0.36216700077056885,1020864000
2001-10-19 00:00:00-04:00,0.3569999933242798,0.375,0.35249999165534973,0.3696669936180115,1059264000
2001-10-22 00:00:00-04:00,0.3669170141220093,0.3833329975605011,0.35874998569488525,0.3784169852733612,970824000
2001-10-23 00:00:00-04:00,0.38324999809265137,0.390082985162735,0.36333298683166504,0.37174999713897705,953028000
2001-10-24 00:00:00-04:00,0.36500000953674316,0.38908299803733826,0.36083298921585083,0.38816699385643005,1212144000
2001-10-25 00:00:00-04:00,0.37916699051856995,0.41783300042152405,0.37333300709724426,0.4109170138835907,1152396000
2001-10-26 00:00:00-04:00,0.4080829918384552,0.42033299803733826,0.37916699051856995,0.38158300518989563,1097124000
2001-10-29 00:00:00-05:00,0.38291698694229126,0.3895829916000366,0.35016700625419617,0.3505829870700836,1004796000
2001-10-30 00:00:00-05:00,0.34416699409484863,0.36616700887680054,0.3362500071525574,0.3499999940395355,1153380000
2001-10-31 00:00:00-05:00,0.36308300495147705,0.3729169964790344,0.3520829975605011,0.35716700553894043,989292000
2001-11-01 00:00:00-05:00,0.3617500066757202,0.39058300852775574,0.35624998807907104,0.3876670002937317,1093776000
2001-11-02 00:00:00-05:00,0.3859170079231262,0.397832989692688,0.3716669976711273,0.39308300614356995,1087248000
2001-11-05 00:00:00-05:00,0.39991700649261475,0.4108330011367798,0.3919999897480011,0.3944999873638153,933456000
2001-11-06 00:00:00-05:00,0.39375001192092896,0.42341700196266174,0.3916670083999634,0.42158299684524536,1415376000
2001-11-07 00:00:00-05:00,0.4183329939842224,0.438167005777359,0.4159170091152191,0.42191699147224426,1419144000
2001-11-08 00:00:00-05:00,0.42716699838638306,0.4328329861164093,0.40208300948143005,0.4145829975605011,1915188000
2001-11-09 00:00:00-05:00,0.4329169988632202,0.4436669945716858,0.4249170124530792,0.4433329999446869,2270484000
2001-11-12 00:00:00-05:00,0.44166699051856995,0.4665830135345459,0.4281669855117798,0.45524999499320984,1458636000
2001-11-13 00:00:00-05:00,0.4566670060157776,0.4567500054836273,0.4449999928474426,0.4514999985694885,1446516000
2001-11-14 00:00:00-05:00,0.4548330008983612,0.4591670036315918,0.4266670048236847,0.43891701102256775,1150224000
2001-11-15 00:00:00-05:00,0.43391698598861694,0.44725000858306885,0.42841699719429016,0.4412499964237213,874944000
2001-11-16 00:00:00-05:00,0.44166699051856995,0.44633299112319946,0.43149998784065247,0.43741700053215027,496128000
2001-11-19 00:00:00-05:00,0.4417499899864197,0.4458329975605011,0.4041669964790344,0.4278329908847809,1943052000
2001-11-20 00:00:00-05:00,0.42991700768470764,0.43741700053215027,0.41108301281929016,0.4158329963684082,937884000
2001-11-21 00:00:00-05:00,0.40883299708366394,0.4214169979095459,0.39833301305770874,0.4104999899864197,728412000
2001-11-23 00:00:00-05:00,0.4120829999446869,0.41666701436042786,0.4050000011920929,0.41624999046325684,254016000
2001-11-26 00:00:00-05:00,0.4232499897480011,0.44658300280570984,0.4220829904079437,0.44600000977516174,1215780000
2001-11-27 00:00:00-05:00,0.44574999809265137,0.46083301305770874,0.4375,0.4507499933242798,1183992000
2001-11-28 00:00:00-05:00,0.4449999928474426,0.4524169862270355,0.4269999861717224,0.42800000309944153,740844000
2001-11-29 00:00:00-05:00,0.4590829908847809,0.46141698956489563,0.4449999928474426,0.4467499852180481,5135472000
2001-11-30 00:00:00-05:00,0.44658300280570984,0.4585829973220825,0.4399999976158142,0.45533299446105957,1034028000
2001-12-03 00:00:00-05:00,0.44574999809265137,0.4513329863548279,0.44041699171066284,0.4484170079231262,851496000
2001-12-04 00:00:00-05:00,0.45066699385643005,0.48500001430511475,0.45066699385643005,0.484499990940094,1384644000
2001-12-05 00:00:00-05:00,0.48833298683166504,0.5245829820632935,0.4879170060157776,0.5235829949378967,1707036000
2001-12-06 00:00:00-05:00,0.5195000171661377,0.5208330154418945,0.5022500157356262,0.5153329968452454,1138944000
2001-12-07 00:00:00-05:00,0.5115000009536743,0.5161669850349426,0.4906669855117798,0.49958300590515137,807036000
2001-12-10 00:00:00-05:00,0.49708300828933716,0.515999972820282,0.492917001247406,0.5045830011367798,695868000
2001-12-11 00:00:00-05:00,0.5134170055389404,0.5345829725265503,0.5083330273628235,0.5226669907569885,792252000
2001-12-12 00:00:00-05:00,0.5266669988632202,0.5391669869422913,0.5164999961853027,0.5389170050621033,1004628000
2001-12-13 00:00:00-05:00,0.5283330082893372,0.535082995891571,0.5213329792022705,0.5234169960021973,881400000
2001-12-14 00:00:00-05:00,0.5233330130577087,0.5495830178260803,0.5209169983863831,0.546999990940094,754680000
2001-12-17 00:00:00-05:00,0.5428329706192017,0.5745829939842224,0.5428329706192017,0.5666670203208923,1080960000
2001-12-18 00:00:00-05:00,0.5542500019073486,0.5620830059051514,0.5474169850349426,0.5520830154418945,886968000
2001-12-19 00:00:00-05:00,0.5429999828338623,0.554082989692688,0.5349169969558716,0.5370000004768372,854652000
2001-12-20 00:00:00-05:00,0.5391669869422913,0.5489169955253601,0.5139170289039612,0.5158330202102661,951228000
2001-12-21 00:00:00-05:00,0.5270829796791077,0.5416669845581055,0.5210000276565552,0.5381669998168945,723972000
2001-12-24 00:00:00-05:00,0.5379170179367065,0.554332971572876,0.5376669764518738,0.5515829920768738,265308000
2001-12-26 00:00:00-05:00,0.554332971572876,0.5745000243186951,0.5542500019073486,0.5650830268859863,642156000
2001-12-27 00:00:00-05:00,0.5699999928474426,0.5807499885559082,0.5691670179367065,0.5781670212745667,730152000
2001-12-28 00:00:00-05:00,0.5815830230712891,0.5854169726371765,0.558667004108429,0.5642499923706055,757680000
2001-12-31 00:00:00-05:00,0.5684170126914978,0.5716670155525208,0.5562499761581421,0.5575000047683716,737580000
2002-01-02 00:00:00-05:00,0.5599169731140137,0.5704169869422913,0.5458329916000366,0.5608329772949219,1298904000
2002-01-03 00:00:00-05:00,0.5619999766349792,0.6000000238418579,0.5616670250892639,0.597582995891571,1414752000
2002-01-04 00:00:00-05:00,0.6054999828338623,0.6054999828338623,0.5699999928474426,0.5801669955253601,936288000
2002-01-07 00:00:00-05:00,0.5824999809265137,0.5833330154418945,0.5567499995231628,0.5645830035209656,973068000
2002-01-08 00:00:00-05:00,0.5634170174598694,0.584833025932312,0.5615000128746033,0.5712500214576721,774360000
2002-01-09 00:00:00-05:00,0.5791670083999634,0.5895829796791077,0.555417001247406,0.5634170174598694,1141188000
2002-01-10 00:00:00-05:00,0.5604169964790344,0.5680829882621765,0.5450000166893005,0.5499169826507568,992508000
2002-01-11 00:00:00-05:00,0.553583025932312,0.5537499785423279,0.5234169960021973,0.525583028793335,1380852000
2002-01-14 00:00:00-05:00,0.524416983127594,0.5280830264091492,0.49799999594688416,0.49799999594688416,1369560000
2002-01-15 00:00:00-05:00,0.518750011920929,0.5448330044746399,0.5181670188903809,0.5444999933242798,1838808000
2002-01-16 00:00:00-05:00,0.5370830297470093,0.5405830144882202,0.5212500095367432,0.5232499837875366,1115388000
2002-01-17 00:00:00-05:00,0.5405830144882202,0.5416669845581055,0.5210000276565552,0.5415830016136169,1121544000
2002-01-18 00:00:00-05:00,0.521166980266571,0.5354170203208923,0.5208330154418945,0.5316669940948486,803676000
2002-01-22 00:00:00-05:00,0.536666989326477,0.538083016872406,0.5123329758644104,0.5183330178260803,1085028000
2002-01-23 00:00:00-05:00,0.5230000019073486,0.5318329930305481,0.5126670002937317,0.5280830264091492,889164000
2002-01-24 00:00:00-05:00,0.5333330035209656,0.5525000095367432,0.5220829844474792,0.546999990940094,1137684000
2002-01-25 00:00:00-05:00,0.5391669869422913,0.5591670274734497,0.5325000286102295,0.5455830097198486,817752000
2002-01-28 00:00:00-05:00,0.5562499761581421,0.5666670203208923,0.5507500171661377,0.566582977771759,924288000
2002-01-29 00:00:00-05:00,0.567916989326477,0.569582998752594,0.5299999713897705,0.5388330221176147,1381932000
2002-01-30 00:00:00-05:00,0.5416669845581055,0.5457500219345093,0.5287500023841858,0.5453330278396606,1218456000
2002-01-31 00:00:00-05:00,0.552416980266571,0.5566669702529907,0.5295829772949219,0.5478330254554749,973980000
2002-02-01 00:00:00-05:00,0.5469170212745667,0.5527499914169312,0.53125,0.5344169735908508,688272000
2002-02-04 00:00:00-05:00,0.5332499742507935,0.5462499856948853,0.508417010307312,0.5092499852180481,1104864000
2002-02-05 00:00:00-05:00,0.5058330297470093,0.5102499723434448,0.48441699147224426,0.5042499899864197,1474620000
2002-02-06 00:00:00-05:00,0.5175830125808716,0.5257499814033508,0.5074999928474426,0.5168330073356628,1242528000
2002-02-07 00:00:00-05:00,0.5174999833106995,0.5174999833106995,0.49766701459884644,0.5000830292701721,964476000
2002-02-08 00:00:00-05:00,0.5034170150756836,0.5062500238418579,0.4619170129299164,0.48100000619888306,1871292000
2002-02-11 00:00:00-05:00,0.4802500009536743,0.5083330273628235,0.47850000858306885,0.5075830221176147,1249224000
2002-02-12 00:00:00-05:00,0.49991700053215027,0.5279170274734497,0.4941670000553131,0.5183330178260803,1216500000
2002-02-13 00:00:00-05:00,0.5249999761581421,0.5338330268859863,0.5066670179367065,0.511667013168335,1230432000
2002-02-14 00:00:00-05:00,0.515999972820282,0.5287500023841858,0.5095000267028809,0.5180000066757202,1225692000
2002-02-15 00:00:00-05:00,0.4941670000553131,0.49708300828933716,0.47291699051856995,0.47791698575019836,3988548000
2002-02-19 00:00:00-05:00,0.45750001072883606,0.4622499942779541,0.44258299469947815,0.44624999165534973,1972524000
2002-02-20 00:00:00-05:00,0.43833300471305847,0.4745829999446869,0.4375,0.46958300471305847,1838736000
2002-02-21 00:00:00-05:00,0.4631670117378235,0.46333301067352295,0.4369170069694519,0.4375,1531044000
2002-02-22 00:00:00-05:00,0.42875000834465027,0.4337500035762787,0.41041699051856995,0.41600000858306885,2585616000
2002-02-25 00:00:00-05:00,0.41791701316833496,0.45183300971984863,0.41783300042152405,0.4485830068588257,1599564000
2002-02-26 00:00:00-05:00,0.45841699838638306,0.4662500023841858,0.44624999165534973,0.45833298563957214,1902672000
2002-02-27 00:00:00-05:00,0.46875,0.47075000405311584,0.44166699051856995,0.44291698932647705,1723224000
2002-02-28 00:00:00-05:00,0.4399999976158142,0.44791701436042786,0.421332985162735,0.4250830113887787,1585440000
2002-03-01 00:00:00-05:00,0.4291670024394989,0.4666669964790344,0.4279170036315918,0.46616700291633606,1311396000
2002-03-04 00:00:00-05:00,0.4675830006599426,0.4975000023841858,0.4630829989910126,0.49216699600219727,1484724000
2002-03-05 00:00:00-05:00,0.4845829904079437,0.504082977771759,0.4841670095920563,0.49091699719429016,1379448000
2002-03-06 00:00:00-05:00,0.4762499928474426,0.4810830056667328,0.4652499854564667,0.4754999876022339,1446060000
2002-03-07 00:00:00-05:00,0.48225000500679016,0.483832985162735,0.4584999978542328,0.47166699171066284,1346532000
2002-03-08 00:00:00-05:00,0.48066699504852295,0.4957500100135803,0.4783329963684082,0.4857499897480011,1270356000
2002-03-11 00:00:00-05:00,0.48041701316833496,0.4857499897480011,0.4720830023288727,0.48008298873901367,810540000
2002-03-12 00:00:00-05:00,0.4654169976711273,0.46791699528694153,0.45166701078414917,0.4549170136451721,1255032000
2002-03-13 00:00:00-05:00,0.45066699385643005,0.453916996717453,0.4449999928474426,0.44666698575019836,1031616000
2002-03-14 00:00:00-05:00,0.4433329999446869,0.4433329999446869,0.42100000381469727,0.42191699147224426,1139460000
2002-03-15 00:00:00-05:00,0.4249170124530792,0.4402500092983246,0.4168330132961273,0.43974998593330383,1248288000
2002-03-18 00:00:00-05:00,0.4477500021457672,0.45741701126098633,0.4347499907016754,0.43974998593330383,1236996000
2002-03-19 00:00:00-05:00,0.44291698932647705,0.4437499940395355,0.4278329908847809,0.430417001247406,846072000
2002-03-20 00:00:00-05:00,0.42333298921585083,0.4241670072078705,0.38624998927116394,0.3876670002937317,2292588000
2002-03-21 00:00:00-05:00,0.3942500054836273,0.41291698813438416,0.38383299112319946,0.40825000405311584,1721712000
2002-03-22 00:00:00-05:00,0.4155830144882202,0.4155830144882202,0.4016669988632202,0.4047499895095825,1249140000
2002-03-25 00:00:00-05:00,0.4028330147266388,0.40333300828933716,0.3833329975605011,0.38383299112319946,884160000
2002-03-26 00:00:00-05:00,0.37983301281929016,0.40141698718070984,0.37766700983047485,0.3916670083999634,1123512000
2002-03-27 00:00:00-05:00,0.38566699624061584,0.3935000002384186,0.3725000023841858,0.37916699051856995,1068012000
2002-03-28 00:00:00-05:00,0.3817499876022339,0.38416698575019836,0.34891700744628906,0.3696669936180115,3124080000
2002-04-01 00:00:00-05:00,0.34916698932647705,0.3664169907569885,0.33799999952316284,0.3635829985141754,2365344000
2002-04-02 00:00:00-05:00,0.3526670038700104,0.37241700291633606,0.35199999809265137,0.35408300161361694,1438008000
2002-04-03 00:00:00-05:00,0.35566699504852295,0.3653329908847809,0.3483330011367798,0.3607499897480011,1094640000
2002-04-04 00:00:00-05:00,0.3580000102519989,0.3712500035762787,0.3530830144882202,0.35899999737739563,1130964000
2002-04-05 00:00:00-05:00,0.3613330125808716,0.36716699600219727,0.3471669852733612,0.350832998752594,1026900000
2002-04-08 00:00:00-04:00,0.33458301424980164,0.3625830113887787,0.3345000147819519,0.3625830113887787,1151316000
2002-04-09 00:00:00-04:00,0.36616700887680054,0.3691670000553131,0.3388330042362213,0.3396669924259186,1380768000
2002-04-10 00:00:00-04:00,0.34241700172424316,0.3449999988079071,0.2966670095920563,0.320917010307312,3689724000
2002-04-11 00:00:00-04:00,0.3183329999446869,0.3224169909954071,0.30333301424980164,0.3068329989910126,1437288000
2002-04-12 00:00:00-04:00,0.3136669993400574,0.3161669969558716,0.296083003282547,0.3056670129299164,1376880000
2002-04-15 00:00:00-04:00,0.311583012342453,0.3232499957084656,0.31083300709724426,0.3179999887943268,1157208000
2002-04-16 00:00:00-04:00,0.3322499990463257,0.3356670141220093,0.32533299922943115,0.33183300495147705,854856000
2002-04-17 00:00:00-04:00,0.335750013589859,0.3406670093536377,0.3252499997615814,0.335750013589859,944484000
2002-04-18 00:00:00-04:00,0.3323329985141754,0.33591699600219727,0.32291701436042786,0.3301669955253601,693156000
2002-04-19 00:00:00-04:00,0.3190000057220459,0.32291701436042786,0.3072499930858612,0.30766698718070984,1125672000
2002-04-22 00:00:00-04:00,0.30425000190734863,0.31541699171066284,0.3041670024394989,0.3091669976711273,808176000
2002-04-23 00:00:00-04:00,0.311583012342453,0.31516700983047485,0.2939170002937317,0.2966670095920563,773508000
2002-04-24 00:00:00-04:00,0.3000830113887787,0.304500013589859,0.26991701126098633,0.2706669867038727,1582956000
2002-04-25 00:00:00-04:00,0.26958298683166504,0.2865830063819885,0.2694999873638153,0.28116700053215027,1168296000
2002-04-26 00:00:00-04:00,0.2842499911785126,0.2845830023288727,0.2530829906463623,0.2530829906463623,1191120000
2002-04-29 00:00:00-04:00,0.28299999237060547,0.2994999885559082,0.273499995470047,0.2952499985694885,3930852000
2002-04-30 00:00:00-04:00,0.3022499978542328,0.3062500059604645,0.2837499976158142,0.29008299112319946,1776504000
2002-05-01 00:00:00-04:00,0.2853330075740814,0.29941698908805847,0.2779169976711273,0.29533299803733826,1718904000
2002-05-02 00:00:00-04:00,0.296750009059906,0.304082989692688,0.2833330035209656,0.2834169864654541,1125084000
2002-05-03 00:00:00-04:00,0.2837499976158142,0.2859170138835907,0.27149999141693115,0.2729170024394989,852756000
2002-05-06 00:00:00-04:00,0.2658329904079437,0.27833300828933716,0.26033300161361694,0.26249998807907104,1102044000
2002-05-07 00:00:00-04:00,0.26833298802375793,0.27391698956489563,0.2559170126914978,0.2690829932689667,1412448000
2002-05-08 00:00:00-04:00,0.2874169945716858,0.30466699600219727,0.27833300828933716,0.30000001192092896,1688688000
2002-05-09 00:00:00-04:00,0.29908299446105957,0.30524998903274536,0.28666698932647705,0.2871670126914978,1230840000
2002-05-10 00:00:00-04:00,0.2930830121040344,0.29416701197624207,0.26249998807907104,0.26566699147224426,1321548000
2002-05-13 00:00:00-04:00,0.26841700077056885,0.28266701102256775,0.266167014837265,0.28174999356269836,800892000
2002-05-14 00:00:00-04:00,0.2997500002384186,0.31291699409484863,0.2945829927921295,0.3097499907016754,1526112000
2002-05-15 00:00:00-04:00,0.3050000071525574,0.32166698575019836,0.3007499873638153,0.3158330023288727,1504548000
2002-05-16 00:00:00-04:00,0.3159169852733612,0.32291701436042786,0.3095000088214874,0.31641700863838196,985560000
2002-05-17 00:00:00-04:00,0.32499998807907104,0.327333003282547,0.3169170022010803,0.3264169991016388,934404000
2002-05-20 00:00:00-04:00,0.3236669898033142,0.33208298683166504,0.3221670091152191,0.3299170136451721,953412000
2002-05-21 00:00:00-04:00,0.3341670036315918,0.3387500047683716,0.3044170141220093,0.304749995470047,1382604000
2002-05-22 00:00:00-04:00,0.3071669936180115,0.31891700625419617,0.3066670000553131,0.3170830011367798,1547988000
2002-05-23 00:00:00-04:00,0.3179999887943268,0.3186669945716858,0.288332998752594,0.29774999618530273,2556780000
2002-05-24 00:00:00-04:00,0.2920829951763153,0.2935830056667328,0.28516700863838196,0.29191699624061584,737784000
2002-05-28 00:00:00-04:00,0.2944999933242798,0.29466700553894043,0.2745000123977661,0.280333012342453,1367088000
2002-05-29 00:00:00-04:00,0.27583301067352295,0.2920829951763153,0.2715829908847809,0.2909170091152191,1311012000
2002-05-30 00:00:00-04:00,0.2849999964237213,0.2935830056667328,0.2794170081615448,0.28666698932647705,1066080000
2002-05-31 00:00:00-04:00,0.288332998752594,0.2895829975605011,0.27833300828933716,0.2788330018520355,674112000
2002-06-03 00:00:00-04:00,0.27208301424980164,0.27333301305770874,0.25908300280570984,0.2624169886112213,901248000
2002-06-04 00:00:00-04:00,0.2607499957084656,0.27708300948143005,0.26033300161361694,0.2756670117378235,1095432000
2002-06-05 00:00:00-04:00,0.2762500047683716,0.2763330042362213,0.2620829939842224,0.2716670036315918,1114308000
2002-06-06 00:00:00-04:00,0.2688330113887787,0.2754170000553131,0.26875001192092896,0.27175000309944153,739356000
2002-06-07 00:00:00-04:00,0.2496670037508011,0.27250000834465027,0.24958300590515137,0.2691670060157776,1371300000
2002-06-10 00:00:00-04:00,0.27274999022483826,0.280333012342453,0.26625001430511475,0.26691699028015137,749148000
2002-06-11 00:00:00-04:00,0.2713330090045929,0.27250000834465027,0.2542499899864197,0.2549169957637787,859308000
2002-06-12 00:00:00-04:00,0.24883300065994263,0.2533330023288727,0.22224999964237213,0.23291699588298798,2267544000
2002-06-13 00:00:00-04:00,0.23466700315475464,0.23899999260902405,0.22316700220108032,0.2304999977350235,1265892000
2002-06-14 00:00:00-04:00,0.22200000286102295,0.23658299446105957,0.21449999511241913,0.2348330020904541,1116444000
2002-06-17 00:00:00-04:00,0.2400829941034317,0.2431669980287552,0.23283299803733826,0.23691700398921967,1054140000
2002-06-18 00:00:00-04:00,0.23399999737739563,0.24250000715255737,0.23125000298023224,0.23566700518131256,1008300000
2002-06-19 00:00:00-04:00,0.22416700422763824,0.22416700422763824,0.19699999690055847,0.19875000417232513,2593620000
2002-06-20 00:00:00-04:00,0.19916699826717377,0.20458300411701202,0.1943330019712448,0.19691699743270874,1425048000
2002-06-21 00:00:00-04:00,0.19591699540615082,0.20350000262260437,0.18483300507068634,0.18883299827575684,1484364000
2002-06-24 00:00:00-04:00,0.18400000035762787,0.19824999570846558,0.17833299934864044,0.19233299791812897,1379592000
2002-06-25 00:00:00-04:00,0.1958329975605011,0.1958329975605011,0.17524999380111694,0.17641699314117432,1172232000
2002-06-26 00:00:00-04:00,0.15641699731349945,0.17316700518131256,0.15208299458026886,0.16725000739097595,2067828000
2002-06-27 00:00:00-04:00,0.17341700196266174,0.17475000023841858,0.14000000059604645,0.1423330008983612,3182808000
2002-06-28 00:00:00-04:00,0.14000000059604645,0.1490830034017563,0.13691699504852295,0.14316700398921967,1991184000
2002-07-01 00:00:00-04:00,0.14249999821186066,0.1466670036315918,0.139833003282547,0.14283299446105957,1164372000
2002-07-02 00:00:00-04:00,0.14116699993610382,0.14166699349880219,0.13016700744628906,0.13383300602436066,1368180000
2002-07-03 00:00:00-04:00,0.13300000131130219,0.14566700160503387,0.13291700184345245,0.1454170048236847,1073304000
2002-07-05 00:00:00-04:00,0.15583300590515137,0.15833300352096558,0.1513330042362213,0.15825000405311584,739524000
2002-07-08 00:00:00-04:00,0.15641699731349945,0.1686670035123825,0.15625,0.16300000250339508,1587180000
2002-07-09 00:00:00-04:00,0.1634169965982437,0.1655000001192093,0.15150000154972076,0.1550000011920929,1075080000
2002-07-10 00:00:00-04:00,0.1587499976158142,0.1599999964237213,0.14966699481010437,0.15074999630451202,926988000
2002-07-11 00:00:00-04:00,0.14991700649261475,0.16666699945926666,0.14858299493789673,0.16608299314975739,1143948000
2002-07-12 00:00:00-04:00,0.17499999701976776,0.17566700279712677,0.16249999403953552,0.16591699421405792,1344900000
2002-07-15 00:00:00-04:00,0.16633300483226776,0.18250000476837158,0.15883299708366394,0.18241700530052185,1495272000
2002-07-16 00:00:00-04:00,0.1779170036315918,0.194582998752594,0.17458300292491913,0.17749999463558197,1773432000
2002-07-17 00:00:00-04:00,0.17366699874401093,0.17708300054073334,0.15549999475479126,0.1624169945716858,1922364000
2002-07-18 00:00:00-04:00,0.15974999964237213,0.16916699707508087,0.15783299505710602,0.15825000405311584,1243188000
2002-07-19 00:00:00-04:00,0.15341700613498688,0.15950000286102295,0.15000000596046448,0.15108299255371094,845772000
2002-07-22 00:00:00-04:00,0.1504170000553131,0.15466700494289398,0.13791699707508087,0.14408299326896667,1290744000
2002-07-23 00:00:00-04:00,0.14491699635982513,0.14583300054073334,0.1284170001745224,0.1333329975605011,1409652000
2002-07-24 00:00:00-04:00,0.1315000057220459,0.14399999380111694,0.13141700625419617,0.14183300733566284,1175100000
2002-07-25 00:00:00-04:00,0.13633300364017487,0.1367499977350235,0.12091699987649918,0.12549999356269836,1796448000
2002-07-26 00:00:00-04:00,0.12916700541973114,0.1321669965982437,0.11916700005531311,0.12258300185203552,1221900000
2002-07-29 00:00:00-04:00,0.12766699492931366,0.12833300232887268,0.1219170019030571,0.12600000202655792,1227720000
2002-07-30 00:00:00-04:00,0.12541699409484863,0.14149999618530273,0.125,0.13516700267791748,1818012000
2002-07-31 00:00:00-04:00,0.09849999845027924,0.10050000250339508,0.09116700291633606,0.09224999696016312,4837140000
2002-08-01 00:00:00-04:00,0.09300000220537186,0.09300000220537186,0.08333300054073334,0.08341699838638306,1725708000
2002-08-02 00:00:00-04:00,0.08608300238847733,0.086667001247406,0.07583300024271011,0.07791700214147568,1795260000
2002-08-05 00:00:00-04:00,0.0767500028014183,0.07691700011491776,0.07074999809265137,0.07166700065135956,1330716000
2002-08-06 00:00:00-04:00,0.07500000298023224,0.07824999839067459,0.07383300364017487,0.07541699707508087,1168800000
2002-08-07 00:00:00-04:00,0.07874999940395355,0.0794999971985817,0.0708329975605011,0.0736669972538948,892980000
2002-08-08 00:00:00-04:00,0.07441700249910355,0.0798330008983612,0.07249999791383743,0.07850000262260437,755424000
2002-08-09 00:00:00-04:00,0.0764169991016388,0.07916700094938278,0.07508300244808197,0.07666700333356857,581304000
2002-08-12 00:00:00-04:00,0.07583300024271011,0.07958299666643143,0.07383300364017487,0.07666700333356857,592800000
2002-08-13 00:00:00-04:00,0.07716699689626694,0.08091700077056885,0.07500000298023224,0.07508300244808197,654420000
2002-08-14 00:00:00-04:00,0.07649999856948853,0.08083300292491913,0.07583300024271011,0.0801670029759407,632688000
2002-08-15 00:00:00-04:00,0.08316700160503387,0.08741699904203415,0.08233299851417542,0.08574999868869781,1140120000
2002-08-16 00:00:00-04:00,0.08116699755191803,0.09208299964666367,0.07866699993610382,0.0890830010175705,1657428000
2002-08-19 00:00:00-04:00,0.09291700273752213,0.11208300292491913,0.09274999797344208,0.10541699826717377,2243928000
2002-08-20 00:00:00-04:00,0.10625000298023224,0.10833299905061722,0.09941700100898743,0.10074999928474426,1429488000
2002-08-21 00:00:00-04:00,0.10533300042152405,0.10741700232028961,0.10041700303554535,0.10608299821615219,1194876000
2002-08-22 00:00:00-04:00,0.10291700065135956,0.10708300024271011,0.10183300077915192,0.10249999910593033,1358496000
2002-08-23 00:00:00-04:00,0.09958299994468689,0.1002499982714653,0.09516700357198715,0.09574999660253525,919932000
2002-08-26 00:00:00-04:00,0.09758300334215164,0.09825000166893005,0.09200000017881393,0.09650000184774399,698568000
2002-08-27 00:00:00-04:00,0.09816700220108032,0.09866700321435928,0.09041699767112732,0.09099999815225601,686712000
2002-08-28 00:00:00-04:00,0.09049999713897705,0.0906670019030571,0.08500000089406967,0.08533299714326859,700356000
2002-08-29 00:00:00-04:00,0.08425000309944153,0.0903329998254776,0.08358299732208252,0.08641699701547623,815520000
2002-08-30 00:00:00-04:00,0.08558300137519836,0.08916699886322021,0.08250000327825546,0.0841670036315918,1065888000
2002-09-03 00:00:00-04:00,0.0801670029759407,0.08058299869298935,0.0776669979095459,0.07900000363588333,847284000
2002-09-04 00:00:00-04:00,0.07925000041723251,0.08133299648761749,0.07508300244808197,0.07850000262260437,930552000
2002-09-05 00:00:00-04:00,0.07774999737739563,0.07808300107717514,0.07500000298023224,0.0754999965429306,714312000
2002-09-06 00:00:00-04:00,0.07866699993610382,0.07933299988508224,0.07599999755620956,0.07716699689626694,746460000
2002-09-09 00:00:00-04:00,0.07658299803733826,0.0794999971985817,0.0742499977350235,0.07708299905061722,578040000
2002-09-10 00:00:00-04:00,0.07666700333356857,0.09208299964666367,0.07658299803733826,0.08808299899101257,2317632000
2002-09-11 00:00:00-04:00,0.09083300083875656,0.09916699677705765,0.09083300083875656,0.09241700172424316,1657536000
2002-09-12 00:00:00-04:00,0.09016700088977814,0.09508299827575684,0.0885000005364418,0.08950000256299973,1294932000
2002-09-13 00:00:00-04:00,0.08858300000429153,0.09283299744129181,0.08749999850988388,0.08808299899101257,796872000
2002-09-16 00:00:00-04:00,0.08675000071525574,0.08708299696445465,0.08041699975728989,0.08250000327825546,925464000
2002-09-17 00:00:00-04:00,0.08616700023412704,0.08824999630451202,0.0807500034570694,0.08124999701976776,884052000
2002-09-18 00:00:00-04:00,0.07999999821186066,0.08158300071954727,0.07658299803733826,0.07900000363588333,811692000
2002-09-19 00:00:00-04:00,0.07724999636411667,0.07999999821186066,0.07591699808835983,0.07633300125598907,618492000
2002-09-20 00:00:00-04:00,0.07691700011491776,0.07850000262260437,0.07508300244808197,0.0767500028014183,687312000
2002-09-23 00:00:00-04:00,0.0754999965429306,0.07625000178813934,0.07291699945926666,0.07341700047254562,521676000
2002-09-24 00:00:00-04:00,0.07258299738168716,0.07750000059604645,0.07124999910593033,0.07400000095367432,624444000
2002-09-25 00:00:00-04:00,0.07833299785852432,0.07958299666643143,0.07524999976158142,0.07808300107717514,896616000
2002-09-26 00:00:00-04:00,0.07958299666643143,0.08041699975728989,0.07275000214576721,0.07391700148582458,739560000
2002-09-27 00:00:00-04:00,0.07374999672174454,0.07566700130701065,0.07124999910593033,0.07133299857378006,650688000
2002-09-30 00:00:00-04:00,0.07108300179243088,0.07441700249910355,0.069582998752594,0.07133299857378006,584124000
2002-10-01 00:00:00-04:00,0.07191699743270874,0.07583300024271011,0.06933300197124481,0.07516700029373169,888360000
2002-10-02 00:00:00-04:00,0.07575000077486038,0.07958299666643143,0.07508300244808197,0.07508300244808197,749100000
2002-10-03 00:00:00-04:00,0.07416699826717377,0.07541699707508087,0.07124999910593033,0.07141699641942978,590568000
2002-10-04 00:00:00-04:00,0.07124999910593033,0.07349999994039536,0.06666699796915054,0.06783299893140793,529788000
2002-10-07 00:00:00-04:00,0.06691700220108032,0.06825000047683716,0.06400000303983688,0.06449999660253525,493068000
2002-10-08 00:00:00-04:00,0.06666699796915054,0.06683299690485,0.05999999865889549,0.06258299946784973,714252000
2002-10-09 00:00:00-04:00,0.06166699901223183,0.06566700339317322,0.060332998633384705,0.061416998505592346,573132000
2002-10-10 00:00:00-04:00,0.060832999646663666,0.06658300012350082,0.060832999646663666,0.06458300352096558,538032000
2002-10-11 00:00:00-04:00,0.06708300113677979,0.07458300143480301,0.06666699796915054,0.07341700047254562,994140000
2002-10-14 00:00:00-04:00,0.07124999910593033,0.07341700047254562,0.06975000351667404,0.07124999910593033,611484000
2002-10-15 00:00:00-04:00,0.07916700094938278,0.0820000022649765,0.07758300006389618,0.07866699993610382,852768000
2002-10-16 00:00:00-04:00,0.0733330026268959,0.07400000095367432,0.0708329975605011,0.0720829963684082,578124000
2002-10-17 00:00:00-04:00,0.07833299785852432,0.08124999701976776,0.0764169991016388,0.07758300006389618,585792000
2002-10-18 00:00:00-04:00,0.07716699689626694,0.07916700094938278,0.0742499977350235,0.07833299785852432,498372000
2002-10-21 00:00:00-04:00,0.07724999636411667,0.08824999630451202,0.0754999965429306,0.0854170024394989,930624000
2002-10-22 00:00:00-04:00,0.08150000125169754,0.09333299845457077,0.08141700178384781,0.08824999630451202,1272168000
2002-10-23 00:00:00-04:00,0.08958300203084946,0.09308300167322159,0.08833300322294235,0.09183300286531448,925428000
2002-10-24 00:00:00-04:00,0.09366700053215027,0.09466700255870819,0.08583299815654755,0.08716700226068497,1055172000
2002-10-25 00:00:00-04:00,0.08749999850988388,0.09291700273752213,0.08633299916982651,0.0925000011920929,745956000
2002-10-28 00:00:00-05:00,0.09674999862909317,0.09749999642372131,0.09241700172424316,0.09300000220537186,1070544000
2002-10-29 00:00:00-05:00,0.09316699951887131,0.09383299946784973,0.08425000309944153,0.08891700208187103,772728000
2002-10-30 00:00:00-05:00,0.09175000339746475,0.09666699916124344,0.09141699969768524,0.09366700053215027,1139496000
2002-10-31 00:00:00-05:00,0.09433300048112869,0.09983299672603607,0.09408300369977951,0.09916699677705765,1255476000
2002-11-01 00:00:00-05:00,0.09766700118780136,0.11891700327396393,0.09749999642372131,0.11749999970197678,2128836000
2002-11-04 00:00:00-05:00,0.12458299845457077,0.13758300244808197,0.12425000220537186,0.13033300638198853,2688132000
2002-11-05 00:00:00-05:00,0.12999999523162842,0.1321669965982437,0.11958300322294235,0.12516699731349945,2034540000
2002-11-06 00:00:00-05:00,0.12941700220108032,0.13500000536441803,0.12433300167322159,0.13483299314975739,1646016000
2002-11-07 00:00:00-05:00,0.13133299350738525,0.13133299350738525,0.12049999833106995,0.12125000357627869,1660560000
2002-11-08 00:00:00-05:00,0.10249999910593033,0.108583003282547,0.09175000339746475,0.09466700255870819,3798900000
2002-11-11 00:00:00-05:00,0.09016700088977814,0.09149999916553497,0.08516699820756912,0.08733300119638443,1378452000
2002-11-12 00:00:00-05:00,0.08941700309515,0.09833300113677979,0.08866699784994125,0.09508299827575684,1381188000
2002-11-13 00:00:00-05:00,0.09283299744129181,0.100832998752594,0.09099999815225601,0.09808299690485,1802112000
2002-11-14 00:00:00-05:00,0.1045830026268959,0.10658299922943115,0.10141699761152267,0.1045830026268959,1138728000
2002-11-15 00:00:00-05:00,0.10999999940395355,0.11591699719429016,0.10875000059604645,0.11225000023841858,2054328000
2002-11-18 00:00:00-05:00,0.12125000357627869,0.12166699767112732,0.11608300358057022,0.11641699820756912,1982472000
2002-11-19 00:00:00-05:00,0.11574999988079071,0.12399999797344208,0.1145000010728836,0.11808300018310547,1971948000
2002-11-20 00:00:00-05:00,0.12166699767112732,0.125,0.12008299678564072,0.12399999797344208,1292796000
2002-11-21 00:00:00-05:00,0.1289999932050705,0.14066700637340546,0.1287499964237213,0.13449999690055847,2053920000
2002-11-22 00:00:00-05:00,0.12633299827575684,0.1336670070886612,0.125,0.13099999725818634,1251900000
2002-11-25 00:00:00-05:00,0.1370829939842224,0.13908299803733826,0.13175000250339508,0.13574999570846558,1230084000
2002-11-26 00:00:00-05:00,0.13641700148582458,0.13908299803733826,0.13166700303554535,0.132082998752594,1084332000
2002-11-27 00:00:00-05:00,0.1376670002937317,0.14466699957847595,0.13591699302196503,0.1423330008983612,1088556000
2002-11-29 00:00:00-05:00,0.14608299732208252,0.14816699922084808,0.14166699349880219,0.14274999499320984,519396000
2002-12-02 00:00:00-05:00,0.1503330022096634,0.1522500067949295,0.14100000262260437,0.14166699349880219,1167504000
2002-12-03 00:00:00-05:00,0.13899999856948853,0.13933299481868744,0.132082998752594,0.13233299553394318,1046220000
2002-12-04 00:00:00-05:00,0.12300000339746475,0.125,0.11608300358057022,0.11649999767541885,2206548000
2002-12-05 00:00:00-05:00,0.12399999797344208,0.12483300268650055,0.11474999785423279,0.11758299916982651,1594872000
2002-12-06 00:00:00-05:00,0.11249999701976776,0.11999999731779099,0.11066699773073196,0.11774999648332596,1159224000
2002-12-09 00:00:00-05:00,0.11391700059175491,0.11574999988079071,0.10741700232028961,0.10833299905061722,969792000
2002-12-10 00:00:00-05:00,0.1110830008983612,0.11958300322294235,0.10966700315475464,0.11741700023412704,1389888000
2002-12-11 00:00:00-05:00,0.11658299714326859,0.11999999731779099,0.11266700178384781,0.11675000190734863,1364208000
2002-12-12 00:00:00-05:00,0.12108299881219864,0.12250000238418579,0.11458300054073334,0.11483299732208252,1302552000
2002-12-13 00:00:00-05:00,0.11275000125169754,0.11275000125169754,0.10949999839067459,0.11033300310373306,707724000
2002-12-16 00:00:00-05:00,0.1141669973731041,0.11749999970197678,0.11124999821186066,0.11683300137519836,1056972000
2002-12-17 00:00:00-05:00,0.11891700327396393,0.12291699647903442,0.11574999988079071,0.1166670024394989,1077744000
2002-12-18 00:00:00-05:00,0.11299999803304672,0.11316700279712677,0.10750000178813934,0.10774999856948853,1126836000
2002-12-19 00:00:00-05:00,0.10583300143480301,0.1114170029759407,0.10433299839496613,0.10541699826717377,1100604000
2002-12-20 00:00:00-05:00,0.10875000059604645,0.10991699993610382,0.10158299654722214,0.10683300346136093,804576000
2002-12-23 00:00:00-05:00,0.10658299922943115,0.110166996717453,0.10625000298023224,0.10758300125598907,498648000
2002-12-24 00:00:00-05:00,0.10816700011491776,0.11033300310373306,0.10483299940824509,0.10541699826717377,300336000
2002-12-26 00:00:00-05:00,0.10716699808835983,0.10875000059604645,0.10258299857378006,0.10350000113248825,719760000
2002-12-27 00:00:00-05:00,0.10633300244808197,0.10658299922943115,0.09866700321435928,0.09958299994468689,702528000
2002-12-30 00:00:00-05:00,0.10000000149011612,0.10108300298452377,0.09383299946784973,0.09608300030231476,784740000
2002-12-31 00:00:00-05:00,0.09508299827575684,0.09833300113677979,0.09324999898672104,0.0959170013666153,825396000
2003-01-02 00:00:00-05:00,0.10000000149011612,0.10374999791383743,0.09658300131559372,0.10258299857378006,1302540000
2003-01-03 00:00:00-05:00,0.10291700065135956,0.10625000298023224,0.100832998752594,0.10258299857378006,1037496000
2003-01-06 00:00:00-05:00,0.10508300364017487,0.11258299648761749,0.10499999672174454,0.11091700196266174,1033428000
2003-01-07 00:00:00-05:00,0.11308299750089645,0.11566700041294098,0.10933300107717514,0.11058299988508224,1498272000
2003-01-08 00:00:00-05:00,0.10774999856948853,0.11091700196266174,0.09883300215005875,0.09958299994468689,1852524000
2003-01-09 00:00:00-05:00,0.10266699641942978,0.10374999791383743,0.10033299773931503,0.10133299976587296,1436076000
2003-01-10 00:00:00-05:00,0.10000000149011612,0.1045830026268959,0.09866700321435928,0.10308299958705902,924492000
2003-01-13 00:00:00-05:00,0.10700000077486038,0.10791700333356857,0.10175000131130219,0.10225000232458115,849120000
2003-01-14 00:00:00-05:00,0.10258299857378006,0.10400000214576721,0.09991700202226639,0.10300000011920929,868524000
2003-01-15 00:00:00-05:00,0.10308299958705902,0.10391700267791748,0.09983299672603607,0.09983299672603607,904584000
2003-01-16 00:00:00-05:00,0.09833300113677979,0.09958299994468689,0.09175000339746475,0.09308300167322159,2039976000
2003-01-17 00:00:00-05:00,0.09058299660682678,0.09183300286531448,0.08841700106859207,0.08958300203084946,1058832000
2003-01-21 00:00:00-05:00,0.09125000238418579,0.09316699951887131,0.08708299696445465,0.08733300119638443,967356000
2003-01-22 00:00:00-05:00,0.08708299696445465,0.08966699987649918,0.08683300018310547,0.08741699904203415,550992000
2003-01-23 00:00:00-05:00,0.08974999934434891,0.09125000238418579,0.08741699904203415,0.08983299881219864,918456000
2003-01-24 00:00:00-05:00,0.0890830010175705,0.08950000256299973,0.0832500010728836,0.08474999666213989,897108000
2003-01-27 00:00:00-05:00,0.0829169973731041,0.0872500017285347,0.08141700178384781,0.08349999785423279,889116000
2003-01-28 00:00:00-05:00,0.08241699635982513,0.08808299899101257,0.07966700196266174,0.08649999648332596,1785480000
2003-01-29 00:00:00-05:00,0.0841670036315918,0.08891700208187103,0.0841670036315918,0.08824999630451202,1022040000
2003-01-30 00:00:00-05:00,0.09000000357627869,0.09075000137090683,0.08375000208616257,0.08466699719429016,743064000
2003-01-31 00:00:00-05:00,0.08216699957847595,0.08833300322294235,0.08141700178384781,0.0860000029206276,949656000
2003-02-03 00:00:00-05:00,0.08758299797773361,0.08933299779891968,0.08583299815654755,0.08766700327396393,755556000
2003-02-04 00:00:00-05:00,0.08708299696445465,0.08749999850988388,0.08250000327825546,0.08375000208616257,627720000
2003-02-05 00:00:00-05:00,0.08558300137519836,0.08791700005531311,0.0841670036315918,0.08449999988079071,581508000
2003-02-06 00:00:00-05:00,0.0903329998254776,0.09049999713897705,0.08375000208616257,0.08516699820756912,1226184000
2003-02-07 00:00:00-05:00,0.08683300018310547,0.0872500017285347,0.08116699755191803,0.08133299648761749,915156000
2003-02-10 00:00:00-05:00,0.08124999701976776,0.0829169973731041,0.07774999737739563,0.08233299851417542,982632000
2003-02-11 00:00:00-05:00,0.08299999684095383,0.0854170024394989,0.08041699975728989,0.08083300292491913,850716000
2003-02-12 00:00:00-05:00,0.08083300292491913,0.08425000309944153,0.0801670029759407,0.08124999701976776,641400000
2003-02-13 00:00:00-05:00,0.08266700059175491,0.08308299630880356,0.08041699975728989,0.08224999904632568,889164000
2003-02-14 00:00:00-05:00,0.09350000321865082,0.10041700303554535,0.09125000238418579,0.10033299773931503,3548844000
2003-02-18 00:00:00-05:00,0.10416699945926666,0.10808300226926804,0.10291700065135956,0.10608299821615219,1740516000
2003-02-19 00:00:00-05:00,0.10541699826717377,0.10774999856948853,0.1042499989271164,0.10708300024271011,1141212000
2003-02-20 00:00:00-05:00,0.10750000178813934,0.11033300310373306,0.10666699707508087,0.10708300024271011,978132000
2003-02-21 00:00:00-05:00,0.10700000077486038,0.10741700232028961,0.1033329963684082,0.10716699808835983,913260000
2003-02-24 00:00:00-05:00,0.10625000298023224,0.11241699755191803,0.10566700249910355,0.10849999636411667,1137012000
2003-02-25 00:00:00-05:00,0.10499999672174454,0.10833299905061722,0.1033329963684082,0.10783299803733826,1239204000
2003-02-26 00:00:00-05:00,0.10641700029373169,0.10816700011491776,0.10233300179243088,0.10258299857378006,746892000
2003-02-27 00:00:00-05:00,0.10358300060033798,0.10525000095367432,0.10191699862480164,0.10474999994039536,675312000
2003-02-28 00:00:00-05:00,0.1014999970793724,0.10541699826717377,0.09849999845027924,0.10516700148582458,1653336000
2003-03-03 00:00:00-05:00,0.10641700029373169,0.10833299905061722,0.1020829975605011,0.10341700166463852,702036000
2003-03-04 00:00:00-05:00,0.10374999791383743,0.10474999994039536,0.10158299654722214,0.10258299857378006,538392000
2003-03-05 00:00:00-05:00,0.10158299654722214,0.10483299940824509,0.10133299976587296,0.1042499989271164,522156000
2003-03-06 00:00:00-05:00,0.10341700166463852,0.10441700369119644,0.1020829975605011,0.10249999910593033,548064000
2003-03-07 00:00:00-05:00,0.10091699659824371,0.10441700369119644,0.10000000149011612,0.10408300161361694,581148000
2003-03-10 00:00:00-05:00,0.10300000011920929,0.10350000113248825,0.10100000351667404,0.10116700083017349,344796000
2003-03-11 00:00:00-05:00,0.10191699862480164,0.10358300060033798,0.10074999928474426,0.10191699862480164,417144000
2003-03-12 00:00:00-05:00,0.10275000333786011,0.10499999672174454,0.10183300077915192,0.10474999994039536,493920000
2003-03-13 00:00:00-05:00,0.10783299803733826,0.11583299934864044,0.1073329970240593,0.11516699939966202,1362732000
2003-03-14 00:00:00-05:00,0.11558300256729126,0.1166670024394989,0.11100000143051147,0.11183299869298935,1094220000
2003-03-17 00:00:00-05:00,0.10999999940395355,0.12058299779891968,0.10975000262260437,0.11833299696445465,1307808000
2003-03-18 00:00:00-05:00,0.117917001247406,0.11924999952316284,0.11500000208616257,0.11741700023412704,932280000
2003-03-19 00:00:00-05:00,0.11766699701547623,0.11883299797773361,0.1138330027461052,0.11800000071525574,712992000
2003-03-20 00:00:00-05:00,0.11800000071525574,0.1215829998254776,0.11491700261831284,0.11908300220966339,780060000
2003-03-21 00:00:00-05:00,0.1231670007109642,0.12358299642801285,0.11266700178384781,0.11800000071525574,1681800000
2003-03-24 00:00:00-05:00,0.11316700279712677,0.1166670024394989,0.11249999701976776,0.11358299851417542,839016000
2003-03-25 00:00:00-05:00,0.11391700059175491,0.11858300119638443,0.11349999904632568,0.11683300137519836,672828000
2003-03-26 00:00:00-05:00,0.11941699683666229,0.12208300083875656,0.1185000017285347,0.12008299678564072,1107840000
2003-03-27 00:00:00-05:00,0.1185000017285347,0.12099999934434891,0.1163330003619194,0.1166670024394989,1392732000
2003-03-28 00:00:00-05:00,0.1166670024394989,0.11708299815654755,0.11008299887180328,0.11191699653863907,1290684000
2003-03-31 00:00:00-05:00,0.10849999636411667,0.1098330020904541,0.10683300346136093,0.1073329970240593,680508000
2003-04-01 00:00:00-05:00,0.10958299785852432,0.11166699975728989,0.10716699808835983,0.11050000041723251,533808000
2003-04-02 00:00:00-05:00,0.11424999684095383,0.11649999767541885,0.11275000125169754,0.11458300054073334,771900000
2003-04-03 00:00:00-05:00,0.1166670024394989,0.1166670024394989,0.11366699635982513,0.11608300358057022,702780000
2003-04-04 00:00:00-05:00,0.11641699820756912,0.11658299714326859,0.1110830008983612,0.11158300191164017,513840000
2003-04-07 00:00:00-04:00,0.11908300220966339,0.11999999731779099,0.11166699975728989,0.11275000125169754,671256000
2003-04-08 00:00:00-04:00,0.11375000327825546,0.11433299630880356,0.11091700196266174,0.11166699975728989,475032000
2003-04-09 00:00:00-04:00,0.11208300292491913,0.1150830015540123,0.11091700196266174,0.1110830008983612,694260000
2003-04-10 00:00:00-04:00,0.11258299648761749,0.11275000125169754,0.11058299988508224,0.11166699975728989,364104000
2003-04-11 00:00:00-04:00,0.11291699856519699,0.1138330027461052,0.10933300107717514,0.11041700094938278,374184000
2003-04-14 00:00:00-04:00,0.10875000059604645,0.11266700178384781,0.10841699689626694,0.11233299970626831,445776000
2003-04-15 00:00:00-04:00,0.11158300191164017,0.11316700279712677,0.10883300006389618,0.11174999922513962,490212000
2003-04-16 00:00:00-04:00,0.11433299630880356,0.11458300054073334,0.11083299666643143,0.11174999922513962,671988000
2003-04-17 00:00:00-04:00,0.11258299648761749,0.11400000005960464,0.11025000363588333,0.11375000327825546,520740000
2003-04-21 00:00:00-04:00,0.11391700059175491,0.11699999868869781,0.11283300071954727,0.1166670024394989,597144000
2003-04-22 00:00:00-04:00,0.11608300358057022,0.11824999749660492,0.1141669973731041,0.11816699802875519,787392000
2003-04-23 00:00:00-04:00,0.11800000071525574,0.1215829998254776,0.11708299815654755,0.12083300203084946,606204000
2003-04-24 00:00:00-04:00,0.12091699987649918,0.12091699987649918,0.11566700041294098,0.1172500029206276,660912000
2003-04-25 00:00:00-04:00,0.11658299714326859,0.11858300119638443,0.11183299869298935,0.11291699856519699,884652000
2003-04-28 00:00:00-04:00,0.11424999684095383,0.11841700226068497,0.11291699856519699,0.1163330003619194,674988000
2003-04-29 00:00:00-04:00,0.11900000274181366,0.1215829998254776,0.11808300018310547,0.11991699784994125,670344000
2003-04-30 00:00:00-04:00,0.11924999952316284,0.12250000238418579,0.11874999850988388,0.11941699683666229,466620000
2003-05-01 00:00:00-04:00,0.11858300119638443,0.12133300304412842,0.117917001247406,0.12016700208187103,733368000
2003-05-02 00:00:00-04:00,0.12174999713897705,0.1333329975605011,0.12108299881219864,0.13249999284744263,1691088000
2003-05-05 00:00:00-04:00,0.13375000655651093,0.1420000046491623,0.13133299350738525,0.13574999570846558,1576164000
2003-05-06 00:00:00-04:00,0.13508300483226776,0.13941699266433716,0.13375000655651093,0.13591699302196503,1143864000
2003-05-07 00:00:00-04:00,0.13391700387001038,0.1370829939842224,0.13141700625419617,0.13375000655651093,897372000
2003-05-08 00:00:00-04:00,0.132082998752594,0.13916699588298798,0.13041700422763824,0.13383300602436066,1957452000
2003-05-09 00:00:00-04:00,0.156917005777359,0.17941699922084808,0.1525000035762787,0.17808300256729126,9230856000
2003-05-12 00:00:00-04:00,0.1784999966621399,0.18250000476837158,0.17166699469089508,0.17308300733566284,3007860000
2003-05-13 00:00:00-04:00,0.16716699302196503,0.17249999940395355,0.1661670058965683,0.1698330044746399,1824108000
2003-05-14 00:00:00-04:00,0.17041699588298798,0.17249999940395355,0.16750000417232513,0.16966700553894043,965580000
2003-05-15 00:00:00-04:00,0.17216700315475464,0.17583300173282623,0.17125000059604645,0.17550000548362732,1105656000
2003-05-16 00:00:00-04:00,0.17333300411701202,0.18025000393390656,0.17308300733566284,0.17716699838638306,1028916000
2003-05-19 00:00:00-04:00,0.1748329997062683,0.17649999260902405,0.16508300602436066,0.16716699302196503,1220484000
2003-05-20 00:00:00-04:00,0.1674170047044754,0.16958299279212952,0.16666699945926666,0.1683329939842224,884124000
2003-05-21 00:00:00-04:00,0.16841700673103333,0.17433300614356995,0.16750000417232513,0.17425000667572021,905472000
2003-05-22 00:00:00-04:00,0.1745000034570694,0.17641699314117432,0.17041699588298798,0.1748329997062683,888816000
2003-05-23 00:00:00-04:00,0.17499999701976776,0.17833299934864044,0.17316700518131256,0.1739169955253601,867612000
2003-05-27 00:00:00-04:00,0.17208300530910492,0.1899999976158142,0.16875000298023224,0.1893330067396164,1677408000
2003-05-28 00:00:00-04:00,0.1887499988079071,0.19083300232887268,0.18416699767112732,0.18883299827575684,1235556000
2003-05-29 00:00:00-04:00,0.1887499988079071,0.20816700160503387,0.18833300471305847,0.2017499953508377,2297736000
2003-05-30 00:00:00-04:00,0.22083300352096558,0.22191700339317322,0.21541699767112732,0.218082994222641,2142312000
2003-06-02 00:00:00-04:00,0.22374999523162842,0.2240000069141388,0.20466700196266174,0.20600000023841858,1566144000
2003-06-03 00:00:00-04:00,0.20366699993610382,0.21649999916553497,0.2011670023202896,0.21025000512599945,1596804000
2003-06-04 00:00:00-04:00,0.20958299934864044,0.21541699767112732,0.2063329964876175,0.21525000035762787,1175604000
2003-06-05 00:00:00-04:00,0.21241700649261475,0.2221670001745224,0.20958299934864044,0.22141699492931366,1204404000
2003-06-06 00:00:00-04:00,0.23008300364017487,0.23125000298023224,0.21299999952316284,0.21466700732707977,1378836000
2003-06-09 00:00:00-04:00,0.21333299577236176,0.21883299946784973,0.2088329941034317,0.21208299696445465,720588000
2003-06-10 00:00:00-04:00,0.21208299696445465,0.2153329998254776,0.2097499966621399,0.21516700088977814,563304000
2003-06-11 00:00:00-04:00,0.2138330042362213,0.2172500044107437,0.20999999344348907,0.2153329998254776,943836000
2003-06-12 00:00:00-04:00,0.2168329954147339,0.21916699409484863,0.21141700446605682,0.21208299696445465,1046688000
2003-06-13 00:00:00-04:00,0.20291699469089508,0.20874999463558197,0.19416700303554535,0.19558300077915192,1826808000
2003-06-16 00:00:00-04:00,0.19791699945926666,0.20225000381469727,0.18483300507068634,0.19975000619888306,1904868000
2003-06-17 00:00:00-04:00,0.20433300733566284,0.20583300292491913,0.1983329951763153,0.2045000046491623,999852000
2003-06-18 00:00:00-04:00,0.20250000059604645,0.21641699969768524,0.20083299279212952,0.21233299374580383,1122072000
2003-06-19 00:00:00-04:00,0.21324999630451202,0.21433299779891968,0.1983329951763153,0.19941699504852295,1190532000
2003-06-20 00:00:00-04:00,0.20158299803733826,0.20166699588298798,0.19416700303554535,0.19733299314975739,937848000
2003-06-23 00:00:00-04:00,0.19716699421405792,0.19816699624061584,0.18641699850559235,0.19033299386501312,734784000
2003-06-24 00:00:00-04:00,0.18916699290275574,0.1933329999446869,0.18383300304412842,0.18991699814796448,1008816000
2003-06-25 00:00:00-04:00,0.19041700661182404,0.19816699624061584,0.1896670013666153,0.19116699695587158,1060620000
2003-06-26 00:00:00-04:00,0.19175000488758087,0.1940000057220459,0.18574999272823334,0.19141699373722076,960540000
2003-06-27 00:00:00-04:00,0.1936669945716858,0.19541700184345245,0.18708300590515137,0.18799999356269836,709104000
2003-06-30 00:00:00-04:00,0.19050000607967377,0.19425000250339508,0.18833300471305847,0.1909170001745224,544128000
2003-07-01 00:00:00-04:00,0.18850000202655792,0.19900000095367432,0.18674999475479126,0.19875000417232513,977016000
2003-07-02 00:00:00-04:00,0.20058299601078033,0.20316700637340546,0.19541700184345245,0.19816699624061584,846828000
2003-07-03 00:00:00-04:00,0.19358299672603607,0.20100000500679016,0.19316700100898743,0.19591699540615082,420912000
2003-07-07 00:00:00-04:00,0.19858300685882568,0.20983299612998962,0.19850000739097595,0.20874999463558197,832200000
2003-07-08 00:00:00-04:00,0.2029999941587448,0.2091670036315918,0.20250000059604645,0.2064169943332672,602856000
2003-07-09 00:00:00-04:00,0.2063329964876175,0.21458299458026886,0.20600000023841858,0.21116699278354645,755352000
2003-07-10 00:00:00-04:00,0.20458300411701202,0.20724999904632568,0.19891700148582458,0.20250000059604645,644568000
2003-07-11 00:00:00-04:00,0.20491699874401093,0.20616699755191803,0.20183299481868744,0.2035830020904541,495000000
2003-07-14 00:00:00-04:00,0.20874999463558197,0.20999999344348907,0.20100000500679016,0.20200000703334808,694344000
2003-07-15 00:00:00-04:00,0.20499999821186066,0.20591700077056885,0.19349999725818634,0.19541700184345245,1143456000
2003-07-16 00:00:00-04:00,0.19908300042152405,0.20000000298023224,0.18833300471305847,0.19300000369548798,880476000
2003-07-17 00:00:00-04:00,0.1871670037508011,0.18958300352096558,0.18083299696445465,0.18333299458026886,853764000
2003-07-18 00:00:00-04:00,0.179749995470047,0.1803330034017563,0.17058299481868744,0.17716699838638306,1280832000
2003-07-21 00:00:00-04:00,0.17816700041294098,0.17874999344348907,0.17033299803733826,0.1745000034570694,985140000
2003-07-22 00:00:00-04:00,0.17941699922084808,0.18074999749660492,0.17641699314117432,0.17741699516773224,582444000
2003-07-23 00:00:00-04:00,0.1772499978542328,0.18083299696445465,0.17191700637340546,0.179749995470047,605328000
2003-07-24 00:00:00-04:00,0.18299999833106995,0.18433299660682678,0.17125000059604645,0.17274999618530273,1116828000
2003-07-25 00:00:00-04:00,0.17308300733566284,0.17649999260902405,0.16666699945926666,0.17550000548362732,1002084000
2003-07-28 00:00:00-04:00,0.17691700160503387,0.17733299732208252,0.16933299601078033,0.17008300125598907,703752000
2003-07-29 00:00:00-04:00,0.15466700494289398,0.1679999977350235,0.15299999713897705,0.15891699492931366,2794788000
2003-07-30 00:00:00-04:00,0.15833300352096558,0.16016699373722076,0.15616700053215027,0.1571670025587082,788724000
2003-07-31 00:00:00-04:00,0.16083300113677979,0.16316699981689453,0.15741699934005737,0.15908299386501312,897600000
2003-08-01 00:00:00-04:00,0.15916700661182404,0.16566699743270874,0.15758299827575684,0.16433300077915192,767556000
2003-08-04 00:00:00-04:00,0.16416700184345245,0.17350000143051147,0.16316699981689453,0.1704999953508377,1428852000
2003-08-05 00:00:00-04:00,0.17491699755191803,0.17891700565814972,0.1685830056667328,0.17000000178813934,1063488000
2003-08-06 00:00:00-04:00,0.16775000095367432,0.17000000178813934,0.1589999943971634,0.1630830019712448,1025868000
2003-08-07 00:00:00-04:00,0.16266700625419617,0.16500000655651093,0.15866699814796448,0.16083300113677979,1040340000
2003-08-08 00:00:00-04:00,0.13791699707508087,0.13850000500679016,0.1271670013666153,0.12916700541973114,3767580000
2003-08-11 00:00:00-04:00,0.13124999403953552,0.13791699707508087,0.13041700422763824,0.1361670047044754,1675752000
2003-08-12 00:00:00-04:00,0.13791699707508087,0.1392499953508377,0.13566699624061584,0.1389169991016388,764160000
2003-08-13 00:00:00-04:00,0.13950000703334808,0.14208300411701202,0.13600000739097595,0.139833003282547,693552000
2003-08-14 00:00:00-04:00,0.13516700267791748,0.13716700673103333,0.13349999487400055,0.13500000536441803,1527696000
2003-08-15 00:00:00-04:00,0.13416700065135956,0.13541699945926666,0.1333329975605011,0.1345829963684082,217716000
2003-08-18 00:00:00-04:00,0.1367499977350235,0.1385830044746399,0.13433299958705902,0.1385830044746399,717684000
2003-08-19 00:00:00-04:00,0.14166699349880219,0.15000000596046448,0.14158299565315247,0.149167001247406,1403976000
2003-08-20 00:00:00-04:00,0.14708299934864044,0.14983299374580383,0.1438329964876175,0.14708299934864044,870348000
2003-08-21 00:00:00-04:00,0.1506669968366623,0.1525000035762787,0.14833299815654755,0.15108299255371094,644748000
2003-08-22 00:00:00-04:00,0.16016699373722076,0.16233299672603607,0.15208299458026886,0.15216700732707977,1002396000
2003-08-25 00:00:00-04:00,0.15508300065994263,0.15508300065994263,0.15000000596046448,0.1513330042362213,434028000
2003-08-26 00:00:00-04:00,0.1494169980287552,0.15166699886322021,0.14483299851417542,0.14891700446605682,768984000
2003-08-27 00:00:00-04:00,0.14991700649261475,0.1550000011920929,0.14833299815654755,0.15341700613498688,567816000
2003-08-28 00:00:00-04:00,0.15491700172424316,0.15575000643730164,0.14766700565814972,0.1494169980287552,828312000
2003-08-29 00:00:00-04:00,0.149167001247406,0.15208299458026886,0.14858299493789673,0.15141700208187103,532884000
2003-09-02 00:00:00-04:00,0.1540829986333847,0.15541699528694153,0.14933300018310547,0.1500830054283142,711456000
2003-09-03 00:00:00-04:00,0.15233300626277924,0.15275000035762787,0.14641700685024261,0.14716699719429016,849972000
2003-09-04 00:00:00-04:00,0.14775000512599945,0.15208299458026886,0.1466670036315918,0.14858299493789673,740064000
2003-09-05 00:00:00-04:00,0.1488330066204071,0.15916700661182404,0.14708299934864044,0.1556670069694519,1198740000
2003-09-08 00:00:00-04:00,0.1581670045852661,0.16466699540615082,0.15625,0.16283300518989563,1508712000
2003-09-09 00:00:00-04:00,0.15833300352096558,0.17891700565814972,0.15616700053215027,0.17283299565315247,2489436000
2003-09-10 00:00:00-04:00,0.16791699826717377,0.17241699993610382,0.1596670001745224,0.16099999845027924,1380624000
2003-09-11 00:00:00-04:00,0.16316699981689453,0.16791699826717377,0.1525000035762787,0.15891699492931366,2612736000
2003-09-12 00:00:00-04:00,0.15758299827575684,0.16474999487400055,0.15583300590515137,0.16124999523162842,1162404000
2003-09-15 00:00:00-04:00,0.16258299350738525,0.1634169965982437,0.15800000727176666,0.15858300030231476,596028000
2003-09-16 00:00:00-04:00,0.15891699492931366,0.164000004529953,0.15891699492931366,0.16349999606609344,620736000
2003-09-17 00:00:00-04:00,0.16449999809265137,0.1685830056667328,0.16316699981689453,0.16541700065135956,902784000
2003-09-18 00:00:00-04:00,0.16449999809265137,0.1667499989271164,0.16266700625419617,0.16666699945926666,603492000
2003-09-19 00:00:00-04:00,0.1685830056667328,0.16966700553894043,0.16383300721645355,0.16533300280570984,648096000
2003-09-22 00:00:00-04:00,0.1620829999446869,0.1624169945716858,0.1574999988079071,0.15883299708366394,735504000
2003-09-23 00:00:00-04:00,0.15908299386501312,0.16124999523162842,0.15700000524520874,0.16033299267292023,628932000
2003-09-24 00:00:00-04:00,0.156917005777359,0.15833300352096558,0.1479170024394989,0.14816699922084808,1600668000
2003-09-25 00:00:00-04:00,0.14933300018310547,0.15199999511241913,0.1454170048236847,0.14608299732208252,736776000
2003-09-26 00:00:00-04:00,0.14566700160503387,0.14608299732208252,0.1385830044746399,0.1404999941587448,895908000
2003-09-29 00:00:00-04:00,0.13341699540615082,0.13816699385643005,0.1308329999446869,0.13291700184345245,1944996000
2003-09-30 00:00:00-04:00,0.13175000250339508,0.13758300244808197,0.13124999403953552,0.13308300077915192,1020888000
2003-10-01 00:00:00-04:00,0.1333329975605011,0.13574999570846558,0.13300000131130219,0.13416700065135956,877224000
2003-10-02 00:00:00-04:00,0.1333329975605011,0.13816699385643005,0.13291700184345245,0.13625000417232513,857628000
2003-10-03 00:00:00-04:00,0.14000000059604645,0.14333300292491913,0.13758300244808197,0.139833003282547,862812000
2003-10-06 00:00:00-04:00,0.14008300006389618,0.14149999618530273,0.13758300244808197,0.13875000178813934,377028000
2003-10-07 00:00:00-04:00,0.13875000178813934,0.14000000059604645,0.13683299720287323,0.14000000059604645,510588000
2003-10-08 00:00:00-04:00,0.14000000059604645,0.14124999940395355,0.1342500001192093,0.13508300483226776,739440000
2003-10-09 00:00:00-04:00,0.1370829939842224,0.1423330008983612,0.13591699302196503,0.13699999451637268,852408000
2003-10-10 00:00:00-04:00,0.13916699588298798,0.14041699469089508,0.13750000298023224,0.13941699266433716,413976000
2003-10-13 00:00:00-04:00,0.14100000262260437,0.14374999701976776,0.13991700112819672,0.14083300530910492,434904000
2003-10-14 00:00:00-04:00,0.13933299481868744,0.1438329964876175,0.13850000500679016,0.14341700077056885,623556000
2003-10-15 00:00:00-04:00,0.1450829952955246,0.14775000512599945,0.14066700637340546,0.14158299565315247,703488000
2003-10-16 00:00:00-04:00,0.14174999296665192,0.1438329964876175,0.13958300650119781,0.14333300292491913,446088000
2003-10-17 00:00:00-04:00,0.14249999821186066,0.14524999260902405,0.1386670023202896,0.13883300125598907,459696000
2003-10-20 00:00:00-04:00,0.1389169991016388,0.14208300411701202,0.13808299601078033,0.14191700518131256,467388000
2003-10-21 00:00:00-04:00,0.1445000022649765,0.14900000393390656,0.14249999821186066,0.14624999463558197,758724000
2003-10-22 00:00:00-04:00,0.14399999380111694,0.14733299612998962,0.14300000667572021,0.14374999701976776,620952000
2003-10-23 00:00:00-04:00,0.14166699349880219,0.14583300054073334,0.141416996717453,0.14308300614356995,451524000
2003-10-24 00:00:00-04:00,0.14166699349880219,0.1438329964876175,0.14033299684524536,0.1425829976797104,447084000
2003-10-27 00:00:00-05:00,0.14333300292491913,0.14499999582767487,0.1423330008983612,0.14333300292491913,254460000
2003-10-28 00:00:00-05:00,0.14524999260902405,0.1531669944524765,0.14458300173282623,0.15233300626277924,956064000
2003-10-29 00:00:00-05:00,0.14783300459384918,0.15416699647903442,0.14775000512599945,0.15233300626277924,494004000
2003-10-30 00:00:00-05:00,0.15625,0.15633299946784973,0.14925000071525574,0.14949999749660492,581256000
2003-10-31 00:00:00-05:00,0.15083299577236176,0.15208299458026886,0.14499999582767487,0.14733299612998962,598152000
2003-11-03 00:00:00-05:00,0.14658300578594208,0.15291699767112732,0.14591699838638306,0.1500830054283142,773724000
2003-11-04 00:00:00-05:00,0.15333299338817596,0.1537500023841858,0.14958299696445465,0.15058299899101257,700896000
2003-11-05 00:00:00-05:00,0.14749999344348907,0.15266700088977814,0.1450829952955246,0.15116700530052185,882024000
2003-11-06 00:00:00-05:00,0.15341700613498688,0.15416699647903442,0.14866699278354645,0.15141700208187103,1175280000
2003-11-07 00:00:00-05:00,0.18050000071525574,0.18383300304412842,0.1766670048236847,0.18125000596046448,4292820000
2003-11-10 00:00:00-05:00,0.18183299899101257,0.18433299660682678,0.17966699600219727,0.18074999749660492,1210056000
2003-11-11 00:00:00-05:00,0.1766670048236847,0.179749995470047,0.17308300733566284,0.17624999582767487,799140000
2003-11-12 00:00:00-05:00,0.17566700279712677,0.1791670024394989,0.1748329997062683,0.17858299612998962,617664000
2003-11-13 00:00:00-05:00,0.17858299612998962,0.18116700649261475,0.1775829941034317,0.17866699397563934,580332000
2003-11-14 00:00:00-05:00,0.1791670024394989,0.1791670024394989,0.16758300364017487,0.16808299720287323,888420000
2003-11-17 00:00:00-05:00,0.1649170070886612,0.1683329939842224,0.163332998752594,0.16633300483226776,599880000
2003-11-18 00:00:00-05:00,0.17041699588298798,0.17249999940395355,0.163332998752594,0.16391700506210327,991428000
2003-11-19 00:00:00-05:00,0.16508300602436066,0.16916699707508087,0.16449999809265137,0.16850000619888306,567552000
2003-11-20 00:00:00-05:00,0.1658329963684082,0.16949999332427979,0.163332998752594,0.164000004529953,738852000
2003-11-21 00:00:00-05:00,0.16599999368190765,0.16625000536441803,0.1615000069141388,0.16466699540615082,543240000
2003-11-24 00:00:00-05:00,0.16625000536441803,0.17499999701976776,0.16508300602436066,0.17458300292491913,940644000
2003-11-25 00:00:00-05:00,0.17533299326896667,0.17908300459384918,0.17333300411701202,0.1775829941034317,822804000
2003-11-26 00:00:00-05:00,0.18050000071525574,0.18108299374580383,0.17441700398921967,0.17775000631809235,430032000
2003-11-28 00:00:00-05:00,0.17766700685024261,0.17816700041294098,0.1754170060157776,0.17691700160503387,206136000
2003-12-01 00:00:00-05:00,0.17891700565814972,0.18074999749660492,0.17683300375938416,0.17941699922084808,526980000
2003-12-02 00:00:00-05:00,0.17833299934864044,0.18233299255371094,0.1775829941034317,0.17866699397563934,574740000
2003-12-03 00:00:00-05:00,0.1791670024394989,0.1850000023841858,0.17641699314117432,0.17683300375938416,710028000
2003-12-04 00:00:00-05:00,0.17741699516773224,0.18058300018310547,0.1717499941587448,0.17591699957847595,521952000
2003-12-05 00:00:00-05:00,0.1717499941587448,0.1766670048236847,0.16883300244808197,0.17024999856948853,559848000
2003-12-08 00:00:00-05:00,0.17024999856948853,0.1732500046491623,0.16875000298023224,0.17149999737739563,340980000
2003-12-09 00:00:00-05:00,0.17116700112819672,0.17283299565315247,0.16249999403953552,0.16258299350738525,598128000
2003-12-10 00:00:00-05:00,0.16258299350738525,0.1670829951763153,0.16249999403953552,0.1661670058965683,568656000
2003-12-11 00:00:00-05:00,0.16608299314975739,0.1766670048236847,0.16574999690055847,0.17458300292491913,694872000
2003-12-12 00:00:00-05:00,0.17691700160503387,0.17808300256729126,0.17083300650119781,0.17366699874401093,700692000
2003-12-15 00:00:00-05:00,0.17874999344348907,0.17900000512599945,0.16966700553894043,0.1701669991016388,622752000
2003-12-16 00:00:00-05:00,0.16916699707508087,0.1735830008983612,0.1661670058965683,0.17249999940395355,601728000
2003-12-17 00:00:00-05:00,0.171083003282547,0.17166699469089508,0.16633300483226776,0.16916699707508087,499116000
2003-12-18 00:00:00-05:00,0.16949999332427979,0.17475000023841858,0.16933299601078033,0.17299999296665192,436728000
2003-12-19 00:00:00-05:00,0.17733299732208252,0.18000000715255737,0.17366699874401093,0.17558300495147705,916956000
2003-12-22 00:00:00-05:00,0.17299999296665192,0.17624999582767487,0.17125000059604645,0.17583300173282623,371184000
2003-12-23 00:00:00-05:00,0.1751669943332672,0.1847500056028366,0.1750829964876175,0.18299999833106995,722760000
2003-12-24 00:00:00-05:00,0.18291699886322021,0.1835000067949295,0.18116700649261475,0.1816670000553131,210852000
2003-12-26 00:00:00-05:00,0.18308299779891968,0.1905830055475235,0.18233299255371094,0.18950000405311584,363960000
2003-12-29 00:00:00-05:00,0.1930830031633377,0.19816699624061584,0.1921669989824295,0.19750000536441803,756624000
2003-12-30 00:00:00-05:00,0.19541700184345245,0.20166699588298798,0.195250004529953,0.19791699945926666,550884000
2003-12-31 00:00:00-05:00,0.19783300161361694,0.19875000417232513,0.19016699492931366,0.1933329999446869,497268000
2004-01-02 00:00:00-05:00,0.19641700387001038,0.19908300042152405,0.19233299791812897,0.19233299791812897,436416000
2004-01-05 00:00:00-05:00,0.195250004529953,0.1999170035123825,0.19349999725818634,0.19858300685882568,575292000
2004-01-06 00:00:00-05:00,0.1979999989271164,0.20941700041294098,0.1970829963684082,0.2066670060157776,1093344000
2004-01-07 00:00:00-05:00,0.20433300733566284,0.2094999998807907,0.20291699469089508,0.2084999978542328,673032000
2004-01-08 00:00:00-05:00,0.21108299493789673,0.21208299696445465,0.20724999904632568,0.20925000309944153,433752000
2004-01-09 00:00:00-05:00,0.20783300697803497,0.21483300626277924,0.20616699755191803,0.2122499942779541,766584000
2004-01-12 00:00:00-05:00,0.21299999952316284,0.2153329998254776,0.210999995470047,0.21466700732707977,541980000
2004-01-13 00:00:00-05:00,0.21358299255371094,0.2156669944524765,0.20133300125598907,0.2035830020904541,865800000
2004-01-14 00:00:00-05:00,0.20458300411701202,0.20749999582767487,0.2001670002937317,0.20208300650119781,544872000
2004-01-15 00:00:00-05:00,0.20058299601078033,0.20408299565315247,0.19699999690055847,0.20241700112819672,609204000
2004-01-16 00:00:00-05:00,0.2045000046491623,0.20724999904632568,0.20258300006389618,0.20550000667572021,451728000
2004-01-20 00:00:00-05:00,0.20800000429153442,0.2115830034017563,0.20566700398921967,0.21125000715255737,487764000
2004-01-21 00:00:00-05:00,0.2094999998807907,0.21033300459384918,0.2011670023202896,0.20149999856948853,494460000
2004-01-22 00:00:00-05:00,0.20258300006389618,0.20583300292491913,0.19441699981689453,0.19683299958705902,605724000
2004-01-23 00:00:00-05:00,0.1958329975605011,0.19975000619888306,0.19200000166893005,0.1924169957637787,482472000
2004-01-26 00:00:00-05:00,0.1936669945716858,0.20083299279212952,0.1921669989824295,0.20000000298023224,393684000
2004-01-27 00:00:00-05:00,0.19599999487400055,0.19916699826717377,0.18708300590515137,0.18858300149440765,934104000
2004-01-28 00:00:00-05:00,0.19099999964237213,0.1940000057220459,0.18708300590515137,0.1880829930305481,615204000
2004-01-29 00:00:00-05:00,0.18866699934005737,0.18958300352096558,0.17624999582767487,0.1825830042362213,929700000
2004-01-30 00:00:00-05:00,0.18216699361801147,0.18958300352096558,0.18108299374580383,0.18541699647903442,466464000
2004-02-02 00:00:00-05:00,0.1869170069694519,0.19208300113677979,0.1850000023841858,0.1884170025587082,560844000
2004-02-03 00:00:00-05:00,0.18791699409484863,0.19116699695587158,0.18524999916553497,0.18774999678134918,418032000
2004-02-04 00:00:00-05:00,0.18508300185203552,0.1865829974412918,0.18241700530052185,0.18266700208187103,436800000
2004-02-05 00:00:00-05:00,0.18366700410842896,0.1875,0.18250000476837158,0.18541699647903442,331980000
2004-02-06 00:00:00-05:00,0.1878329962491989,0.19233299791812897,0.186832994222641,0.1896670013666153,471132000
2004-02-09 00:00:00-05:00,0.19108299911022186,0.19416700303554535,0.18825000524520874,0.18833300471305847,373992000
2004-02-10 00:00:00-05:00,0.18891699612140656,0.19541700184345245,0.18883299827575684,0.195250004529953,509700000
2004-02-11 00:00:00-05:00,0.1977500021457672,0.20274999737739563,0.1970829963684082,0.20208300650119781,737808000
2004-02-12 00:00:00-05:00,0.20100000500679016,0.20208300650119781,0.19291700422763824,0.19599999487400055,974892000
2004-02-13 00:00:00-05:00,0.19083300232887268,0.19908300042152405,0.18916699290275574,0.19416700303554535,1747500000
2004-02-17 00:00:00-05:00,0.1949169933795929,0.19691699743270874,0.19224999845027924,0.19633300602436066,575976000
2004-02-18 00:00:00-05:00,0.19691699743270874,0.19791699945926666,0.19499999284744263,0.19633300602436066,320244000
2004-02-19 00:00:00-05:00,0.19875000417232513,0.20225000381469727,0.1958329975605011,0.19625000655651093,631032000
2004-02-20 00:00:00-05:00,0.19591699540615082,0.20166699588298798,0.19483299553394318,0.2011670023202896,618120000
2004-02-23 00:00:00-05:00,0.20083299279212952,0.2011670023202896,0.1914999932050705,0.19416700303554535,853332000
2004-02-24 00:00:00-05:00,0.19083300232887268,0.19325000047683716,0.18433299660682678,0.18641699850559235,708384000
2004-02-25 00:00:00-05:00,0.18758299946784973,0.19108299911022186,0.18549999594688416,0.1875,652512000
2004-02-26 00:00:00-05:00,0.1902499943971634,0.1905830055475235,0.18641699850559235,0.1887499988079071,344976000
2004-02-27 00:00:00-05:00,0.18916699290275574,0.1893330067396164,0.1825830042362213,0.18541699647903442,595548000
2004-03-01 00:00:00-05:00,0.18491700291633606,0.18850000202655792,0.18466700613498688,0.188167005777359,506628000
2004-03-02 00:00:00-05:00,0.1884170025587082,0.18975000083446503,0.18391700088977814,0.18466700613498688,813348000
2004-03-03 00:00:00-05:00,0.18416699767112732,0.18416699767112732,0.17925000190734863,0.1822499930858612,552492000
2004-03-04 00:00:00-05:00,0.1840829998254776,0.1865829974412918,0.1825830042362213,0.1862500011920929,413352000
2004-03-05 00:00:00-05:00,0.18208299577236176,0.18916699290275574,0.18141700327396393,0.18491700291633606,354888000
2004-03-08 00:00:00-05:00,0.1850000023841858,0.1875,0.17708300054073334,0.1784999966621399,465168000
2004-03-09 00:00:00-05:00,0.18000000715255737,0.18016700446605682,0.17425000667572021,0.1772499978542328,371232000
2004-03-10 00:00:00-05:00,0.17841699719429016,0.1803330034017563,0.17341700196266174,0.17466700077056885,481692000
2004-03-11 00:00:00-05:00,0.1723330020904541,0.1784999966621399,0.1723330020904541,0.17333300411701202,526872000
2004-03-12 00:00:00-05:00,0.17566700279712677,0.1791670024394989,0.17374999821186066,0.1770000010728836,377952000
2004-03-15 00:00:00-05:00,0.17591699957847595,0.1766670048236847,0.17191700637340546,0.17299999296665192,421224000
2004-03-16 00:00:00-05:00,0.1751669943332672,0.18125000596046448,0.17399999499320984,0.180417001247406,597504000
2004-03-17 00:00:00-05:00,0.18333299458026886,0.1865829974412918,0.1825830042362213,0.18483300507068634,524592000
2004-03-18 00:00:00-05:00,0.18383300304412842,0.18916699290275574,0.18333299458026886,0.1869170069694519,528048000
2004-03-19 00:00:00-05:00,0.18591700494289398,0.1878329962491989,0.18366700410842896,0.1847500056028366,452964000
2004-03-22 00:00:00-05:00,0.1819169968366623,0.1847500056028366,0.1791670024394989,0.18333299458026886,576708000
2004-03-23 00:00:00-05:00,0.18583300709724426,0.1878329962491989,0.18199999630451202,0.1840829998254776,576036000
2004-03-24 00:00:00-05:00,0.1837500035762787,0.19541700184345245,0.18333299458026886,0.19233299791812897,787344000
2004-03-25 00:00:00-05:00,0.19449999928474426,0.2045000046491623,0.19416700303554535,0.20350000262260437,997128000
2004-03-26 00:00:00-05:00,0.20291699469089508,0.2060829997062683,0.2001670002937317,0.20291699469089508,551604000
2004-03-29 00:00:00-05:00,0.20583300292491913,0.2144169956445694,0.20541700720787048,0.211667001247406,985764000
2004-03-30 00:00:00-05:00,0.21025000512599945,0.21899999678134918,0.2100829929113388,0.21799999475479126,724956000
2004-03-31 00:00:00-05:00,0.2190829962491989,0.22233299911022186,0.21791699528694153,0.2199999988079071,604752000
2004-04-01 00:00:00-05:00,0.2202499955892563,0.22474999725818634,0.21058300137519836,0.21608300507068634,1319508000
2004-04-02 00:00:00-05:00,0.22083300352096558,0.22224999964237213,0.21416699886322021,0.21916699409484863,649740000
2004-04-05 00:00:00-04:00,0.21799999475479126,0.22791700065135956,0.21799999475479126,0.22699999809265137,576744000
2004-04-06 00:00:00-04:00,0.2224999964237213,0.22408300638198853,0.21666699647903442,0.2178329974412918,624096000
2004-04-07 00:00:00-04:00,0.21950000524520874,0.21958300471305847,0.2128330022096634,0.21666699647903442,447864000
2004-04-08 00:00:00-04:00,0.2214999943971634,0.22499999403953552,0.21983300149440765,0.22283299267292023,447096000
2004-04-12 00:00:00-04:00,0.2245829999446869,0.2255830019712448,0.21733300387859344,0.21866700053215027,443784000
2004-04-13 00:00:00-04:00,0.2206670045852661,0.22083300352096558,0.21250000596046448,0.21358299255371094,442704000
2004-04-14 00:00:00-04:00,0.21250000596046448,0.21866700053215027,0.2100829929113388,0.21466700732707977,512016000
2004-04-15 00:00:00-04:00,0.21175000071525574,0.21266700327396393,0.20250000059604645,0.20341700315475464,828084000
2004-04-16 00:00:00-04:00,0.20258300006389618,0.2026669979095459,0.19633300602436066,0.1967500001192093,654864000
2004-04-19 00:00:00-04:00,0.19658300280570984,0.19791699945926666,0.19300000369548798,0.1965000033378601,522804000
2004-04-20 00:00:00-04:00,0.19699999690055847,0.19916699826717377,0.1880829930305481,0.188167005777359,513804000
2004-04-21 00:00:00-04:00,0.18891699612140656,0.19499999284744263,0.18700000643730164,0.1884170025587082,688812000
2004-04-22 00:00:00-04:00,0.18666699528694153,0.19266700744628906,0.18275000154972076,0.18950000405311584,695520000
2004-04-23 00:00:00-04:00,0.1918330043554306,0.19691699743270874,0.1912499964237213,0.1936669945716858,443928000
2004-04-26 00:00:00-04:00,0.19408300518989563,0.1949169933795929,0.1855829954147339,0.18608300387859344,429912000
2004-04-27 00:00:00-04:00,0.18825000524520874,0.19325000047683716,0.18383300304412842,0.18449999392032623,494568000
2004-04-28 00:00:00-04:00,0.18458299338817596,0.18741700053215027,0.18233299255371094,0.1837500035762787,468768000
2004-04-29 00:00:00-04:00,0.18266700208187103,0.18391700088977814,0.17624999582767487,0.17866699397563934,645048000
2004-04-30 00:00:00-04:00,0.17766700685024261,0.17874999344348907,0.17033299803733826,0.17100000381469727,512928000
2004-05-03 00:00:00-04:00,0.17283299565315247,0.17458300292491913,0.1658329963684082,0.16883300244808197,610668000
2004-05-04 00:00:00-04:00,0.17125000059604645,0.18174999952316284,0.17083300650119781,0.17958299815654755,772380000
2004-05-05 00:00:00-04:00,0.179749995470047,0.18266700208187103,0.1782499998807907,0.18108299374580383,464280000
2004-05-06 00:00:00-04:00,0.17925000190734863,0.18400000035762787,0.1754170060157776,0.1825830042362213,711348000
2004-05-07 00:00:00-04:00,0.18791699409484863,0.19141699373722076,0.18299999833106995,0.18400000035762787,956772000
2004-05-10 00:00:00-04:00,0.17908300459384918,0.1809999942779541,0.17291699349880219,0.17683300375938416,669072000
2004-05-11 00:00:00-04:00,0.17908300459384918,0.18291699886322021,0.17833299934864044,0.18116700649261475,399936000
2004-05-12 00:00:00-04:00,0.18016700446605682,0.180417001247406,0.17241699993610382,0.17866699397563934,482328000
2004-05-13 00:00:00-04:00,0.17716699838638306,0.18250000476837158,0.1766670048236847,0.17925000190734863,347952000
2004-05-14 00:00:00-04:00,0.18000000715255737,0.1831669956445694,0.17833299934864044,0.17925000190734863,459000000
2004-05-17 00:00:00-04:00,0.1766670048236847,0.17900000512599945,0.17374999821186066,0.17641699314117432,308340000
2004-05-18 00:00:00-04:00,0.17800000309944153,0.1813330054283142,0.17733299732208252,0.17925000190734863,204420000
2004-05-19 00:00:00-04:00,0.18324999511241913,0.18583300709724426,0.1779170036315918,0.1788329929113388,498276000
2004-05-20 00:00:00-04:00,0.1784999966621399,0.18150000274181366,0.17533299326896667,0.17624999582767487,421488000
2004-05-21 00:00:00-04:00,0.17833299934864044,0.17858299612998962,0.17425000667572021,0.1766670048236847,282096000
2004-05-24 00:00:00-04:00,0.1763329952955246,0.17808300256729126,0.17399999499320984,0.17608299851417542,301620000
2004-05-25 00:00:00-04:00,0.17683300375938416,0.18458299338817596,0.1732500046491623,0.1837500035762787,681264000
2004-05-26 00:00:00-04:00,0.1837500035762787,0.1899999976158142,0.18266700208187103,0.1875,524568000
2004-05-27 00:00:00-04:00,0.1905830055475235,0.1934169977903366,0.1878329962491989,0.1880829930305481,556548000
2004-05-28 00:00:00-04:00,0.19041700661182404,0.1965000033378601,0.18891699612140656,0.19541700184345245,637980000
2004-06-01 00:00:00-04:00,0.19208300113677979,0.19724999368190765,0.1918330043554306,0.195250004529953,318420000
2004-06-02 00:00:00-04:00,0.20000000298023224,0.20091700553894043,0.19358299672603607,0.19374999403953552,643800000
2004-06-03 00:00:00-04:00,0.19383299350738525,0.19425000250339508,0.18383300304412842,0.1844169944524765,700824000
2004-06-04 00:00:00-04:00,0.188167005777359,0.18858300149440765,0.18241700530052185,0.1825830042362213,649608000
2004-06-07 00:00:00-04:00,0.1855829954147339,0.18908299505710602,0.18324999511241913,0.18700000643730164,571956000
2004-06-08 00:00:00-04:00,0.18591700494289398,0.1862500011920929,0.18091699481010437,0.18366700410842896,615000000
2004-06-09 00:00:00-04:00,0.1847500056028366,0.1850000023841858,0.1745000034570694,0.1750829964876175,498336000
2004-06-10 00:00:00-04:00,0.1779170036315918,0.1782499998807907,0.1717499941587448,0.17333300411701202,564516000
2004-06-14 00:00:00-04:00,0.17241699993610382,0.17241699993610382,0.16658300161361694,0.16791699826717377,424752000
2004-06-15 00:00:00-04:00,0.17075000703334808,0.17299999296665192,0.16883300244808197,0.17041699588298798,394584000
2004-06-16 00:00:00-04:00,0.1699170023202896,0.17100000381469727,0.1670829951763153,0.16775000095367432,252576000
2004-06-17 00:00:00-04:00,0.16666699945926666,0.17075000703334808,0.16358299553394318,0.16441699862480164,482376000
2004-06-18 00:00:00-04:00,0.16533300280570984,0.1692499965429306,0.16249999403953552,0.16466699540615082,534336000
2004-06-21 00:00:00-04:00,0.1649170070886612,0.16750000417232513,0.16066700220108032,0.16175000369548798,266568000
2004-06-22 00:00:00-04:00,0.16266700625419617,0.1670829951763153,0.16158300638198853,0.16633300483226776,430308000
2004-06-23 00:00:00-04:00,0.1658329963684082,0.1698330044746399,0.16541700065135956,0.16916699707508087,264660000
2004-06-24 00:00:00-04:00,0.17366699874401093,0.17425000667572021,0.16641700267791748,0.16766700148582458,590652000
2004-06-25 00:00:00-04:00,0.16883300244808197,0.17075000703334808,0.16683299839496613,0.16875000298023224,329124000
2004-06-28 00:00:00-04:00,0.17116700112819672,0.1717499941587448,0.16666699945926666,0.16733300685882568,299376000
2004-06-29 00:00:00-04:00,0.1683329939842224,0.17333300411701202,0.16766700148582458,0.17308300733566284,363852000
2004-06-30 00:00:00-04:00,0.16850000619888306,0.1732500046491623,0.16850000619888306,0.17058299481868744,329268000
2004-07-01 00:00:00-04:00,0.17249999940395355,0.17274999618530273,0.16249999403953552,0.1627500057220459,505620000
2004-07-02 00:00:00-04:00,0.16449999809265137,0.1645829975605011,0.15925000607967377,0.16050000488758087,294948000
2004-07-06 00:00:00-04:00,0.15858300030231476,0.1602499932050705,0.14933300018310547,0.15108299255371094,575388000
2004-07-07 00:00:00-04:00,0.15299999713897705,0.15616700053215027,0.15108299255371094,0.15183299779891968,344136000
2004-07-08 00:00:00-04:00,0.1504170000553131,0.15291699767112732,0.14691700041294098,0.14716699719429016,430056000
2004-07-09 00:00:00-04:00,0.1469999998807907,0.14716699719429016,0.13808299601078033,0.14083300530910492,1114500000
2004-07-12 00:00:00-04:00,0.13691699504852295,0.14083300530910492,0.13574999570846558,0.13758300244808197,676044000
2004-07-13 00:00:00-04:00,0.1392499953508377,0.14166699349880219,0.1358329951763153,0.1373330056667328,567108000
2004-07-14 00:00:00-04:00,0.13249999284744263,0.1361670047044754,0.12858299911022186,0.13124999403953552,901608000
2004-07-15 00:00:00-04:00,0.13258300721645355,0.1340000033378601,0.12950000166893005,0.13033300638198853,611352000
2004-07-16 00:00:00-04:00,0.13433299958705902,0.13449999690055847,0.1264999955892563,0.1264999955892563,464700000
2004-07-19 00:00:00-04:00,0.1268330067396164,0.1293330043554306,0.12508299946784973,0.12791700661182404,461088000
2004-07-20 00:00:00-04:00,0.12783299386501312,0.13099999725818634,0.12658299505710602,0.13050000369548798,341544000
2004-07-21 00:00:00-04:00,0.13249999284744263,0.13266700506210327,0.12216699868440628,0.12258300185203552,613416000
2004-07-22 00:00:00-04:00,0.12399999797344208,0.12583300471305847,0.11999999731779099,0.12516699731349945,521460000
2004-07-23 00:00:00-04:00,0.12600000202655792,0.12616699934005737,0.12099999934434891,0.12183299660682678,371496000
2004-07-26 00:00:00-04:00,0.12341699749231339,0.12449999898672104,0.1172500029206276,0.11841700226068497,503208000
2004-07-27 00:00:00-04:00,0.11900000274181366,0.12266699969768524,0.11533299833536148,0.12233299762010574,789888000
2004-07-28 00:00:00-04:00,0.12208300083875656,0.12250000238418579,0.11583299934864044,0.11924999952316284,505116000
2004-07-29 00:00:00-04:00,0.12091699987649918,0.13016700744628906,0.1203330010175705,0.12708300352096558,747360000
2004-07-30 00:00:00-04:00,0.12549999356269836,0.1308329999446869,0.12524999678134918,0.12849999964237213,403956000
2004-08-02 00:00:00-04:00,0.12858299911022186,0.13066700100898743,0.12641699612140656,0.13016700744628906,420984000
2004-08-03 00:00:00-04:00,0.13075000047683716,0.1308329999446869,0.12241700291633606,0.12341699749231339,741540000
2004-08-04 00:00:00-04:00,0.12208300083875656,0.1259170025587082,0.1219170019030571,0.12475000321865082,507816000
2004-08-05 00:00:00-04:00,0.12608300149440765,0.12666699290275574,0.11916700005531311,0.12133300304412842,859920000
2004-08-06 00:00:00-04:00,0.08425000309944153,0.08500000089406967,0.07750000059604645,0.0785830020904541,5088948000
2004-08-09 00:00:00-04:00,0.08058299869298935,0.08391699939966202,0.07925000041723251,0.08208300173282623,1579212000
2004-08-10 00:00:00-04:00,0.086667001247406,0.08941700309515,0.08524999767541885,0.08858300000429153,2051916000
2004-08-11 00:00:00-04:00,0.08741699904203415,0.08741699904203415,0.0854170024394989,0.0860000029206276,963816000
2004-08-12 00:00:00-04:00,0.08624999970197678,0.08649999648332596,0.0838330015540123,0.08399999886751175,654384000
2004-08-13 00:00:00-04:00,0.0860000029206276,0.08808299899101257,0.08524999767541885,0.08749999850988388,815700000
2004-08-16 00:00:00-04:00,0.08649999648332596,0.08883299678564072,0.0860000029206276,0.086667001247406,531732000
2004-08-17 00:00:00-04:00,0.08858300000429153,0.0919170007109642,0.08775000274181366,0.09141699969768524,744912000
2004-08-18 00:00:00-04:00,0.09183300286531448,0.09749999642372131,0.09108299762010574,0.09749999642372131,872424000
2004-08-19 00:00:00-04:00,0.09691700339317322,0.09866700321435928,0.09566699713468552,0.0971670001745224,724404000
2004-08-20 00:00:00-04:00,0.09666699916124344,0.10433299839496613,0.09633299708366394,0.10291700065135956,1199040000
2004-08-23 00:00:00-04:00,0.1045830026268959,0.10625000298023224,0.10400000214576721,0.10516700148582458,800028000
2004-08-24 00:00:00-04:00,0.10666699707508087,0.10716699808835983,0.09925000369548798,0.10125000029802322,939420000
2004-08-25 00:00:00-04:00,0.10350000113248825,0.10633300244808197,0.10158299654722214,0.10558299720287323,721308000
2004-08-26 00:00:00-04:00,0.10541699826717377,0.10649999976158142,0.1045830026268959,0.10583300143480301,612720000
2004-08-27 00:00:00-04:00,0.10591699928045273,0.10933300107717514,0.10583300143480301,0.10783299803733826,565128000
2004-08-30 00:00:00-04:00,0.10741700232028961,0.1080000028014183,0.10416699945926666,0.1042499989271164,628056000
2004-08-31 00:00:00-04:00,0.10466700047254562,0.10516700148582458,0.10058300197124481,0.10383299738168716,587064000
2004-09-01 00:00:00-04:00,0.10249999910593033,0.1073329970240593,0.10116700083017349,0.10583300143480301,591744000
2004-09-02 00:00:00-04:00,0.10633300244808197,0.11100000143051147,0.10533300042152405,0.110166996717453,770088000
2004-09-03 00:00:00-04:00,0.10683300346136093,0.10899999737739563,0.10591699928045273,0.10683300346136093,715056000
2004-09-07 00:00:00-04:00,0.10750000178813934,0.10975000262260437,0.10341700166463852,0.10483299940824509,727332000
2004-09-08 00:00:00-04:00,0.1049169972538948,0.10583300143480301,0.1024169996380806,0.10266699641942978,834984000
2004-09-09 00:00:00-04:00,0.10516700148582458,0.11474999785423279,0.10466700047254562,0.11291699856519699,1299324000
2004-09-10 00:00:00-04:00,0.11100000143051147,0.11783300340175629,0.11066699773073196,0.1172500029206276,1039344000
2004-09-13 00:00:00-04:00,0.11708299815654755,0.12183299660682678,0.11691699922084808,0.11949999630451202,967752000
2004-09-14 00:00:00-04:00,0.11841700226068497,0.12083300203084946,0.11749999970197678,0.11999999731779099,683556000
2004-09-15 00:00:00-04:00,0.1163330003619194,0.1166670024394989,0.11183299869298935,0.11333300173282623,1163904000
2004-09-16 00:00:00-04:00,0.11524999886751175,0.11874999850988388,0.11483299732208252,0.11758299916982651,810024000
2004-09-17 00:00:00-04:00,0.1185000017285347,0.12308300286531448,0.11749999970197678,0.12241700291633606,1003800000
2004-09-20 00:00:00-04:00,0.11999999731779099,0.12575000524520874,0.1185000017285347,0.12224999815225601,794628000
2004-09-21 00:00:00-04:00,0.125,0.1264999955892563,0.12349999696016312,0.12549999356269836,503904000
2004-09-22 00:00:00-04:00,0.12216699868440628,0.12516699731349945,0.11908300220966339,0.11966700106859207,625920000
2004-09-23 00:00:00-04:00,0.12108299881219864,0.12141700088977814,0.11758299916982651,0.12075000256299973,578664000
2004-09-24 00:00:00-04:00,0.12125000357627869,0.12141700088977814,0.11533299833536148,0.11708299815654755,476316000
2004-09-27 00:00:00-04:00,0.11616700142621994,0.11749999970197678,0.11291699856519699,0.11500000208616257,406020000
2004-09-28 00:00:00-04:00,0.11474999785423279,0.11766699701547623,0.11316700279712677,0.1166670024394989,474840000
2004-09-29 00:00:00-04:00,0.11658299714326859,0.1228329986333847,0.1150830015540123,0.11949999630451202,537228000
2004-09-30 00:00:00-04:00,0.12083300203084946,0.1237500011920929,0.11858300119638443,0.12099999934434891,619680000
2004-10-01 00:00:00-04:00,0.1215829998254776,0.12666699290275574,0.12099999934434891,0.12600000202655792,590412000
2004-10-04 00:00:00-04:00,0.12708300352096558,0.13124999403953552,0.1268330067396164,0.12958300113677979,673932000
2004-10-05 00:00:00-04:00,0.12641699612140656,0.12974999845027924,0.12549999356269836,0.12666699290275574,633180000
2004-10-06 00:00:00-04:00,0.12641699612140656,0.1277499943971634,0.12349999696016312,0.1271670013666153,498504000
2004-10-07 00:00:00-04:00,0.12950000166893005,0.1324169933795929,0.12725000083446503,0.12791700661182404,798072000
2004-10-08 00:00:00-04:00,0.12658299505710602,0.12708300352096558,0.11983300000429153,0.12091699987649918,693420000
2004-10-11 00:00:00-04:00,0.12108299881219864,0.12349999696016312,0.11891700327396393,0.12108299881219864,373848000
2004-10-12 00:00:00-04:00,0.11699999868869781,0.12025000154972076,0.1150830015540123,0.11933299899101257,827232000
2004-10-13 00:00:00-04:00,0.12291699647903442,0.12449999898672104,0.11758299916982651,0.11858300119638443,672816000
2004-10-14 00:00:00-04:00,0.11966700106859207,0.11966700106859207,0.1141669973731041,0.11500000208616257,513264000
2004-10-15 00:00:00-04:00,0.11524999886751175,0.1154170036315918,0.10899999737739563,0.11183299869298935,1280484000
2004-10-18 00:00:00-04:00,0.11116699874401093,0.11500000208616257,0.11025000363588333,0.1138330027461052,573972000
2004-10-19 00:00:00-04:00,0.11641699820756912,0.11758299916982651,0.11225000023841858,0.11308299750089645,618480000
2004-10-20 00:00:00-04:00,0.11275000125169754,0.11491700261831284,0.11208300292491913,0.11441700160503387,540204000
2004-10-21 00:00:00-04:00,0.11558300256729126,0.1185000017285347,0.11466699838638306,0.11699999868869781,1013964000
2004-10-22 00:00:00-04:00,0.11808300018310547,0.11833299696445465,0.11033300310373306,0.11066699773073196,686460000
2004-10-25 00:00:00-04:00,0.10975000262260437,0.11358299851417542,0.10949999839067459,0.11116699874401093,529164000
2004-10-26 00:00:00-04:00,0.12208300083875656,0.12658299505710602,0.11808300018310547,0.12075000256299973,2455776000
2004-10-27 00:00:00-04:00,0.11858300119638443,0.12633299827575684,0.11858300119638443,0.12408299744129181,1074036000
2004-10-28 00:00:00-04:00,0.12241700291633606,0.125,0.1215829998254776,0.12274999916553497,561552000
2004-10-29 00:00:00-04:00,0.1215829998254776,0.12325000017881393,0.11949999630451202,0.12058299779891968,742860000
2004-11-01 00:00:00-05:00,0.12224999815225601,0.12325000017881393,0.12066700309515,0.1231670007109642,653892000
2004-11-02 00:00:00-05:00,0.1228329986333847,0.1274999976158142,0.12183299660682678,0.12491700053215027,1095756000
2004-11-03 00:00:00-05:00,0.12999999523162842,0.13041700422763824,0.12541699409484863,0.12608300149440765,910356000
2004-11-04 00:00:00-05:00,0.12700000405311584,0.12999999523162842,0.12433300167322159,0.1284170001745224,995544000
2004-11-05 00:00:00-05:00,0.14833299815654755,0.15641699731349945,0.14533300697803497,0.1469999998807907,3849012000
2004-11-08 00:00:00-05:00,0.1454170048236847,0.15058299899101257,0.14474999904632568,0.14858299493789673,718620000
2004-11-09 00:00:00-05:00,0.1463329941034317,0.14983299374580383,0.14624999463558197,0.14766700565814972,615936000
2004-11-10 00:00:00-05:00,0.14749999344348907,0.1490830034017563,0.14683300256729126,0.14766700565814972,645912000
2004-11-11 00:00:00-05:00,0.14858299493789673,0.15058299899101257,0.1475829929113388,0.15058299899101257,507000000
2004-11-12 00:00:00-05:00,0.15291699767112732,0.15333299338817596,0.14933300018310547,0.15083299577236176,647076000
2004-11-15 00:00:00-05:00,0.14933300018310547,0.15416699647903442,0.14841699600219727,0.15308299660682678,536472000
2004-11-16 00:00:00-05:00,0.15358300507068634,0.15524999797344208,0.1497499942779541,0.15258300304412842,472728000
2004-11-17 00:00:00-05:00,0.1550000011920929,0.15925000607967377,0.1535000056028366,0.15516699850559235,602772000
2004-11-18 00:00:00-05:00,0.15649999678134918,0.15850000083446503,0.15324999392032623,0.1571670025587082,532524000
2004-11-19 00:00:00-05:00,0.16916699707508087,0.171083003282547,0.15674999356269836,0.15800000727176666,2126052000
2004-11-22 00:00:00-05:00,0.15858300030231476,0.16249999403953552,0.15708300471305847,0.16249999403953552,733788000
2004-11-23 00:00:00-05:00,0.1611669957637787,0.1649170070886612,0.15983299911022186,0.16316699981689453,676896000
2004-11-24 00:00:00-05:00,0.16300000250339508,0.1665000021457672,0.16258299350738525,0.16383300721645355,428580000
2004-11-26 00:00:00-05:00,0.1645829975605011,0.16699999570846558,0.16316699981689453,0.1655000001192093,350760000
2004-11-29 00:00:00-05:00,0.1667499989271164,0.16791699826717377,0.16083300113677979,0.16224999725818634,704388000
2004-11-30 00:00:00-05:00,0.16291700303554535,0.1630830019712448,0.15850000083446503,0.15941700339317322,576540000
2004-12-01 00:00:00-05:00,0.16083300113677979,0.1634169965982437,0.1596670001745224,0.1634169965982437,514572000
2004-12-02 00:00:00-05:00,0.1618330031633377,0.16683299839496613,0.1605830043554306,0.16558299958705902,758652000
2004-12-03 00:00:00-05:00,0.16958299279212952,0.17499999701976776,0.16899999976158142,0.17274999618530273,1347312000
2004-12-06 00:00:00-05:00,0.1735830008983612,0.18241700530052185,0.1704999953508377,0.1809999942779541,970500000
2004-12-07 00:00:00-05:00,0.19158299267292023,0.20800000429153442,0.1878329962491989,0.19008299708366394,2927052000
2004-12-08 00:00:00-05:00,0.1927500069141388,0.1958329975605011,0.19083300232887268,0.19233299791812897,872724000
2004-12-09 00:00:00-05:00,0.18891699612140656,0.19258299469947815,0.18524999916553497,0.1905830055475235,869964000
2004-12-10 00:00:00-05:00,0.19499999284744263,0.19633300602436066,0.1930830031633377,0.19425000250339508,652848000
2004-12-13 00:00:00-05:00,0.19133299589157104,0.19383299350738525,0.18799999356269836,0.18891699612140656,738024000
2004-12-14 00:00:00-05:00,0.18908299505710602,0.19291700422763824,0.1887499988079071,0.1927500069141388,512988000
2004-12-15 00:00:00-05:00,0.1946669965982437,0.19508300721645355,0.19166700541973114,0.19449999928474426,432768000
2004-12-16 00:00:00-05:00,0.2001670002937317,0.20716699957847595,0.1967500001192093,0.1970829963684082,1524036000
2004-12-17 00:00:00-05:00,0.20074999332427979,0.20158299803733826,0.18991699814796448,0.1921669989824295,1214244000
2004-12-20 00:00:00-05:00,0.19441699981689453,0.1974170058965683,0.18908299505710602,0.19008299708366394,898728000
2004-12-21 00:00:00-05:00,0.19008299708366394,0.19283300638198853,0.18541699647903442,0.1914999932050705,899400000
2004-12-22 00:00:00-05:00,0.19533300399780273,0.19625000655651093,0.19133299589157104,0.19175000488758087,421824000
2004-12-23 00:00:00-05:00,0.19066700339317322,0.19441699981689453,0.18975000083446503,0.19224999845027924,366972000
2004-12-27 00:00:00-05:00,0.1949169933795929,0.19574999809265137,0.18958300352096558,0.1905830055475235,308208000
2004-12-28 00:00:00-05:00,0.19099999964237213,0.19249999523162842,0.18883299827575684,0.18958300352096558,291612000
2004-12-29 00:00:00-05:00,0.1889999955892563,0.19358299672603607,0.18850000202655792,0.1912499964237213,294732000
2004-12-30 00:00:00-05:00,0.19133299589157104,0.19291700422763824,0.1896670013666153,0.19050000607967377,259812000
2004-12-31 00:00:00-05:00,0.19325000047683716,0.19733299314975739,0.19249999523162842,0.19633300602436066,575964000
2005-01-03 00:00:00-05:00,0.20316700637340546,0.20600000023841858,0.19566699862480164,0.1965000033378601,1066716000
2005-01-04 00:00:00-05:00,0.19791699945926666,0.19824999570846558,0.18424999713897705,0.18725000321865082,790224000
2005-01-05 00:00:00-05:00,0.18524999916553497,0.1912499964237213,0.18424999713897705,0.1889999955892563,724812000
2005-01-06 00:00:00-05:00,0.19233299791812897,0.194582998752594,0.18583300709724426,0.1871670037508011,563568000
2005-01-07 00:00:00-05:00,0.18758299946784973,0.1889999955892563,0.18083299696445465,0.18358300626277924,763092000
2005-01-10 00:00:00-05:00,0.18416699767112732,0.18583300709724426,0.18291699886322021,0.18400000035762787,579552000
2005-01-11 00:00:00-05:00,0.1822499930858612,0.18324999511241913,0.17558300495147705,0.17833299934864044,1093380000
2005-01-12 00:00:00-05:00,0.17991699278354645,0.18058300018310547,0.17249999940395355,0.17683300375938416,1057800000
2005-01-13 00:00:00-05:00,0.1772499978542328,0.18333299458026886,0.17333300411701202,0.17866699397563934,898764000
2005-01-14 00:00:00-05:00,0.18199999630451202,0.18241700530052185,0.17749999463558197,0.17925000190734863,573912000
2005-01-18 00:00:00-05:00,0.1772499978542328,0.18250000476837158,0.17683300375938416,0.18208299577236176,464556000
2005-01-19 00:00:00-05:00,0.18291699886322021,0.18333299458026886,0.17716699838638306,0.1779170036315918,336492000
2005-01-20 00:00:00-05:00,0.17433300614356995,0.18266700208187103,0.17433300614356995,0.17833299934864044,640080000
2005-01-21 00:00:00-05:00,0.17858299612998962,0.18216699361801147,0.17800000309944153,0.17866699397563934,596352000
2005-01-24 00:00:00-05:00,0.17766700685024261,0.18025000393390656,0.1704999953508377,0.17149999737739563,463704000
2005-01-25 00:00:00-05:00,0.17225000262260437,0.17691700160503387,0.17125000059604645,0.1745000034570694,439704000
2005-01-26 00:00:00-05:00,0.1750829964876175,0.1791670024394989,0.17216700315475464,0.17675000429153442,429120000
2005-01-27 00:00:00-05:00,0.17708300054073334,0.19175000488758087,0.17599999904632568,0.1909170001745224,1002912000
2005-01-28 00:00:00-05:00,0.19166700541973114,0.1924169957637787,0.18649999797344208,0.19066700339317322,671052000
2005-01-31 00:00:00-05:00,0.19224999845027924,0.194582998752594,0.18833300471305847,0.19099999964237213,562968000
2005-02-01 00:00:00-05:00,0.19083300232887268,0.19541700184345245,0.1896670013666153,0.194582998752594,507180000
2005-02-02 00:00:00-05:00,0.20225000381469727,0.2070000022649765,0.1965000033378601,0.20541700720787048,2035404000
2005-02-03 00:00:00-05:00,0.2032500058412552,0.20466700196266174,0.20041699707508087,0.2032500058412552,690120000
2005-02-04 00:00:00-05:00,0.20333300530910492,0.21549999713897705,0.2032500058412552,0.21491700410842896,806448000
2005-02-07 00:00:00-05:00,0.21516700088977814,0.21916699409484863,0.2104170024394989,0.21233299374580383,521628000
2005-02-08 00:00:00-05:00,0.210999995470047,0.2178329974412918,0.21033300459384918,0.2144169956445694,455772000
2005-02-09 00:00:00-05:00,0.2150000035762787,0.2156669944524765,0.20583300292491913,0.20691700279712677,783756000
2005-02-10 00:00:00-05:00,0.20800000429153442,0.2128330022096634,0.20724999904632568,0.21175000071525574,602376000
2005-02-11 00:00:00-05:00,0.2104170024394989,0.21950000524520874,0.20966699719429016,0.21791699528694153,556512000
2005-02-14 00:00:00-05:00,0.2178329974412918,0.21866700053215027,0.21250000596046448,0.21333299577236176,432900000
2005-02-15 00:00:00-05:00,0.2147500067949295,0.22208300232887268,0.2144169956445694,0.21525000035762787,748500000
2005-02-16 00:00:00-05:00,0.21458299458026886,0.21766699850559235,0.21066699922084808,0.21449999511241913,466464000
2005-02-17 00:00:00-05:00,0.21741700172424316,0.2175000011920929,0.21091699600219727,0.2125830054283142,1017408000
2005-02-18 00:00:00-05:00,0.22891700267791748,0.23583300411701202,0.22258299589157104,0.23558300733566284,3132120000
2005-02-22 00:00:00-05:00,0.23399999737739563,0.2440830022096634,0.23191699385643005,0.23858299851417542,1420800000
2005-02-23 00:00:00-05:00,0.23475000262260437,0.2376669943332672,0.22699999809265137,0.2308329939842224,1107840000
2005-02-24 00:00:00-05:00,0.22766700387001038,0.23725000023841858,0.22766700387001038,0.23691700398921967,695496000
2005-02-25 00:00:00-05:00,0.23725000023841858,0.24158300459384918,0.23466700315475464,0.24033300578594208,525132000
2005-02-28 00:00:00-05:00,0.2391670048236847,0.2416670024394989,0.23708300292491913,0.24158300459384918,758064000
2005-03-01 00:00:00-05:00,0.24266700446605682,0.24666699767112732,0.23858299851417542,0.2409999966621399,737148000
2005-03-02 00:00:00-05:00,0.23833300173282623,0.23966699838638306,0.23250000178813934,0.2339169979095459,947460000
2005-03-03 00:00:00-05:00,0.23333300650119781,0.2348330020904541,0.22733299434185028,0.23074999451637268,761292000
2005-03-04 00:00:00-05:00,0.2314170002937317,0.23341700434684753,0.22783300280570984,0.22975000739097595,593124000
2005-03-07 00:00:00-05:00,0.23074999451637268,0.23691700398921967,0.22916699945926666,0.23208299279212952,511176000
2005-03-08 00:00:00-05:00,0.23149999976158142,0.23199999332427979,0.21883299946784973,0.22033299505710602,1332384000
2005-03-09 00:00:00-05:00,0.21891699731349945,0.22300000488758087,0.21391700208187103,0.21458299458026886,910140000
2005-03-10 00:00:00-05:00,0.21525000035762787,0.21716700494289398,0.21108299493789673,0.21449999511241913,689280000
2005-03-11 00:00:00-05:00,0.21641699969768524,0.21674999594688416,0.20774999260902405,0.20966699719429016,732180000
2005-03-14 00:00:00-05:00,0.21400000154972076,0.21649999916553497,0.21250000596046448,0.21558299660682678,572148000
2005-03-15 00:00:00-05:00,0.21666699647903442,0.21875,0.21108299493789673,0.21125000715255737,378108000
2005-03-16 00:00:00-05:00,0.2104170024394989,0.21375000476837158,0.2075829952955246,0.20766699314117432,535356000
2005-03-17 00:00:00-05:00,0.20833300054073334,0.20908300578594208,0.2050829976797104,0.20558300614356995,442584000
2005-03-18 00:00:00-05:00,0.2057500034570694,0.2064169943332672,0.19766700267791748,0.2014169991016388,639012000
2005-03-21 00:00:00-05:00,0.20133300125598907,0.2088329941034317,0.20008300244808197,0.20833300054073334,654456000
2005-03-22 00:00:00-05:00,0.2084999978542328,0.2104170024394989,0.20383299887180328,0.20458300411701202,622992000
2005-03-23 00:00:00-05:00,0.20433300733566284,0.2104170024394989,0.203916996717453,0.20900000631809235,728784000
2005-03-24 00:00:00-05:00,0.20958299934864044,0.21525000035762787,0.20925000309944153,0.20941700041294098,865356000
2005-03-28 00:00:00-05:00,0.2094999998807907,0.21250000596046448,0.2050829976797104,0.20708300173282623,511188000
2005-03-29 00:00:00-05:00,0.20683300495147705,0.2091670036315918,0.20158299803733826,0.20250000059604645,587400000
2005-03-30 00:00:00-05:00,0.20258300006389618,0.20541700720787048,0.19558300077915192,0.20250000059604645,858708000
2005-03-31 00:00:00-05:00,0.20133300125598907,0.20274999737739563,0.1970829963684082,0.1979999989271164,518316000
2005-04-01 00:00:00-05:00,0.20041699707508087,0.20158299803733826,0.1949169933795929,0.19608299434185028,510756000
2005-04-04 00:00:00-04:00,0.19499999284744263,0.19558300077915192,0.1905830055475235,0.1949169933795929,421428000
2005-04-05 00:00:00-04:00,0.19499999284744263,0.19908300042152405,0.19033299386501312,0.1914999932050705,430128000
2005-04-06 00:00:00-04:00,0.19508300721645355,0.1983329951763153,0.19374999403953552,0.19441699981689453,567468000
2005-04-07 00:00:00-04:00,0.19541700184345245,0.20000000298023224,0.19208300113677979,0.1979999989271164,506352000
2005-04-08 00:00:00-04:00,0.19883300364017487,0.2032500058412552,0.19499999284744263,0.19541700184345245,621540000
2005-04-11 00:00:00-04:00,0.19683299958705902,0.19750000536441803,0.19099999964237213,0.19158299267292023,328380000
2005-04-12 00:00:00-04:00,0.19099999964237213,0.19425000250339508,0.18674999475479126,0.19391700625419617,512232000
2005-04-13 00:00:00-04:00,0.19416700303554535,0.1946669965982437,0.18458299338817596,0.18583300709724426,498408000
2005-04-14 00:00:00-04:00,0.1862500011920929,0.18799999356269836,0.18366700410842896,0.18433299660682678,352080000
2005-04-15 00:00:00-04:00,0.18199999630451202,0.18333299458026886,0.17624999582767487,0.1779170036315918,630156000
2005-04-18 00:00:00-04:00,0.17683300375938416,0.1806669980287552,0.17583300173282623,0.1766670048236847,473100000
2005-04-19 00:00:00-04:00,0.17958299815654755,0.18416699767112732,0.17874999344348907,0.1828330010175705,365460000
2005-04-20 00:00:00-04:00,0.18591700494289398,0.18708300590515137,0.17708300054073334,0.1772499978542328,564672000
2005-04-21 00:00:00-04:00,0.18083299696445465,0.18774999678134918,0.17925000190734863,0.18708300590515137,538152000
2005-04-22 00:00:00-04:00,0.18591700494289398,0.1871670037508011,0.1831669956445694,0.1853329986333847,336276000
2005-04-25 00:00:00-04:00,0.1869170069694519,0.1896670013666153,0.1860000044107437,0.18825000524520874,318168000
2005-04-26 00:00:00-04:00,0.18833300471305847,0.19224999845027924,0.18358300626277924,0.18741700053215027,353148000
2005-04-27 00:00:00-04:00,0.18250000476837158,0.1831669956445694,0.17649999260902405,0.18025000393390656,609348000
2005-04-28 00:00:00-04:00,0.17966699600219727,0.18324999511241913,0.1779170036315918,0.18083299696445465,372948000
2005-04-29 00:00:00-04:00,0.1825830042362213,0.18400000035762787,0.17433300614356995,0.18275000154972076,478356000
2005-05-02 00:00:00-04:00,0.18491700291633606,0.18700000643730164,0.17933300137519836,0.18208299577236176,334908000
2005-05-03 00:00:00-04:00,0.1822499930858612,0.1855829954147339,0.1803330034017563,0.18108299374580383,439512000
2005-05-04 00:00:00-04:00,0.1819169968366623,0.188167005777359,0.1813330054283142,0.186832994222641,468816000
2005-05-05 00:00:00-04:00,0.18791699409484863,0.19283300638198853,0.1869170069694519,0.19050000607967377,619272000
2005-05-06 00:00:00-04:00,0.1927500069141388,0.19316700100898743,0.18833300471305847,0.1930830031633377,355728000
2005-05-09 00:00:00-04:00,0.19391700625419617,0.1979999989271164,0.1927500069141388,0.19666700065135956,745332000
2005-05-10 00:00:00-04:00,0.19416700303554535,0.19425000250339508,0.186832994222641,0.1889999955892563,735120000
2005-05-11 00:00:00-04:00,0.1899999976158142,0.19083300232887268,0.18549999594688416,0.18583300709724426,555420000
2005-05-12 00:00:00-04:00,0.18583300709724426,0.1924169957637787,0.1856669932603836,0.18991699814796448,835584000
2005-05-13 00:00:00-04:00,0.20708300173282623,0.2122499942779541,0.1983329951763153,0.21108299493789673,2650320000
2005-05-16 00:00:00-04:00,0.20858299732208252,0.21324999630451202,0.2084999978542328,0.21183300018310547,664104000
2005-05-17 00:00:00-04:00,0.21058300137519836,0.21516700088977814,0.2104170024394989,0.21416699886322021,639804000
2005-05-18 00:00:00-04:00,0.21366700530052185,0.2162500023841858,0.21141700446605682,0.21574999392032623,550056000
2005-05-19 00:00:00-04:00,0.2162500023841858,0.21716700494289398,0.2129170000553131,0.2153329998254776,452880000
2005-05-20 00:00:00-04:00,0.21508300304412842,0.21924999356269836,0.2125830054283142,0.21916699409484863,517008000
2005-05-23 00:00:00-04:00,0.2206670045852661,0.226500004529953,0.2199999988079071,0.22425000369548798,703668000
2005-05-24 00:00:00-04:00,0.22316700220108032,0.22824999690055847,0.22208300232887268,0.2274170070886612,522192000
2005-05-25 00:00:00-04:00,0.22691699862480164,0.22808299958705902,0.22233299911022186,0.22450000047683716,535272000
2005-05-26 00:00:00-04:00,0.226500004529953,0.23258300125598907,0.22608299553394318,0.2308329939842224,788784000
2005-05-27 00:00:00-04:00,0.23149999976158142,0.23149999976158142,0.22691699862480164,0.22933299839496613,322740000
2005-05-31 00:00:00-04:00,0.2283329963684082,0.23025000095367432,0.22208300232887268,0.225832998752594,763176000
2005-06-01 00:00:00-04:00,0.2243330031633377,0.23208299279212952,0.22166700661182404,0.22791700065135956,796632000
2005-06-02 00:00:00-04:00,0.2270829975605011,0.2364169955253601,0.2270829975605011,0.2364169955253601,684348000
2005-06-03 00:00:00-04:00,0.23558300733566284,0.23774999380111694,0.23333300650119781,0.23583300411701202,559620000
2005-06-06 00:00:00-04:00,0.23158299922943115,0.23616699874401093,0.2314170002937317,0.233583003282547,512892000
2005-06-07 00:00:00-04:00,0.23199999332427979,0.23583300411701202,0.2270829975605011,0.22791700065135956,974136000
2005-06-08 00:00:00-04:00,0.22849999368190765,0.23166699707508087,0.22391700744628906,0.22633300721645355,618720000
2005-06-09 00:00:00-04:00,0.2245829999446869,0.23591700196266174,0.2243330031633377,0.23583300411701202,619908000
2005-06-10 00:00:00-04:00,0.23558300733566284,0.23583300411701202,0.23158299922943115,0.23316699266433716,465096000
2005-06-13 00:00:00-04:00,0.23333300650119781,0.24491700530052185,0.2326669991016388,0.23833300173282623,1409916000
2005-06-14 00:00:00-04:00,0.23841699957847595,0.24233299493789673,0.21674999594688416,0.22425000369548798,2408412000
2005-06-15 00:00:00-04:00,0.22283299267292023,0.2245829999446869,0.2147500067949295,0.22358299791812897,1669788000
2005-06-16 00:00:00-04:00,0.22349999845027924,0.22624999284744263,0.2202499955892563,0.22474999725818634,489240000
2005-06-17 00:00:00-04:00,0.22750000655651093,0.22791700065135956,0.2236669957637787,0.22425000369548798,456348000
2005-06-20 00:00:00-04:00,0.22425000369548798,0.22916699945926666,0.2205830067396164,0.22766700387001038,606060000
2005-06-21 00:00:00-04:00,0.22916699945926666,0.23091700673103333,0.22699999809265137,0.22983300685882568,428172000
2005-06-22 00:00:00-04:00,0.23225000500679016,0.23383300006389618,0.22675000131130219,0.2295829951763153,700668000
2005-06-23 00:00:00-04:00,0.22916699945926666,0.23600000143051147,0.2283329963684082,0.23316699266433716,836976000
2005-06-24 00:00:00-04:00,0.23274999856948853,0.23283299803733826,0.22450000047683716,0.22574999928474426,475632000
2005-06-27 00:00:00-04:00,0.2243330031633377,0.2261669933795929,0.22191700339317322,0.22391700744628906,354588000
2005-06-28 00:00:00-04:00,0.22483299672603607,0.22683300077915192,0.22233299911022186,0.22533300518989563,262308000
2005-06-29 00:00:00-04:00,0.22541700303554535,0.225832998752594,0.22141699492931366,0.22325000166893005,283572000
2005-06-30 00:00:00-04:00,0.22474999725818634,0.22683300077915192,0.2209170013666153,0.22266699373722076,593232000
2005-07-01 00:00:00-04:00,0.22191700339317322,0.2240000069141388,0.21916699409484863,0.2236669957637787,315168000
2005-07-05 00:00:00-04:00,0.22450000047683716,0.22808299958705902,0.22233299911022186,0.22716699540615082,388440000
2005-07-06 00:00:00-04:00,0.22791700065135956,0.2342499941587448,0.22533300518989563,0.23325000703334808,703632000
2005-07-07 00:00:00-04:00,0.2295829951763153,0.23333300650119781,0.22883300483226776,0.23158299922943115,465900000
2005-07-08 00:00:00-04:00,0.2329999953508377,0.23524999618530273,0.23000000417232513,0.2345000058412552,408132000
2005-07-11 00:00:00-04:00,0.23658299446105957,0.2404170036315918,0.23558300733566284,0.23800000548362732,399492000
2005-07-12 00:00:00-04:00,0.23783299326896667,0.23849999904632568,0.23183299601078033,0.23666700720787048,564252000
2005-07-13 00:00:00-04:00,0.2376669943332672,0.23833300173282623,0.2329999953508377,0.2370000034570694,594780000
2005-07-14 00:00:00-04:00,0.2395000010728836,0.2441670000553131,0.2261669933795929,0.226500004529953,1871496000
2005-07-15 00:00:00-04:00,0.225832998752594,0.226500004529953,0.22016699612140656,0.22408300638198853,1223352000
2005-07-18 00:00:00-04:00,0.2234169989824295,0.22349999845027924,0.2162500023841858,0.21850000321865082,1044900000
2005-07-19 00:00:00-04:00,0.21983300149440765,0.22200000286102295,0.2181670069694519,0.2214999943971634,517896000
2005-07-20 00:00:00-04:00,0.21891699731349945,0.22574999928474426,0.21591700613498688,0.22483299672603607,526500000
2005-07-21 00:00:00-04:00,0.22191700339317322,0.22291700541973114,0.21641699969768524,0.22100000083446503,594528000
2005-07-22 00:00:00-04:00,0.22208300232887268,0.2252500057220459,0.21366700530052185,0.21525000035762787,699264000
2005-07-25 00:00:00-04:00,0.21275000274181366,0.22316700220108032,0.21183300018310547,0.21649999916553497,974952000
2005-07-26 00:00:00-04:00,0.21558299660682678,0.22133299708366394,0.2147500067949295,0.22100000083446503,759492000
2005-07-27 00:00:00-04:00,0.22133299708366394,0.226500004529953,0.21758300065994263,0.22550000250339508,807828000
2005-07-28 00:00:00-04:00,0.22508299350738525,0.2283329963684082,0.22200000286102295,0.22724999487400055,411240000
2005-07-29 00:00:00-04:00,0.22633300721645355,0.22875000536441803,0.2236669957637787,0.22550000250339508,351660000
2005-08-01 00:00:00-04:00,0.22683300077915192,0.2299170047044754,0.22533300518989563,0.22891700267791748,389040000
2005-08-02 00:00:00-04:00,0.22916699945926666,0.23274999856948853,0.22883300483226776,0.23199999332427979,422652000
2005-08-03 00:00:00-04:00,0.23199999332427979,0.23416699469089508,0.2299170047044754,0.23199999332427979,518256000
2005-08-04 00:00:00-04:00,0.23025000095367432,0.23125000298023224,0.22908300161361694,0.2295829951763153,356424000
2005-08-05 00:00:00-04:00,0.2292499989271164,0.23591700196266174,0.22766700387001038,0.23541699349880219,684096000
2005-08-08 00:00:00-04:00,0.2370000034570694,0.24141700565814972,0.23458300530910492,0.23624999821186066,725544000
2005-08-09 00:00:00-04:00,0.23658299446105957,0.23716700077056885,0.23308299481868744,0.23566700518131256,291900000
2005-08-10 00:00:00-04:00,0.23666700720787048,0.23783299326896667,0.22975000739097595,0.23216700553894043,440556000
2005-08-11 00:00:00-04:00,0.23216700553894043,0.23583300411701202,0.2299170047044754,0.23541699349880219,701556000
2005-08-12 00:00:00-04:00,0.24924999475479126,0.25174999237060547,0.2407499998807907,0.24958300590515137,2295420000
2005-08-15 00:00:00-04:00,0.25041699409484863,0.25850000977516174,0.2472500056028366,0.2559170126914978,882804000
2005-08-16 00:00:00-04:00,0.2535000145435333,0.25575000047683716,0.24975000321865082,0.2515830099582672,637488000
2005-08-17 00:00:00-04:00,0.25049999356269836,0.2546670138835907,0.2503330111503601,0.2515830099582672,607572000
2005-08-18 00:00:00-04:00,0.2496670037508011,0.250916987657547,0.24400000274181366,0.2450830042362213,822732000
2005-08-19 00:00:00-04:00,0.24549999833106995,0.2462500035762787,0.2425830066204071,0.24333299696445465,422232000
2005-08-22 00:00:00-04:00,0.242917001247406,0.24683299660682678,0.23849999904632568,0.2413329929113388,547224000
2005-08-23 00:00:00-04:00,0.24108299612998962,0.2441670000553131,0.24025000631809235,0.242917001247406,254460000
2005-08-24 00:00:00-04:00,0.2413329929113388,0.24824999272823334,0.24016700685024261,0.24308300018310547,514620000
2005-08-25 00:00:00-04:00,0.2441670000553131,0.24608300626277924,0.24208299815654755,0.2447499930858612,296484000
2005-08-26 00:00:00-04:00,0.24500000476837158,0.24500000476837158,0.23866699635982513,0.2409999966621399,323436000
2005-08-29 00:00:00-04:00,0.23874999582767487,0.2416670024394989,0.23683300614356995,0.24141700565814972,343392000
2005-08-30 00:00:00-04:00,0.2409999966621399,0.250667005777359,0.24066700041294098,0.25008299946784973,948852000
2005-08-31 00:00:00-04:00,0.24950000643730164,0.25883299112319946,0.2487500011920929,0.2556670010089874,906804000
2005-09-01 00:00:00-04:00,0.2549169957637787,0.2580829858779907,0.25358301401138306,0.25575000047683716,556884000
2005-09-02 00:00:00-04:00,0.2562499940395355,0.2562499940395355,0.25075000524520874,0.2515830099582672,469800000
2005-09-06 00:00:00-04:00,0.2524999976158142,0.2549999952316284,0.24866700172424316,0.2536669969558716,423096000
2005-09-07 00:00:00-04:00,0.2533330023288727,0.2624169886112213,0.25266700983047485,0.2617500126361847,588012000
2005-09-08 00:00:00-04:00,0.2601670026779175,0.26808300614356995,0.2601670026779175,0.264833003282547,646116000
2005-09-09 00:00:00-04:00,0.2676669955253601,0.2688330113887787,0.2633329927921295,0.2682499885559082,454236000
2005-09-12 00:00:00-04:00,0.2685000002384186,0.26933300495147705,0.26416701078414917,0.2673330008983612,556584000
2005-09-13 00:00:00-04:00,0.2660830020904541,0.27674999833106995,0.2660830020904541,0.2754170000553131,854724000
2005-09-14 00:00:00-04:00,0.27333301305770874,0.2770000100135803,0.27083298563957214,0.27208301424980164,503448000
2005-09-15 00:00:00-04:00,0.2762500047683716,0.2800000011920929,0.27458301186561584,0.2769170105457306,759756000
2005-09-16 00:00:00-04:00,0.27924999594688416,0.28075000643730164,0.27483299374580383,0.27708300948143005,519828000
2005-09-19 00:00:00-04:00,0.27674999833106995,0.27766698598861694,0.2716670036315918,0.2731670141220093,428316000
2005-09-20 00:00:00-04:00,0.27524998784065247,0.2815830111503601,0.27491700649261475,0.2784999907016754,522192000
2005-09-21 00:00:00-04:00,0.27741700410842896,0.28291699290275574,0.27366700768470764,0.27608299255371094,625656000
2005-09-22 00:00:00-04:00,0.27674999833106995,0.27674999833106995,0.26374998688697815,0.2686670124530792,739152000
2005-09-23 00:00:00-04:00,0.26808300614356995,0.27491700649261475,0.2658329904079437,0.2725830078125,314640000
2005-09-26 00:00:00-04:00,0.27466699481010437,0.27674999833106995,0.2697499990463257,0.27483299374580383,406776000
2005-09-27 00:00:00-04:00,0.2759999930858612,0.2784169912338257,0.27366700768470764,0.2757500112056732,404160000
2005-09-28 00:00:00-04:00,0.2765829861164093,0.2781670093536377,0.27341699600219727,0.27741700410842896,353556000
2005-09-29 00:00:00-04:00,0.2775000035762787,0.2833330035209656,0.27524998784065247,0.2831670045852661,513372000
2005-09-30 00:00:00-04:00,0.2833330035209656,0.28824999928474426,0.2827500104904175,0.2856670022010803,458832000
2005-10-03 00:00:00-04:00,0.289000004529953,0.29558300971984863,0.28666698932647705,0.29350000619888306,549888000
2005-10-04 00:00:00-04:00,0.29475000500679016,0.29958298802375793,0.289000004529953,0.289667010307312,514476000
2005-10-05 00:00:00-04:00,0.28999999165534973,0.28999999165534973,0.27833300828933716,0.2800830006599426,599184000
2005-10-06 00:00:00-04:00,0.2797499895095825,0.2840830087661743,0.2706669867038727,0.2790830135345459,685512000
2005-10-07 00:00:00-04:00,0.27958300709724426,0.2824169993400574,0.27333301305770874,0.27549999952316284,551952000
2005-10-10 00:00:00-04:00,0.2769170105457306,0.27741700410842896,0.26841700077056885,0.2685000002384186,459216000
2005-10-11 00:00:00-04:00,0.2694999873638153,0.27183300256729126,0.2620829939842224,0.2651669979095459,540048000
2005-10-12 00:00:00-04:00,0.26441699266433716,0.27241700887680054,0.26408299803733826,0.26833298802375793,657660000
2005-10-13 00:00:00-04:00,0.26774999499320984,0.26816698908805847,0.25666698813438416,0.26691699028015137,509304000
2005-10-14 00:00:00-04:00,0.2688330113887787,0.27216699719429016,0.26249998807907104,0.26691699028015137,311256000
2005-10-17 00:00:00-04:00,0.26708298921585083,0.27216699719429016,0.26708298921585083,0.2694999873638153,243912000
2005-10-18 00:00:00-04:00,0.2705000042915344,0.2709999978542328,0.2633329927921295,0.265082985162735,299832000
2005-10-19 00:00:00-04:00,0.26166701316833496,0.2632499933242798,0.2542499899864197,0.26283299922943115,635952000
2005-10-20 00:00:00-04:00,0.2632499933242798,0.2701669931411743,0.2620829939842224,0.26466700434684753,359520000
2005-10-21 00:00:00-04:00,0.2691670060157776,0.27000001072883606,0.26433300971984863,0.266167014837265,298368000
2005-10-24 00:00:00-04:00,0.2685000002384186,0.27341699600219727,0.2660830020904541,0.27341699600219727,291012000
2005-10-25 00:00:00-04:00,0.2715829908847809,0.2759999930858612,0.2704170048236847,0.27516698837280273,334680000
2005-10-26 00:00:00-04:00,0.27524998784065247,0.27583301067352295,0.2672500014305115,0.2676669955253601,415344000
2005-10-27 00:00:00-04:00,0.26816698908805847,0.26899999380111694,0.26124998927116394,0.2620829939842224,227784000
2005-10-28 00:00:00-04:00,0.2627499997615814,0.2706669867038727,0.2562499940395355,0.2701669931411743,464640000
2005-10-31 00:00:00-05:00,0.27125000953674316,0.2815000116825104,0.27125000953674316,0.27958300709724426,432420000
2005-11-01 00:00:00-05:00,0.27958300709724426,0.28166699409484863,0.27399998903274536,0.27616700530052185,400488000
2005-11-02 00:00:00-05:00,0.2762500047683716,0.29249998927116394,0.2750000059604645,0.2921670079231262,523668000
2005-11-03 00:00:00-05:00,0.29416701197624207,0.2958329916000366,0.28641700744628906,0.2887499928474426,465072000
2005-11-04 00:00:00-05:00,0.28891700506210327,0.2895829975605011,0.28083300590515137,0.28383299708366394,570276000
2005-11-07 00:00:00-05:00,0.2853330075740814,0.28633299469947815,0.28141701221466064,0.28258299827575684,370824000
2005-11-08 00:00:00-05:00,0.2836669981479645,0.28391700983047485,0.27608299255371094,0.27733299136161804,538968000
2005-11-09 00:00:00-05:00,0.2779169976711273,0.29166701436042786,0.2747499942779541,0.2898330092430115,818880000
2005-11-10 00:00:00-05:00,0.2999170124530792,0.30641698837280273,0.27366700768470764,0.2790830135345459,2503620000
2005-11-11 00:00:00-05:00,0.2815000116825104,0.28700000047683716,0.28025001287460327,0.2836669981479645,545928000
2005-11-14 00:00:00-05:00,0.2837499976158142,0.29166701436042786,0.2794170081615448,0.289667010307312,493668000
2005-11-15 00:00:00-05:00,0.2914170026779175,0.29416701197624207,0.28941699862480164,0.29033300280570984,496200000
2005-11-16 00:00:00-05:00,0.29066699743270874,0.29225000739097595,0.2836669981479645,0.2893329858779907,455280000
2005-11-17 00:00:00-05:00,0.2917500138282776,0.30241701006889343,0.288332998752594,0.30216699838638306,703260000
2005-11-18 00:00:00-05:00,0.3031669855117798,0.3056670129299164,0.29566699266433716,0.3015829920768738,465768000
2005-11-21 00:00:00-05:00,0.3019169867038727,0.30741700530052185,0.2999170124530792,0.3069170117378235,454704000
2005-11-22 00:00:00-05:00,0.3084999918937683,0.3180829882621765,0.30608299374580383,0.31508299708366394,731700000
2005-11-23 00:00:00-05:00,0.31541699171066284,0.3187499940395355,0.3125,0.31416699290275574,411948000
2005-11-25 00:00:00-05:00,0.3156670033931732,0.3177500069141388,0.31349998712539673,0.31725001335144043,116676000
2005-11-28 00:00:00-05:00,0.3180829882621765,0.3208329975605011,0.3100000023841858,0.3156670033931732,424524000
2005-11-29 00:00:00-05:00,0.296999990940094,0.305417001247406,0.29433301091194153,0.29566699266433716,1043136000
2005-11-30 00:00:00-05:00,0.2935830056667328,0.30274999141693115,0.29350000619888306,0.30125001072883606,575448000
2005-12-01 00:00:00-05:00,0.30375000834465027,0.3062500059604645,0.3005000054836273,0.30483299493789673,562032000
2005-12-02 00:00:00-05:00,0.3062500059604645,0.3070000112056732,0.30083298683166504,0.30491700768470764,334476000
2005-12-05 00:00:00-05:00,0.30558300018310547,0.30558300018310547,0.2982499897480011,0.2992500066757202,387708000
2005-12-06 00:00:00-05:00,0.2997500002384186,0.30458301305770874,0.29933300614356995,0.3005000054836273,375252000
2005-12-07 00:00:00-05:00,0.3016670048236847,0.3034999966621399,0.2958329916000366,0.3009999990463257,352668000
2005-12-08 00:00:00-05:00,0.29941698908805847,0.30333301424980164,0.2951669991016388,0.2985830008983612,386664000
2005-12-09 00:00:00-05:00,0.2994999885559082,0.3032500147819519,0.29533299803733826,0.3028329908847809,262896000
2005-12-12 00:00:00-05:00,0.30366700887680054,0.3079169988632202,0.3031669855117798,0.3072499930858612,281136000
2005-12-13 00:00:00-05:00,0.3078329861164093,0.31391701102256775,0.30558300018310547,0.3112500011920929,443412000
2005-12-14 00:00:00-05:00,0.30891698598861694,0.3104169964790344,0.30466699600219727,0.30833300948143005,287472000
2005-12-15 00:00:00-05:00,0.3080829977989197,0.3104169964790344,0.30125001072883606,0.3044170141220093,332724000
2005-12-16 00:00:00-05:00,0.30550000071525574,0.3084169924259186,0.3025830090045929,0.30708301067352295,1065600000
2005-12-19 00:00:00-05:00,0.30774998664855957,0.3100000023841858,0.30125001072883606,0.3019999861717224,292296000
2005-12-20 00:00:00-05:00,0.3016670048236847,0.3062500059604645,0.29783299565315247,0.30183300375938416,304356000
2005-12-21 00:00:00-05:00,0.3032500147819519,0.3057500123977661,0.2985000014305115,0.30125001072883606,289380000
2005-12-22 00:00:00-05:00,0.3009999990463257,0.31075000762939453,0.30091699957847595,0.3104169964790344,318336000
2005-12-23 00:00:00-05:00,0.3112500011920929,0.31325000524520874,0.3091669976711273,0.3128330111503601,214536000
2005-12-27 00:00:00-05:00,0.3125,0.3181670010089874,0.31150001287460327,0.31474998593330383,367968000
2005-12-28 00:00:00-05:00,0.31474998593330383,0.3186669945716858,0.3127500116825104,0.31766700744628906,264420000
2005-12-29 00:00:00-05:00,0.3174999952316284,0.31850001215934753,0.30924999713897705,0.3105829954147339,310464000
2005-12-30 00:00:00-05:00,0.3088330030441284,0.30891698598861694,0.30341699719429016,0.30466699600219727,229608000
2006-01-03 00:00:00-05:00,0.30641698837280273,0.3208329975605011,0.305417001247406,0.31850001215934753,472812000
2006-01-04 00:00:00-05:00,0.320917010307312,0.3279170095920563,0.31758299469947815,0.3274169862270355,510072000
2006-01-05 00:00:00-05:00,0.32749998569488525,0.3354170024394989,0.32691699266433716,0.3348329961299896,646092000
2006-01-06 00:00:00-05:00,0.33866700530052185,0.3415830135345459,0.32541701197624207,0.3403330147266388,623388000
2006-01-09 00:00:00-05:00,0.34016698598861694,0.35166698694229126,0.3394170105457306,0.34983301162719727,560484000
2006-01-10 00:00:00-05:00,0.3481670022010803,0.3499169945716858,0.34375,0.3499169945716858,339660000
2006-01-11 00:00:00-05:00,0.3502500057220459,0.36458298563957214,0.3496670126914978,0.3625830113887787,626304000
2006-01-12 00:00:00-05:00,0.36250001192092896,0.36808300018310547,0.3548330068588257,0.3574169874191284,495504000
2006-01-13 00:00:00-05:00,0.35658299922943115,0.359499990940094,0.3492499887943268,0.3542500138282776,421296000
2006-01-17 00:00:00-05:00,0.3494170010089874,0.35416701436042786,0.34474998712539673,0.3540000021457672,329232000
2006-01-18 00:00:00-05:00,0.34325000643730164,0.3569999933242798,0.3400000035762787,0.3558329939842224,459948000
2006-01-19 00:00:00-05:00,0.36058300733566284,0.3804999887943268,0.359917014837265,0.3755829930305481,914760000
2006-01-20 00:00:00-05:00,0.3761669993400574,0.3804999887943268,0.36500000953674316,0.3650830090045929,461604000
2006-01-23 00:00:00-05:00,0.367917001247406,0.37024998664855957,0.3629170060157776,0.36716699600219727,334884000
2006-01-24 00:00:00-05:00,0.36800000071525574,0.37666699290275574,0.367000013589859,0.36899998784065247,388896000
2006-01-25 00:00:00-05:00,0.37083300948143005,0.37325000762939453,0.3613330125808716,0.3657500147819519,400236000
2006-01-26 00:00:00-05:00,0.37108299136161804,0.37858301401138306,0.3687500059604645,0.37825000286102295,448836000
2006-01-27 00:00:00-05:00,0.38316699862480164,0.38966700434684753,0.3799999952316284,0.38541701436042786,385044000
2006-01-30 00:00:00-05:00,0.3870829939842224,0.38749998807907104,0.3793329894542694,0.38108301162719727,315780000
2006-01-31 00:00:00-05:00,0.37916699051856995,0.3812499940395355,0.37174999713897705,0.3746669888496399,384456000
2006-02-01 00:00:00-05:00,0.367917001247406,0.37641701102256775,0.36649999022483826,0.37491700053215027,450852000
2006-02-02 00:00:00-05:00,0.3783330023288727,0.37858301401138306,0.3629170060157776,0.3634999990463257,473736000
2006-02-03 00:00:00-05:00,0.3611670136451721,0.3713330030441284,0.36000001430511475,0.36683300137519836,504252000
2006-02-06 00:00:00-05:00,0.36583301424980164,0.37758299708366394,0.3642500042915344,0.3771669864654541,363468000
2006-02-07 00:00:00-05:00,0.37791699171066284,0.37791699171066284,0.3635829985141754,0.36375001072883606,399408000
2006-02-08 00:00:00-05:00,0.3648329973220825,0.37424999475479126,0.3648329973220825,0.37424999475479126,393072000
2006-02-09 00:00:00-05:00,0.37541699409484863,0.3812499940395355,0.36558300256729126,0.367917001247406,437100000
2006-02-10 00:00:00-05:00,0.36924999952316284,0.3709169924259186,0.35725000500679016,0.36583301424980164,414996000
2006-02-13 00:00:00-05:00,0.36466699838638306,0.3696669936180115,0.36216700077056885,0.36708301305770874,280740000
2006-02-14 00:00:00-05:00,0.36708301305770874,0.3690829873085022,0.3629170060157776,0.36774998903274536,342348000
2006-02-15 00:00:00-05:00,0.367000013589859,0.37583300471305847,0.3660829961299896,0.37483298778533936,493296000
2006-02-16 00:00:00-05:00,0.3818329870700836,0.3941670060157776,0.3792499899864197,0.39333298802375793,1305888000
2006-02-17 00:00:00-05:00,0.42225000262260437,0.422666996717453,0.39333298802375793,0.39558300375938416,2356956000
2006-02-21 00:00:00-05:00,0.3947499990463257,0.3954170048236847,0.38374999165534973,0.3871670067310333,684060000
2006-02-22 00:00:00-05:00,0.38166698813438416,0.3895829916000366,0.3725000023841858,0.3865000009536743,939756000
2006-02-23 00:00:00-05:00,0.38533300161361694,0.38791701197624207,0.37950000166893005,0.3805829882621765,385128000
2006-02-24 00:00:00-05:00,0.38225001096725464,0.3868330121040344,0.3785000145435333,0.3804999887943268,416412000
2006-02-27 00:00:00-05:00,0.383417010307312,0.39833301305770874,0.3794170022010803,0.39591699838638306,666468000
2006-02-28 00:00:00-05:00,0.3941670060157776,0.39750000834465027,0.3889169991016388,0.39274999499320984,563316000
2006-03-01 00:00:00-05:00,0.3941670060157776,0.4099999964237213,0.3916670083999634,0.40766701102256775,703932000
2006-03-02 00:00:00-05:00,0.40724998712539673,0.414000004529953,0.40299999713897705,0.40825000405311584,545460000
2006-03-03 00:00:00-05:00,0.40450000762939453,0.4167500138282776,0.4037500023841858,0.4096669852733612,595800000
2006-03-06 00:00:00-05:00,0.4176670014858246,0.42041701078414917,0.4068329930305481,0.40883299708366394,529020000
2006-03-07 00:00:00-05:00,0.40891700983047485,0.4120829999446869,0.39375001192092896,0.4018329977989197,606204000
2006-03-08 00:00:00-05:00,0.4019170105457306,0.40400001406669617,0.3855000138282776,0.39983299374580383,670800000
2006-03-09 00:00:00-05:00,0.4046669900417328,0.41141700744628906,0.4016669988632202,0.4019170105457306,536700000
2006-03-10 00:00:00-05:00,0.40149998664855957,0.4065830111503601,0.3913330137729645,0.39491701126098633,521580000
2006-03-13 00:00:00-05:00,0.39891698956489563,0.4015829861164093,0.39591699838638306,0.39966699481010437,372132000
2006-03-14 00:00:00-05:00,0.4000000059604645,0.4124169945716858,0.398499995470047,0.41075000166893005,627792000
2006-03-15 00:00:00-05:00,0.4115830063819885,0.41791701316833496,0.4099999964237213,0.4173330068588257,510600000
2006-03-16 00:00:00-05:00,0.4180830121040344,0.4185830056667328,0.40174999833106995,0.4031670093536377,568416000
2006-03-17 00:00:00-05:00,0.4012500047683716,0.4074999988079071,0.39524999260902405,0.40641701221466064,618588000
2006-03-20 00:00:00-05:00,0.4099999964237213,0.41008299589157104,0.4029169976711273,0.40333300828933716,293772000
2006-03-21 00:00:00-05:00,0.4232499897480011,0.43083301186561584,0.4121670126914978,0.4232499897480011,1235472000
2006-03-22 00:00:00-05:00,0.4124999940395355,0.41449999809265137,0.4018329977989197,0.41108301281929016,1158576000
2006-03-23 00:00:00-05:00,0.4124999940395355,0.42041701078414917,0.4078330099582672,0.41874998807907104,661992000
2006-03-24 00:00:00-05:00,0.4198330044746399,0.43366700410842896,0.41916701197624207,0.4329169988632202,687936000
2006-03-27 00:00:00-05:00,0.4332500100135803,0.4449169933795929,0.4318329989910126,0.444582998752594,651444000
2006-03-28 00:00:00-05:00,0.44258299469947815,0.4573329985141754,0.44166699051856995,0.4514169991016388,795204000
2006-03-29 00:00:00-05:00,0.4533329904079437,0.476500004529953,0.4495829939842224,0.47566699981689453,987096000
2006-03-30 00:00:00-05:00,0.4761669933795929,0.4814999997615814,0.4675830006599426,0.4789170026779175,1063308000
2006-03-31 00:00:00-05:00,0.4785830080509186,0.48524999618530273,0.4742499887943268,0.477167010307312,835560000
2006-04-03 00:00:00-04:00,0.4796670079231262,0.4891670048236847,0.4736669957637787,0.48249998688697815,968916000
2006-04-04 00:00:00-04:00,0.48316699266433716,0.5058330297470093,0.4826669991016388,0.5050830245018005,1200612000
2006-04-05 00:00:00-04:00,0.5041670203208923,0.511667013168335,0.49341699481010437,0.5091670155525208,1112976000
2006-04-06 00:00:00-04:00,0.5078330039978027,0.5139999985694885,0.5008329749107361,0.5101670026779175,789312000
2006-04-07 00:00:00-04:00,0.5080000162124634,0.512499988079071,0.4988330006599426,0.5088329911231995,682674000
2006-04-10 00:00:00-04:00,0.5076670050621033,0.5106670260429382,0.49616700410842896,0.5,634230000
2006-04-11 00:00:00-04:00,0.5016670227050781,0.5016670227050781,0.4848330020904541,0.4878329932689667,702072000
2006-04-12 00:00:00-04:00,0.4909999966621399,0.5101670026779175,0.48833298683166504,0.5074999928474426,598308000
2006-04-13 00:00:00-04:00,0.4966669976711273,0.5023329854011536,0.4913330078125,0.49333301186561584,738360000
2006-04-17 00:00:00-04:00,0.4925000071525574,0.5070000290870667,0.4906669855117798,0.4946669936180115,443868000
2006-04-18 00:00:00-04:00,0.48583298921585083,0.4860000014305115,0.46983298659324646,0.4830000102519989,1165488000
2006-04-19 00:00:00-04:00,0.47999998927116394,0.4913330078125,0.4733330011367798,0.4860000014305115,517476000
2006-04-20 00:00:00-04:00,0.48166701197624207,0.49399998784065247,0.4736669957637787,0.48533299565315247,552684000
2006-04-21 00:00:00-04:00,0.48683300614356995,0.4888330101966858,0.46216699481010437,0.467833012342453,770016000
2006-04-24 00:00:00-04:00,0.4708330035209656,0.48683300614356995,0.4625000059604645,0.48216700553894043,676848000
2006-04-25 00:00:00-04:00,0.47666698694229126,0.4830000102519989,0.46833300590515137,0.48183301091194153,719766000
2006-04-26 00:00:00-04:00,0.4836669862270355,0.4909999966621399,0.4733330011367798,0.47850000858306885,330528000
2006-04-27 00:00:00-04:00,0.47666698694229126,0.4906669855117798,0.4663330018520355,0.4861670136451721,462966000
2006-04-28 00:00:00-04:00,0.48649999499320984,0.4931670129299164,0.4823330044746399,0.4869999885559082,284736000
2006-05-01 00:00:00-04:00,0.4903329908847809,0.5245000123977661,0.4903329908847809,0.5149999856948853,902472000
2006-05-02 00:00:00-04:00,0.5188329815864563,0.5249999761581421,0.5055000185966492,0.5143330097198486,539700000
2006-05-03 00:00:00-04:00,0.5084999799728394,0.5233330130577087,0.5080000162124634,0.5176669955253601,378114000
2006-05-04 00:00:00-04:00,0.5074999928474426,0.5199999809265137,0.5048329830169678,0.5143330097198486,511128000
2006-05-05 00:00:00-04:00,0.5170000195503235,0.5231670141220093,0.5098329782485962,0.5213329792022705,338184000
2006-05-08 00:00:00-04:00,0.5199999809265137,0.5313330292701721,0.5141670107841492,0.5189999938011169,503622000
2006-05-09 00:00:00-04:00,0.5183330178260803,0.5210000276565552,0.5024999976158142,0.5031669735908508,561648000
2006-05-10 00:00:00-04:00,0.4971669912338257,0.503000020980835,0.4869999885559082,0.492000013589859,753264000
2006-05-11 00:00:00-04:00,0.4970000088214874,0.5016670227050781,0.4706670045852661,0.47450000047683716,1201110000
2006-05-12 00:00:00-04:00,0.4631670117378235,0.46549999713897705,0.42899999022483826,0.43883299827575684,1568172000
2006-05-15 00:00:00-04:00,0.43799999356269836,0.4490000009536743,0.4341669976711273,0.44516700506210327,553380000
2006-05-16 00:00:00-04:00,0.4476670026779175,0.44783300161361694,0.4306670129299164,0.4334999918937683,497532000
2006-05-17 00:00:00-04:00,0.4320000112056732,0.4345000088214874,0.4083330035209656,0.41600000858306885,841074000
2006-05-18 00:00:00-04:00,0.41933301091194153,0.42333298921585083,0.3966670036315918,0.39716699719429016,686730000
2006-05-19 00:00:00-04:00,0.40083301067352295,0.41499999165534973,0.39683300256729126,0.40549999475479126,932808000
2006-05-22 00:00:00-04:00,0.40333300828933716,0.4041669964790344,0.3889999985694885,0.4000000059604645,734886000
2006-05-23 00:00:00-04:00,0.4083330035209656,0.41783300042152405,0.39399999380111694,0.3956669867038727,532314000
2006-05-24 00:00:00-04:00,0.399167001247406,0.41266700625419617,0.3901669979095459,0.40083301067352295,579522000
2006-05-25 00:00:00-04:00,0.4083330035209656,0.4143329858779907,0.39649999141693115,0.39866700768470764,423666000
2006-05-26 00:00:00-04:00,0.40016698837280273,0.4028330147266388,0.3953329920768738,0.3995000123977661,294642000
2006-05-30 00:00:00-04:00,0.40016698837280273,0.4003329873085022,0.38266700506210327,0.38283300399780273,448788000
2006-05-31 00:00:00-04:00,0.3880000114440918,0.3916670083999634,0.3806670010089874,0.382999986410141,598422000
2006-06-01 00:00:00-04:00,0.3873330056667328,0.40299999713897705,0.38133299350738525,0.40299999713897705,537126000
2006-06-02 00:00:00-04:00,0.40950000286102295,0.4115000069141388,0.39316698908805847,0.39716699719429016,673710000
2006-06-05 00:00:00-04:00,0.39500001072883606,0.40233299136161804,0.3793329894542694,0.3804999887943268,581052000
2006-06-06 00:00:00-04:00,0.38533300161361694,0.38566699624061584,0.36000001430511475,0.3703329861164093,824130000
2006-06-07 00:00:00-04:00,0.374332994222641,0.375,0.36083298921585083,0.36366701126098633,565380000
2006-06-08 00:00:00-04:00,0.359499990940094,0.3641670048236847,0.34266701340675354,0.3569999933242798,730572000
2006-06-09 00:00:00-04:00,0.3616670072078705,0.3678329885005951,0.35283300280570984,0.3558329939842224,433824000
2006-06-12 00:00:00-04:00,0.3496670126914978,0.3543330132961273,0.3341670036315918,0.33616700768470764,463230000
2006-06-13 00:00:00-04:00,0.335999995470047,0.342833012342453,0.32783299684524536,0.3310000002384186,532548000
2006-06-14 00:00:00-04:00,0.3330000042915344,0.3416669964790344,0.3294999897480011,0.3406670093536377,480492000
2006-06-15 00:00:00-04:00,0.35316699743270874,0.3716669976711273,0.35033300518989563,0.37049999833106995,837336000
2006-06-16 00:00:00-04:00,0.36800000071525574,0.36899998784065247,0.35749998688697815,0.3610000014305115,503448000
2006-06-19 00:00:00-04:00,0.36500000953674316,0.36683300137519836,0.3493329882621765,0.35016700625419617,388044000
2006-06-20 00:00:00-04:00,0.34049999713897705,0.35249999165534973,0.3391669988632202,0.344666987657547,535818000
2006-06-21 00:00:00-04:00,0.3431670069694519,0.3540000021457672,0.3431670069694519,0.34850001335144043,441174000
2006-06-22 00:00:00-04:00,0.3523330092430115,0.3533329963684082,0.335999995470047,0.33833301067352295,532338000
2006-06-23 00:00:00-04:00,0.33766698837280273,0.34549999237060547,0.3345000147819519,0.3384999930858612,335202000
2006-06-26 00:00:00-04:00,0.33799999952316284,0.3416669964790344,0.33366701006889343,0.335332989692688,281736000
2006-06-27 00:00:00-04:00,0.33733299374580383,0.33766698837280273,0.32016700506210327,0.3246670067310333,608514000
2006-06-28 00:00:00-04:00,0.32716700434684753,0.3479999899864197,0.3186669945716858,0.34266701340675354,833376000
2006-06-29 00:00:00-04:00,0.33333298563957214,0.35816699266433716,0.33216699957847595,0.35816699266433716,687666000
2006-06-30 00:00:00-04:00,0.3616670072078705,0.36733299493789673,0.352167010307312,0.3548330068588257,468240000
2006-07-03 00:00:00-04:00,0.3630000054836273,0.36333298683166504,0.35749998688697815,0.36000001430511475,174696000
2006-07-05 00:00:00-04:00,0.3543330132961273,0.35749998688697815,0.34383299946784973,0.34383299946784973,459708000
2006-07-06 00:00:00-04:00,0.34383299946784973,0.3471669852733612,0.32966700196266174,0.3331669867038727,470634000
2006-07-07 00:00:00-04:00,0.33550000190734863,0.33616700768470764,0.31916698813438416,0.32283300161361694,541230000
2006-07-10 00:00:00-04:00,0.3236669898033142,0.32600000500679016,0.3059999942779541,0.3088330030441284,449922000
2006-07-11 00:00:00-04:00,0.3078329861164093,0.32033300399780273,0.30333301424980164,0.31916698813438416,600582000
2006-07-12 00:00:00-04:00,0.3179999887943268,0.32166698575019836,0.3034999966621399,0.3038330078125,461034000
2006-07-13 00:00:00-04:00,0.2991670072078705,0.3066670000553131,0.2944999933242798,0.29600000381469727,540582000
2006-07-14 00:00:00-04:00,0.30149999260902405,0.3031669855117798,0.2861669957637787,0.2944999933242798,572148000
2006-07-17 00:00:00-04:00,0.29316699504852295,0.3001669943332672,0.29166701436042786,0.29683300852775574,502806000
2006-07-18 00:00:00-04:00,0.3070000112056732,0.3161669969558716,0.29600000381469727,0.31299999356269836,979332000
2006-07-19 00:00:00-04:00,0.31166699528694153,0.33066698908805847,0.3093329966068268,0.32666701078414917,1055550000
2006-07-20 00:00:00-04:00,0.33250001072883606,0.33833301067352295,0.3196670114994049,0.32016700506210327,505602000
2006-07-21 00:00:00-04:00,0.3093329966068268,0.3106670081615448,0.2938329875469208,0.2961669862270355,633918000
2006-07-24 00:00:00-04:00,0.3071669936180115,0.3334999978542328,0.30550000071525574,0.32600000500679016,983178000
2006-07-25 00:00:00-04:00,0.33000001311302185,0.3409999907016754,0.3251670002937317,0.3375000059604645,574104000
2006-07-26 00:00:00-04:00,0.3375000059604645,0.34150001406669617,0.32749998569488525,0.3375000059604645,495318000
2006-07-27 00:00:00-04:00,0.3418329954147339,0.3558329939842224,0.33616700768470764,0.34233298897743225,694338000
2006-07-28 00:00:00-04:00,0.3511669933795929,0.3785000145435333,0.34916698932647705,0.3778330087661743,815298000
2006-07-31 00:00:00-04:00,0.3738330006599426,0.37766700983047485,0.36800000071525574,0.36899998784065247,594762000
2006-08-01 00:00:00-04:00,0.3644999861717224,0.3651669919490814,0.3474999964237213,0.35416701436042786,600966000
2006-08-02 00:00:00-04:00,0.3619999885559082,0.38316699862480164,0.3611670136451721,0.38133299350738525,756774000
2006-08-03 00:00:00-04:00,0.3799999952316284,0.41566699743270874,0.3746669888496399,0.405333012342453,890568000
2006-08-04 00:00:00-04:00,0.41600000858306885,0.41666701436042786,0.3894999921321869,0.39983299374580383,818232000
2006-08-07 00:00:00-04:00,0.39283299446105957,0.40016698837280273,0.38749998807907104,0.3951669931411743,436146000
2006-08-08 00:00:00-04:00,0.39833301305770874,0.41416698694229126,0.3973329961299896,0.4056670069694519,619806000
2006-08-09 00:00:00-04:00,0.4136669933795929,0.42500001192092896,0.4025000035762787,0.40549999475479126,584706000
2006-08-10 00:00:00-04:00,0.4009999930858612,0.4050000011920929,0.3941670060157776,0.40266698598861694,1072140000
2006-08-11 00:00:00-04:00,0.37333300709724426,0.40016698837280273,0.3720000088214874,0.38999998569488525,1603272000
2006-08-14 00:00:00-04:00,0.3948329985141754,0.3988330066204071,0.3858329951763153,0.3880000114440918,809412000
2006-08-15 00:00:00-04:00,0.39800000190734863,0.42750000953674316,0.3941670060157776,0.4253329932689667,902172000
2006-08-16 00:00:00-04:00,0.4276669919490814,0.4576669931411743,0.41666701436042786,0.45583298802375793,1029246000
2006-08-17 00:00:00-04:00,0.4501670002937317,0.4620000123977661,0.44416698813438416,0.4486669898033142,814224000
2006-08-18 00:00:00-04:00,0.44916701316833496,0.45833298563957214,0.4334999918937683,0.4560000002384186,665898000
2006-08-21 00:00:00-04:00,0.44916701316833496,0.44999998807907104,0.438167005777359,0.43916699290275574,500220000
2006-08-22 00:00:00-04:00,0.4378330111503601,0.45066699385643005,0.4375,0.43849998712539673,473928000
2006-08-23 00:00:00-04:00,0.4418329894542694,0.44633299112319946,0.4284999966621399,0.438167005777359,485412000
2006-08-24 00:00:00-04:00,0.4393329918384552,0.4449999928474426,0.43233299255371094,0.44266700744628906,260802000
2006-08-25 00:00:00-04:00,0.4393329918384552,0.44916701316833496,0.4350000023841858,0.44133299589157104,238314000
2006-08-28 00:00:00-04:00,0.4486669898033142,0.46950000524520874,0.44783300161361694,0.45649999380111694,764562000
2006-08-29 00:00:00-04:00,0.46083301305770874,0.4793330132961273,0.45750001072883606,0.477167010307312,727962000
2006-08-30 00:00:00-04:00,0.4798330068588257,0.492000013589859,0.4786669909954071,0.4869999885559082,681564000
2006-08-31 00:00:00-04:00,0.48583298921585083,0.4880000054836273,0.4746670126914978,0.485166996717453,511278000
2006-09-01 00:00:00-04:00,0.4779999852180481,0.48183301091194153,0.46299999952316284,0.46483299136161804,605742000
2006-09-05 00:00:00-04:00,0.4663330018520355,0.4768329858779907,0.4595000147819519,0.4749999940395355,549354000
2006-09-06 00:00:00-04:00,0.4666669964790344,0.46733298897743225,0.44999998807907104,0.4511669874191284,493572000
2006-09-07 00:00:00-04:00,0.44383299350738525,0.4703330099582672,0.4390000104904175,0.4601669907569885,742836000
2006-09-08 00:00:00-04:00,0.4675000011920929,0.46950000524520874,0.4514999985694885,0.461667001247406,447978000
2006-09-11 00:00:00-04:00,0.4513329863548279,0.47416698932647705,0.4461669921875,0.46883299946784973,598266000
2006-09-12 00:00:00-04:00,0.4666669964790344,0.4841670095920563,0.46549999713897705,0.4811669886112213,498432000
2006-09-13 00:00:00-04:00,0.4823330044746399,0.4913330078125,0.4808329939842224,0.48500001430511475,476286000
2006-09-14 00:00:00-04:00,0.4826669991016388,0.4916670024394989,0.4768329858779907,0.48316699266433716,428814000
2006-09-15 00:00:00-04:00,0.4848330020904541,0.4950000047683716,0.48249998688697815,0.49266698956489563,649764000
2006-09-18 00:00:00-04:00,0.49399998784065247,0.5121669769287109,0.4925000071525574,0.5113329887390137,793896000
2006-09-19 00:00:00-04:00,0.5080000162124634,0.511667013168335,0.4938330054283142,0.49799999594688416,708054000
2006-09-20 00:00:00-04:00,0.5044999718666077,0.5168330073356628,0.5034999847412109,0.5161669850349426,511884000
2006-09-21 00:00:00-04:00,0.5156670212745667,0.5208330154418945,0.5071669816970825,0.5120000243186951,539106000
2006-09-22 00:00:00-04:00,0.5105000138282776,0.5136669874191284,0.49116700887680054,0.4968329966068268,653334000
2006-09-25 00:00:00-04:00,0.5043330192565918,0.5168330073356628,0.4906669855117798,0.5146669745445251,684486000
2006-09-26 00:00:00-04:00,0.5141670107841492,0.515500009059906,0.49733299016952515,0.503832995891571,516120000
2006-09-27 00:00:00-04:00,0.5023329854011536,0.5183330178260803,0.4975000023841858,0.5023329854011536,578142000
2006-09-28 00:00:00-04:00,0.4826669991016388,0.49483299255371094,0.4805000126361847,0.4928329885005951,647346000
2006-09-29 00:00:00-04:00,0.49616700410842896,0.5,0.49050000309944153,0.4931670129299164,373890000
2006-10-02 00:00:00-04:00,0.49083301424980164,0.49399998784065247,0.47666698694229126,0.48066699504852295,647442000
2006-10-03 00:00:00-04:00,0.47166699171066284,0.47533300518989563,0.46116700768470764,0.47166699171066284,907692000
2006-10-04 00:00:00-04:00,0.47233301401138306,0.5181670188903809,0.47099998593330383,0.5180000066757202,1460382000
2006-10-05 00:00:00-04:00,0.515999972820282,0.521166980266571,0.5019999742507935,0.5033329725265503,662682000
2006-10-06 00:00:00-04:00,0.5041670203208923,0.5208330154418945,0.5026670098304749,0.515500009059906,593610000
2006-10-09 00:00:00-04:00,0.5143330097198486,0.5554999709129333,0.5128329992294312,0.5486670136451721,932304000
2006-10-10 00:00:00-04:00,0.5458329916000366,0.5479999780654907,0.5299999713897705,0.5361670255661011,624648000
2006-10-11 00:00:00-04:00,0.5333330035209656,0.5486670136451721,0.5251669883728027,0.5391669869422913,481944000
2006-10-12 00:00:00-04:00,0.5421670079231262,0.5525000095367432,0.5335000157356262,0.541333019733429,414720000
2006-10-13 00:00:00-04:00,0.5394999980926514,0.5659999847412109,0.5306670069694519,0.5628330111503601,584190000
2006-10-16 00:00:00-04:00,0.5646669864654541,0.5738329887390137,0.5518329739570618,0.5618330240249634,478968000
2006-10-17 00:00:00-04:00,0.5526670217514038,0.5565000176429749,0.5350000262260437,0.5403329730033875,526506000
2006-10-18 00:00:00-04:00,0.5483329892158508,0.5541669726371765,0.5221670269966125,0.5260000228881836,822750000
2006-10-19 00:00:00-04:00,0.5239999890327454,0.5400000214576721,0.5198330283164978,0.5360000133514404,473040000
2006-10-20 00:00:00-04:00,0.540166974067688,0.5404999852180481,0.5221670269966125,0.5298330187797546,359478000
2006-10-23 00:00:00-04:00,0.5286669731140137,0.5414999723434448,0.5249999761581421,0.5263329744338989,280248000
2006-10-24 00:00:00-04:00,0.5273330211639404,0.5476670265197754,0.525833010673523,0.5416669845581055,519288000
2006-10-25 00:00:00-04:00,0.5468329787254333,0.5550000071525574,0.5376669764518738,0.5466669797897339,389436000
2006-10-26 00:00:00-04:00,0.5479999780654907,0.5658329725265503,0.5479999780654907,0.5640000104904175,366690000
2006-10-27 00:00:00-04:00,0.5640000104904175,0.5764999985694885,0.5333330035209656,0.539667010307312,566988000
2006-10-30 00:00:00-05:00,0.5433329939842224,0.5558329820632935,0.5375000238418579,0.5461670160293579,479592000
2006-10-31 00:00:00-05:00,0.5581669807434082,0.5811669826507568,0.5553330183029175,0.5811669826507568,996174000
2006-11-01 00:00:00-05:00,0.5734999775886536,0.5788329839706421,0.5283330082893372,0.5363330245018005,1176540000
2006-11-02 00:00:00-05:00,0.5388330221176147,0.5504999756813049,0.5253329873085022,0.5326669812202454,862944000
2006-11-03 00:00:00-05:00,0.5386670231819153,0.5440000295639038,0.5299999713897705,0.5433329939842224,548070000
2006-11-06 00:00:00-05:00,0.5448330044746399,0.5673329830169678,0.5379999876022339,0.5598329901695251,739602000
2006-11-07 00:00:00-05:00,0.5640000104904175,0.5743330121040344,0.5608329772949219,0.5683330297470093,553254000
2006-11-08 00:00:00-05:00,0.5643330216407776,0.583666980266571,0.5630000233650208,0.5766670107841492,648324000
2006-11-09 00:00:00-05:00,0.5885000228881836,0.6033329963684082,0.5831670165061951,0.5881670117378235,1207758000
2006-11-10 00:00:00-05:00,0.5831670165061951,0.5860000252723694,0.559499979019165,0.5740000009536743,1317192000
2006-11-13 00:00:00-05:00,0.5751670002937317,0.6016669869422913,0.574999988079071,0.6000000238418579,852282000
2006-11-14 00:00:00-05:00,0.597832977771759,0.6071670055389404,0.5849999785423279,0.6060000061988831,628530000
2006-11-15 00:00:00-05:00,0.6041669845581055,0.612500011920929,0.5926669836044312,0.5960000157356262,491892000
2006-11-16 00:00:00-05:00,0.5985000133514404,0.6058329939842224,0.5933330059051514,0.6036670207977295,457182000
2006-11-17 00:00:00-05:00,0.5995000004768372,0.6069999933242798,0.5958330035209656,0.6053329706192017,361608000
2006-11-20 00:00:00-05:00,0.597832977771759,0.6143329739570618,0.5933330059051514,0.6110000014305115,608634000
2006-11-21 00:00:00-05:00,0.6128330230712891,0.6138330101966858,0.5973330140113831,0.6014999747276306,387384000
2006-11-22 00:00:00-05:00,0.6036670207977295,0.612500011920929,0.6004999876022339,0.6118329763412476,240258000
2006-11-24 00:00:00-05:00,0.6088330149650574,0.617667019367218,0.6033329963684082,0.6163330078125,144336000
2006-11-27 00:00:00-05:00,0.6126670241355896,0.6208329796791077,0.5843330025672913,0.5885000228881836,585294000
2006-11-28 00:00:00-05:00,0.5864999890327454,0.6048330068588257,0.5773329734802246,0.5995000004768372,480966000
2006-11-29 00:00:00-05:00,0.6050000190734863,0.6156669855117798,0.602666974067688,0.6083329916000366,579792000
2006-11-30 00:00:00-05:00,0.6083329916000366,0.6215000152587891,0.6010000109672546,0.6165000200271606,583632000
2006-12-01 00:00:00-05:00,0.6096670031547546,0.6104999780654907,0.5870000123977661,0.5923330187797546,785010000
2006-12-04 00:00:00-05:00,0.6000000238418579,0.6240000128746033,0.597832977771759,0.6163330078125,621570000
2006-12-05 00:00:00-05:00,0.6098330020904541,0.6134999990463257,0.6031669974327087,0.6100000143051147,663354000
2006-12-06 00:00:00-05:00,0.6119999885559082,0.6119999885559082,0.600832998752594,0.6091669797897339,478242000
2006-12-07 00:00:00-05:00,0.6091669797897339,0.612500011920929,0.5891669988632202,0.5945000052452087,486894000
2006-12-08 00:00:00-05:00,0.5901669859886169,0.6006669998168945,0.5816670060157776,0.5924999713897705,564858000
2006-12-11 00:00:00-05:00,0.5926669836044312,0.6098330020904541,0.5913329720497131,0.602666974067688,515484000
2006-12-12 00:00:00-05:00,0.5981670022010803,0.6001669764518738,0.5885000228881836,0.5964999794960022,568116000
2006-12-13 00:00:00-05:00,0.6013330221176147,0.6083329916000366,0.6013330221176147,0.6035000085830688,491952000
2006-12-14 00:00:00-05:00,0.6083329916000366,0.6218330264091492,0.6078330278396606,0.6141669750213623,715380000
2006-12-15 00:00:00-05:00,0.618166983127594,0.625,0.6143329739570618,0.625,746094000
2006-12-18 00:00:00-05:00,0.6256669759750366,0.6433330178260803,0.6253330111503601,0.6358330249786377,688356000
2006-12-19 00:00:00-05:00,0.6276670098304749,0.6483330130577087,0.6268330216407776,0.6449999809265137,545622000
2006-12-20 00:00:00-05:00,0.6416670083999634,0.6493330001831055,0.6371669769287109,0.6376670002937317,306594000
2006-12-21 00:00:00-05:00,0.6411669850349426,0.6430000066757202,0.625,0.6321669816970825,367920000
2006-12-22 00:00:00-05:00,0.6311669945716858,0.6333330273628235,0.6141669750213623,0.6171669960021973,370170000
2006-12-26 00:00:00-05:00,0.6205000281333923,0.6259999871253967,0.6144999861717224,0.6169999837875366,228192000
2006-12-27 00:00:00-05:00,0.6196669936180115,0.6273329854011536,0.6196669936180115,0.6251670122146606,264954000
2006-12-28 00:00:00-05:00,0.6258329749107361,0.6265000104904175,0.6178330183029175,0.6206669807434082,213912000
2006-12-29 00:00:00-05:00,0.6206669807434082,0.6336669921875,0.6161670088768005,0.616832971572876,386094000
2007-01-03 00:00:00-05:00,0.6178330183029175,0.6253330111503601,0.5798329710960388,0.6013330221176147,1154820000
2007-01-04 00:00:00-05:00,0.599166989326477,0.6013330221176147,0.5838329792022705,0.5985000133514404,797298000
2007-01-05 00:00:00-05:00,0.5843330025672913,0.586667001247406,0.5569999814033508,0.5609999895095825,1243344000
2007-01-08 00:00:00-05:00,0.5630000233650208,0.5759999752044678,0.5533329844474792,0.5651670098304749,657270000
2007-01-09 00:00:00-05:00,0.5659999847412109,0.569832980632782,0.5534999966621399,0.5541669726371765,764166000
2007-01-10 00:00:00-05:00,0.5483329892158508,0.586667001247406,0.5400000214576721,0.5814999938011169,1108746000
2007-01-11 00:00:00-05:00,0.5814999938011169,0.5860000252723694,0.569832980632782,0.5793330073356628,924504000
2007-01-12 00:00:00-05:00,0.570667028427124,0.5895000100135803,0.5680000185966492,0.5871670246124268,698190000
2007-01-16 00:00:00-05:00,0.5916669964790344,0.5920000076293945,0.5814999938011169,0.5881670117378235,711864000
2007-01-17 00:00:00-05:00,0.5799999833106995,0.5835000276565552,0.5736669898033142,0.5758330225944519,707934000
2007-01-18 00:00:00-05:00,0.5708330273628235,0.5708330273628235,0.5210000276565552,0.5281670093536377,1501638000
2007-01-19 00:00:00-05:00,0.5224999785423279,0.5423330068588257,0.5188329815864563,0.5313330292701721,942606000
2007-01-22 00:00:00-05:00,0.5363330245018005,0.5450000166893005,0.5293329954147339,0.5313330292701721,730644000
2007-01-23 00:00:00-05:00,0.5288329720497131,0.5400000214576721,0.5189999938011169,0.531499981880188,630354000
2007-01-24 00:00:00-05:00,0.538332998752594,0.555167019367218,0.5358330011367798,0.5479999780654907,685722000
2007-01-25 00:00:00-05:00,0.5529999732971191,0.5550000071525574,0.5261669754981995,0.5288329720497131,616284000
2007-01-26 00:00:00-05:00,0.5333330035209656,0.5385000109672546,0.5149999856948853,0.5245000123977661,829584000
2007-01-29 00:00:00-05:00,0.5221670269966125,0.5224999785423279,0.4984999895095825,0.503000020980835,1258284000
2007-01-30 00:00:00-05:00,0.5063329935073853,0.515999972820282,0.5018330216407776,0.5126670002937317,636174000
2007-01-31 00:00:00-05:00,0.5101670026779175,0.5156670212745667,0.503832995891571,0.5108330249786377,467976000
2007-02-01 00:00:00-05:00,0.5059999823570251,0.5199999809265137,0.5049999952316284,0.5173329710960388,650898000
2007-02-02 00:00:00-05:00,0.5201669931411743,0.5333330035209656,0.5158330202102661,0.5308330059051514,586590000
2007-02-05 00:00:00-05:00,0.5333330035209656,0.5440000295639038,0.5325000286102295,0.5394999980926514,579906000
2007-02-06 00:00:00-05:00,0.5516669750213623,0.5656669735908508,0.5435000061988831,0.558667004108429,775386000
2007-02-07 00:00:00-05:00,0.5631669759750366,0.581833004951477,0.5598329901695251,0.5805000066757202,761058000
2007-02-08 00:00:00-05:00,0.5716670155525208,0.5811669826507568,0.5666670203208923,0.5730000138282776,726276000
2007-02-09 00:00:00-05:00,0.5758330225944519,0.5806670188903809,0.5419999957084656,0.5441669821739197,937956000
2007-02-12 00:00:00-05:00,0.5481669902801514,0.5680000185966492,0.5423330068588257,0.5561670064926147,789360000
2007-02-13 00:00:00-05:00,0.5651670098304749,0.5711669921875,0.559499979019165,0.5666670203208923,849732000
2007-02-14 00:00:00-05:00,0.5716670155525208,0.574999988079071,0.5578330159187317,0.5591670274734497,1081848000
2007-02-15 00:00:00-05:00,0.5588330030441284,0.5653330087661743,0.5534999966621399,0.5625,488682000
2007-02-16 00:00:00-05:00,0.5601670145988464,0.5608329772949219,0.5436670184135437,0.5453330278396606,915060000
2007-02-20 00:00:00-05:00,0.5461670160293579,0.5531669855117798,0.5423330068588257,0.5501670241355896,625578000
2007-02-21 00:00:00-05:00,0.5456669926643372,0.5515000224113464,0.5364999771118164,0.5419999957084656,655332000
2007-02-22 00:00:00-05:00,0.5504999756813049,0.5593330264091492,0.5441669821739197,0.5454999804496765,655452000
2007-02-23 00:00:00-05:00,0.5506669878959656,0.5509999990463257,0.5440000295639038,0.5441669821739197,403050000
2007-02-26 00:00:00-05:00,0.5456669926643372,0.5498329997062683,0.5350000262260437,0.5358330011367798,494070000
2007-02-27 00:00:00-05:00,0.5299999713897705,0.5425000190734863,0.5188329815864563,0.5196670293807983,714630000
2007-02-28 00:00:00-05:00,0.5181670188903809,0.5278329849243164,0.5118330121040344,0.5166670083999634,780048000
2007-03-01 00:00:00-05:00,0.5055000185966492,0.5198330283164978,0.4988330006599426,0.5103330016136169,837228000
2007-03-02 00:00:00-05:00,0.5058330297470093,0.5120000243186951,0.49516698718070984,0.49616700410842896,682728000
2007-03-05 00:00:00-05:00,0.48750001192092896,0.4971669912338257,0.4776670038700104,0.4793330132961273,663558000
2007-03-06 00:00:00-05:00,0.4898329973220825,0.5131670236587524,0.4878329932689667,0.5076670050621033,805974000
2007-03-07 00:00:00-05:00,0.5051670074462891,0.5074999928474426,0.49116700887680054,0.49333301186561584,811656000
2007-03-08 00:00:00-05:00,0.5036669969558716,0.519333004951477,0.5033329725265503,0.5136669874191284,770622000
2007-03-09 00:00:00-05:00,0.5208330154418945,0.5266669988632202,0.5026670098304749,0.5084999799728394,555306000
2007-03-12 00:00:00-04:00,0.5026670098304749,0.5128329992294312,0.5019999742507935,0.5055000185966492,428010000
2007-03-13 00:00:00-04:00,0.5003330111503601,0.5033329725265503,0.483832985162735,0.4841670095920563,617070000
2007-03-14 00:00:00-04:00,0.4855000078678131,0.48833298683166504,0.46733298897743225,0.48183301091194153,971610000
2007-03-15 00:00:00-04:00,0.48066699504852295,0.48500001430511475,0.469666987657547,0.47699999809265137,655752000
2007-03-16 00:00:00-04:00,0.4773330092430115,0.47816699743270874,0.46916699409484863,0.4724999964237213,525648000
2007-03-19 00:00:00-04:00,0.4749999940395355,0.48249998688697815,0.4733330011367798,0.47483301162719727,461508000
2007-03-20 00:00:00-04:00,0.4733330011367798,0.4841670095920563,0.4706670045852661,0.4724999964237213,656490000
2007-03-21 00:00:00-04:00,0.4916670024394989,0.507332980632782,0.4823330044746399,0.49950000643730164,1268376000
2007-03-22 00:00:00-04:00,0.5,0.5134999752044678,0.49766701459884644,0.5105000138282776,810954000
2007-03-23 00:00:00-04:00,0.5066670179367065,0.5156670212745667,0.5011669993400574,0.5048329830169678,524640000
2007-03-26 00:00:00-04:00,0.5051670074462891,0.5099999904632568,0.4966669976711273,0.5058330297470093,447336000
2007-03-27 00:00:00-04:00,0.5046669840812683,0.505666971206665,0.49583300948143005,0.4963330030441284,469020000
2007-03-28 00:00:00-04:00,0.49216699600219727,0.4963330030441284,0.4860000014305115,0.48683300614356995,459504000
2007-03-29 00:00:00-04:00,0.4941670000553131,0.49483299255371094,0.47049999237060547,0.4783329963684082,719016000
2007-03-30 00:00:00-04:00,0.4848330020904541,0.48833298683166504,0.477167010307312,0.4796670079231262,581244000
2007-04-02 00:00:00-04:00,0.47850000858306885,0.48249998688697815,0.47133299708366394,0.47916701436042786,400830000
2007-04-03 00:00:00-04:00,0.47916701436042786,0.484499990940094,0.4728330075740814,0.4773330092430115,473724000
2007-04-04 00:00:00-04:00,0.47666698694229126,0.4805000126361847,0.4749999940395355,0.47633299231529236,361692000
2007-04-05 00:00:00-04:00,0.4783329963684082,0.515500009059906,0.4783329963684082,0.5149999856948853,1332900000
2007-04-09 00:00:00-04:00,0.5149999856948853,0.5208330154418945,0.5046669840812683,0.505666971206665,640950000
2007-04-10 00:00:00-04:00,0.5049999952316284,0.5108330249786377,0.49950000643730164,0.5005000233650208,794220000
2007-04-11 00:00:00-04:00,0.5015000104904175,0.5065000057220459,0.4898329973220825,0.49149999022483826,810150000
2007-04-12 00:00:00-04:00,0.4888330101966858,0.5070000290870667,0.48566699028015137,0.5055000185966492,743640000
2007-04-13 00:00:00-04:00,0.503832995891571,0.5106670260429382,0.49766701459884644,0.5096669793128967,638694000
2007-04-16 00:00:00-04:00,0.5083330273628235,0.5121669769287109,0.5005000233650208,0.5070000290870667,671838000
2007-04-17 00:00:00-04:00,0.5198330283164978,0.5316669940948486,0.5093330144882202,0.5118330121040344,1059108000
2007-04-18 00:00:00-04:00,0.5109999775886536,0.5226669907569885,0.5083330273628235,0.5181670188903809,683802000
2007-04-19 00:00:00-04:00,0.5139999985694885,0.5283330082893372,0.512499988079071,0.5253329873085022,568056000
2007-04-20 00:00:00-04:00,0.5329999923706055,0.5333330035209656,0.5245000123977661,0.531499981880188,590052000
2007-04-23 00:00:00-04:00,0.5289999842643738,0.5299999713897705,0.5213329792022705,0.522832989692688,595272000
2007-04-24 00:00:00-04:00,0.5316669940948486,0.5473330020904541,0.5281670093536377,0.5425000190734863,1028088000
2007-04-25 00:00:00-04:00,0.5416669845581055,0.5548329949378967,0.5391669869422913,0.5518329739570618,509640000
2007-04-26 00:00:00-04:00,0.5518329739570618,0.5628330111503601,0.5468329787254333,0.558667004108429,500070000
2007-04-27 00:00:00-04:00,0.556833028793335,0.5630000233650208,0.5423330068588257,0.5511670112609863,554058000
2007-04-30 00:00:00-04:00,0.558667004108429,0.5656669735908508,0.5479999780654907,0.5481669902801514,563388000
2007-05-01 00:00:00-04:00,0.5581669807434082,0.5618330240249634,0.5494999885559082,0.5540000200271606,544554000
2007-05-02 00:00:00-04:00,0.556833028793335,0.5591670274734497,0.5446670055389404,0.5475000143051147,659658000
2007-05-03 00:00:00-04:00,0.5526670217514038,0.5615000128746033,0.5516669750213623,0.5578330159187317,500250000
2007-05-04 00:00:00-04:00,0.5608329772949219,0.5646669864654541,0.5554999709129333,0.5618330240249634,405246000
2007-05-07 00:00:00-04:00,0.5699999928474426,0.5763329863548279,0.550000011920929,0.5506669878959656,557100000
2007-05-08 00:00:00-04:00,0.5473330020904541,0.5561670064926147,0.536666989326477,0.5548329949378967,737100000
2007-05-09 00:00:00-04:00,0.550832986831665,0.5605000257492065,0.5444999933242798,0.5573329925537109,417870000
2007-05-10 00:00:00-04:00,0.5596669912338257,0.5669999718666077,0.5421670079231262,0.546999990940094,802584000
2007-05-11 00:00:00-04:00,0.5764999985694885,0.5913329720497131,0.5676670074462891,0.5856670141220093,1530630000
2007-05-14 00:00:00-04:00,0.5833330154418945,0.5888329744338989,0.5743330121040344,0.5798329710960388,731568000
2007-05-15 00:00:00-04:00,0.5814999938011169,0.5849999785423279,0.5733330249786377,0.5746669769287109,621360000
2007-05-16 00:00:00-04:00,0.5751670002937317,0.5820000171661377,0.5641670227050781,0.5820000171661377,523104000
2007-05-17 00:00:00-04:00,0.5803329944610596,0.5833330154418945,0.5690000057220459,0.5723329782485962,443664000
2007-05-18 00:00:00-04:00,0.5766670107841492,0.585332989692688,0.5718330144882202,0.583666980266571,604266000
2007-05-21 00:00:00-04:00,0.5820000171661377,0.6000000238418579,0.5791670083999634,0.5855000019073486,645768000
2007-05-22 00:00:00-04:00,0.5860000252723694,0.593999981880188,0.5764999985694885,0.5886669754981995,401736000
2007-05-23 00:00:00-04:00,0.5889999866485596,0.5924999713897705,0.5713329911231995,0.5730000138282776,448248000
2007-05-24 00:00:00-04:00,0.5756670236587524,0.5773329734802246,0.550000011920929,0.5523329973220825,607800000
2007-05-25 00:00:00-04:00,0.5563330054283142,0.5638329982757568,0.5546669960021973,0.5609999895095825,308976000
2007-05-29 00:00:00-04:00,0.558667004108429,0.5688329935073853,0.5569999814033508,0.5669999718666077,316242000
2007-05-30 00:00:00-04:00,0.5603330135345459,0.5683330297470093,0.5533329844474792,0.5683330297470093,331650000
2007-05-31 00:00:00-04:00,0.5724999904632568,0.5808330178260803,0.569832980632782,0.5773329734802246,481572000
2007-06-01 00:00:00-04:00,0.5838329792022705,0.5924999713897705,0.5803329944610596,0.5813329815864563,429084000
2007-06-04 00:00:00-04:00,0.5759999752044678,0.5878329873085022,0.5736669898033142,0.5845000147819519,322002000
2007-06-05 00:00:00-04:00,0.5861669778823853,0.6028329730033875,0.5851669907569885,0.6018329858779907,698586000
2007-06-06 00:00:00-04:00,0.5976669788360596,0.6159999966621399,0.5951669812202454,0.6063330173492432,950736000
2007-06-07 00:00:00-04:00,0.6035000085830688,0.612500011920929,0.5996670126914978,0.5998330116271973,791862000
2007-06-08 00:00:00-04:00,0.5948330163955688,0.6100000143051147,0.5874999761581421,0.6091669797897339,533268000
2007-06-11 00:00:00-04:00,0.6091669797897339,0.6150000095367432,0.6058329939842224,0.6113330125808716,434634000
2007-06-12 00:00:00-04:00,0.6081669926643372,0.6166669726371765,0.6046670079231262,0.6050000190734863,526770000
2007-06-13 00:00:00-04:00,0.6116669774055481,0.6196669936180115,0.603833019733429,0.6194999814033508,587232000
2007-06-14 00:00:00-04:00,0.6166669726371765,0.6328330039978027,0.6158329844474792,0.6305000185966492,508548000
2007-06-15 00:00:00-04:00,0.6376670002937317,0.6641669869422913,0.637499988079071,0.6591669917106628,1081998000
2007-06-18 00:00:00-04:00,0.6658329963684082,0.668166995048523,0.6541669964790344,0.659500002861023,685662000
2007-06-19 00:00:00-04:00,0.6553329825401306,0.665166974067688,0.650833010673523,0.6636670231819153,491952000
2007-06-20 00:00:00-04:00,0.6666669845581055,0.6700000166893005,0.6598330140113831,0.6643329858779907,822792000
2007-06-21 00:00:00-04:00,0.6771669983863831,0.7221670150756836,0.671999990940094,0.7163329720497131,1297326000
2007-06-22 00:00:00-04:00,0.7166669964790344,0.7311670184135437,0.7058330178260803,0.7269999980926514,882618000
2007-06-25 00:00:00-04:00,0.7066670060157776,0.7239999771118164,0.7001670002937317,0.7078329920768738,819702000
2007-06-26 00:00:00-04:00,0.7059999704360962,0.7080000042915344,0.6733329892158508,0.675000011920929,868482000
2007-06-27 00:00:00-04:00,0.675000011920929,0.6940000057220459,0.6716669797897339,0.693166971206665,613140000
2007-06-28 00:00:00-04:00,0.6951670050621033,0.7073330283164978,0.6883329749107361,0.6998329758644104,597534000
2007-06-29 00:00:00-04:00,0.7045000195503235,0.7046669721603394,0.6881669759750366,0.6884999871253967,516570000
2007-07-02 00:00:00-04:00,0.6983330249786377,0.7174999713897705,0.6961669921875,0.7171670198440552,563850000
2007-07-03 00:00:00-04:00,0.7166669964790344,0.7239999771118164,0.7108330130577087,0.7183330059051514,238770000
2007-07-05 00:00:00-04:00,0.718500018119812,0.7283329963684082,0.7149999737739563,0.7260000109672546,373290000
2007-07-06 00:00:00-04:00,0.7250000238418579,0.7323330044746399,0.7236670255661011,0.7294999957084656,282720000
2007-07-09 00:00:00-04:00,0.7321670055389404,0.7541670203208923,0.7319999933242798,0.7506669759750366,536784000
2007-07-10 00:00:00-04:00,0.7468330264091492,0.762499988079071,0.7388330101966858,0.7580000162124634,552654000
2007-07-11 00:00:00-04:00,0.7578330039978027,0.7630000114440918,0.7441669702529907,0.7546669840812683,582612000
2007-07-12 00:00:00-04:00,0.7599999904632568,0.7699999809265137,0.7546669840812683,0.7691670060157776,438732000
2007-07-13 00:00:00-04:00,0.7670000195503235,0.7761669754981995,0.7636669874191284,0.7645000219345093,372630000
2007-07-16 00:00:00-04:00,0.7651669979095459,0.781499981880188,0.7649999856948853,0.7783330082893372,541710000
2007-07-17 00:00:00-04:00,0.781499981880188,0.7971670031547546,0.7743330001831055,0.7749999761581421,643812000
2007-07-18 00:00:00-04:00,0.7638329863548279,0.7661669850349426,0.7458329796791077,0.7608330249786377,550656000
2007-07-19 00:00:00-04:00,0.7716670036315918,0.7754999995231628,0.7546669840812683,0.7599999904632568,407376000
2007-07-20 00:00:00-04:00,0.7649999856948853,0.7676669955253601,0.7480000257492065,0.7516670227050781,505650000
2007-07-23 00:00:00-04:00,0.7490000128746033,0.7746670246124268,0.7473329901695251,0.7591670155525208,360474000
2007-07-24 00:00:00-04:00,0.7561669945716858,0.762499988079071,0.734499990940094,0.7391669750213623,457560000
2007-07-25 00:00:00-04:00,0.7393329739570618,0.7498329877853394,0.7186669707298279,0.7356669902801514,437196000
2007-07-26 00:00:00-04:00,0.7278329730033875,0.7496669888496399,0.7179999947547913,0.7393329739570618,710268000
2007-07-27 00:00:00-04:00,0.737500011920929,0.7714999914169312,0.7371670007705688,0.737500011920929,615480000
2007-07-30 00:00:00-04:00,0.7401670217514038,0.7593330144882202,0.7400000095367432,0.758167028427124,538158000
2007-07-31 00:00:00-04:00,0.7881669998168945,0.7988330125808716,0.761667013168335,0.7626670002937317,711492000
2007-08-01 00:00:00-04:00,0.7516670227050781,0.7701669931411743,0.7216669917106628,0.7570000290870667,705828000
2007-08-02 00:00:00-04:00,0.7656670212745667,0.7663329839706421,0.7434999942779541,0.7536669969558716,468606000
2007-08-03 00:00:00-04:00,0.7511669993400574,0.7566670179367065,0.708666980266571,0.7089999914169312,623412000
2007-08-06 00:00:00-04:00,0.7149999737739563,0.7203329801559448,0.6949999928474426,0.7149999737739563,524724000
2007-08-07 00:00:00-04:00,0.7149999737739563,0.7381669878959656,0.7055000066757202,0.7263330221176147,565764000
2007-08-08 00:00:00-04:00,0.7394999861717224,0.7825000286102295,0.7338330149650574,0.7598329782485962,660744000
2007-08-09 00:00:00-04:00,0.7649999856948853,0.7900000214576721,0.7475000023841858,0.7688329815864563,1251834000
2007-08-10 00:00:00-04:00,0.7058330178260803,0.7381669878959656,0.6898329854011536,0.7331669926643372,1141014000
2007-08-13 00:00:00-04:00,0.7390000224113464,0.7440000176429749,0.7099999785423279,0.7251669764518738,700410000
2007-08-14 00:00:00-04:00,0.7301669716835022,0.7649999856948853,0.7279999852180481,0.7533329725265503,1092174000
2007-08-15 00:00:00-04:00,0.7493330240249634,0.7599999904632568,0.7204999923706055,0.7214999794960022,695142000
2007-08-16 00:00:00-04:00,0.7143329977989197,0.7195000052452087,0.675000011920929,0.7095000147819519,780030000
2007-08-17 00:00:00-04:00,0.7291669845581055,0.7519999742507935,0.7064999938011169,0.7513329982757568,728712000
2007-08-20 00:00:00-04:00,0.7518330216407776,0.7599999904632568,0.7391669750213623,0.7483329772949219,519684000
2007-08-21 00:00:00-04:00,0.7528330087661743,0.7948330044746399,0.7416669726371765,0.7888330221176147,715338000
2007-08-22 00:00:00-04:00,0.8088330030441284,0.8115000128746033,0.7925000190734863,0.806833028793335,566154000
2007-08-23 00:00:00-04:00,0.8106669783592224,0.8201670050621033,0.796500027179718,0.800000011920929,667986000
2007-08-24 00:00:00-04:00,0.7976670265197754,0.805666983127594,0.7918329834938049,0.8041669726371765,361644000
2007-08-27 00:00:00-04:00,0.8041669726371765,0.8308330178260803,0.8004999756813049,0.8223329782485962,635946000
2007-08-28 00:00:00-04:00,0.824999988079071,0.8283330202102661,0.7703329920768738,0.7721670269966125,560022000
2007-08-29 00:00:00-04:00,0.788332998752594,0.8169999718666077,0.786666989326477,0.8159999847412109,538560000
2007-08-30 00:00:00-04:00,0.8081669807434082,0.8314999938011169,0.8078330159187317,0.8113330006599426,465660000
2007-08-31 00:00:00-04:00,0.8283330202102661,0.8558329939842224,0.8238329887390137,0.852666974067688,720834000
2007-09-04 00:00:00-04:00,0.8565000295639038,0.8826670050621033,0.8431670069694519,0.8790000081062317,683268000
2007-09-05 00:00:00-04:00,0.8751670122146606,0.8999999761581421,0.8716670274734497,0.8723329901695251,656274000
2007-09-06 00:00:00-04:00,0.883167028427124,0.8911669850349426,0.8725000023841858,0.8761669993400574,425496000
2007-09-07 00:00:00-04:00,0.8518329858779907,0.8606669902801514,0.8278329968452454,0.8441669940948486,602304000
2007-09-10 00:00:00-04:00,0.862500011920929,0.8774999976158142,0.8395000100135803,0.8464999794960022,872112000
2007-09-11 00:00:00-04:00,0.8567500114440918,0.8709999918937683,0.8477500081062317,0.8644999861717224,405424000
2007-09-12 00:00:00-04:00,0.8737499713897705,0.878000020980835,0.8220000267028809,0.8305000066757202,554452000
2007-09-13 00:00:00-04:00,0.8462499976158142,0.8472499847412109,0.8247500061988831,0.8307499885559082,452864000
2007-09-14 00:00:00-04:00,0.8224999904632568,0.8234999775886536,0.8037499785423279,0.8062499761581421,487308000
2007-09-17 00:00:00-04:00,0.8075000047683716,0.8159999847412109,0.7957500219345093,0.8044999837875366,374828000
2007-09-18 00:00:00-04:00,0.8130000233650208,0.887499988079071,0.8117499947547913,0.875,844740000
2007-09-19 00:00:00-04:00,0.8830000162124634,0.8999999761581421,0.8504999876022339,0.859000027179718,521360000
2007-09-20 00:00:00-04:00,0.859499990940094,0.8687499761581421,0.8445000052452087,0.8539999723434448,324172000
2007-09-21 00:00:00-04:00,0.862500011920929,0.875,0.8539999723434448,0.8622499704360962,457532000
2007-09-24 00:00:00-04:00,0.8675000071525574,0.8974999785423279,0.8612499833106995,0.8842499852180481,456360000
2007-09-25 00:00:00-04:00,0.8790000081062317,0.8992499709129333,0.8765000104904175,0.8955000042915344,360748000
2007-09-26 00:00:00-04:00,0.8999999761581421,0.918749988079071,0.8977500200271606,0.9167500138282776,518032000
2007-09-27 00:00:00-04:00,0.9254999756813049,0.9300000071525574,0.9097499847412109,0.9194999933242798,378280000
2007-09-28 00:00:00-04:00,0.925000011920929,0.9282500147819519,0.9039999842643738,0.906000018119812,404292000
2007-10-01 00:00:00-04:00,0.9137499928474426,0.9487500190734863,0.9127500057220459,0.9442499876022339,398200000
2007-10-02 00:00:00-04:00,0.9419999718666077,0.9437500238418579,0.921500027179718,0.9352499842643738,284960000
2007-10-03 00:00:00-04:00,0.918749988079071,0.918749988079071,0.8807500004768372,0.8955000042915344,467196000
2007-10-04 00:00:00-04:00,0.8945000171661377,0.9047499895095825,0.8687499761581421,0.8995000123977661,378976000
2007-10-05 00:00:00-04:00,0.9137499928474426,0.9282500147819519,0.9039999842643738,0.9232500195503235,344840000
2007-10-08 00:00:00-04:00,0.9297500252723694,0.9397500157356262,0.918749988079071,0.9382500052452087,252484000
2007-10-09 00:00:00-04:00,0.9382500052452087,0.9424999952316284,0.9079999923706055,0.921750009059906,403008000
2007-10-10 00:00:00-04:00,0.9279999732971191,0.9279999732971191,0.9004999995231628,0.9227499961853027,389136000
2007-10-11 00:00:00-04:00,0.9142500162124634,0.9257500171661377,0.871749997138977,0.8817499876022339,529104000
2007-10-12 00:00:00-04:00,0.8914999961853027,0.903249979019165,0.8777499794960022,0.903249979019165,409952000
2007-10-15 00:00:00-04:00,0.90625,0.921500027179718,0.9020000100135803,0.9097499847412109,355900000
2007-10-16 00:00:00-04:00,0.9087499976158142,0.934249997138977,0.9054999947547913,0.9179999828338623,276360000
2007-10-17 00:00:00-04:00,0.9537500143051147,0.9912499785423279,0.952750027179718,0.9884999990463257,717944000
2007-10-18 00:00:00-04:00,0.9852499961853027,0.9917500019073486,0.9605000019073486,0.9877499938011169,340620000
2007-10-19 00:00:00-04:00,0.9854999780654907,0.9860000014305115,0.934499979019165,0.9347500205039978,505768000
2007-10-22 00:00:00-04:00,0.9287499785423279,0.9810000061988831,0.9212499856948853,0.9789999723434448,537656000
2007-10-23 00:00:00-04:00,0.9917500019073486,0.9917500019073486,0.9570000171661377,0.9837499856948853,294292000
2007-10-24 00:00:00-04:00,0.9624999761581421,0.9624999761581421,0.9037500023841858,0.9505000114440918,565500000
2007-10-25 00:00:00-04:00,0.9212499856948853,0.9300000071525574,0.8397499918937683,0.8675000071525574,806192000
2007-10-26 00:00:00-04:00,0.8949999809265137,0.9010000228881836,0.8475000262260437,0.8600000143051147,616580000
2007-10-29 00:00:00-04:00,0.8305000066757202,0.84375,0.8140000104904175,0.8397499918937683,813896000
2007-10-30 00:00:00-04:00,0.8464999794960022,0.8882499933242798,0.8324999809265137,0.8705000281333923,525212000
2007-10-31 00:00:00-04:00,0.8757500052452087,0.8849999904632568,0.8485000133514404,0.8845000267028809,455188000
2007-11-01 00:00:00-04:00,0.8707500100135803,0.9022499918937683,0.8587499856948853,0.8845000267028809,587236000
2007-11-02 00:00:00-04:00,0.8967499732971191,0.925000011920929,0.8842499852180481,0.9185000061988831,491844000
2007-11-05 00:00:00-05:00,0.9107499718666077,0.940500020980835,0.9049999713897705,0.9185000061988831,436636000
2007-11-06 00:00:00-05:00,0.9272500276565552,0.9549999833106995,0.9229999780654907,0.9474999904632568,554620000
2007-11-07 00:00:00-05:00,0.9470000267028809,0.9507499933242798,0.8949999809265137,0.9024999737739563,546768000
2007-11-08 00:00:00-05:00,0.893750011920929,0.9100000262260437,0.8202499747276306,0.8460000157356262,996824000
2007-11-09 00:00:00-05:00,0.8637499809265137,0.8700000047683716,0.8162500262260437,0.8339999914169312,871056000
2007-11-12 00:00:00-05:00,0.8337500095367432,0.8397499918937683,0.7507500052452087,0.7507500052452087,715732000
2007-11-13 00:00:00-05:00,0.7630000114440918,0.8177499771118164,0.7507500052452087,0.8169999718666077,726696000
2007-11-14 00:00:00-05:00,0.8377500176429749,0.8457499742507935,0.800000011920929,0.8042500019073486,666720000
2007-11-15 00:00:00-05:00,0.7990000247955322,0.8065000176429749,0.7749999761581421,0.7935000061988831,496436000
2007-11-16 00:00:00-05:00,0.800000011920929,0.8134999871253967,0.7935000061988831,0.8112499713897705,423592000
2007-11-19 00:00:00-05:00,0.7997499704360962,0.8037499785423279,0.7522500157356262,0.7565000057220459,568412000
2007-11-20 00:00:00-05:00,0.7707499861717224,0.7720000147819519,0.7277500033378601,0.7507500052452087,622628000
2007-11-21 00:00:00-05:00,0.7350000143051147,0.7605000138282776,0.7327499985694885,0.7427499890327454,648452000
2007-11-23 00:00:00-05:00,0.7480000257492065,0.7587500214576721,0.7384999990463257,0.7555000185966492,141976000
2007-11-26 00:00:00-05:00,0.7549999952316284,0.7705000042915344,0.7365000247955322,0.7379999756813049,385896000
2007-11-27 00:00:00-05:00,0.7484999895095825,0.7720000147819519,0.7427499890327454,0.7697499990463257,458856000
2007-11-28 00:00:00-05:00,0.7940000295639038,0.8322499990463257,0.7902500033378601,0.8212500214576721,574548000
2007-11-29 00:00:00-05:00,0.8199999928474426,0.8525000214576721,0.8165000081062317,0.828000009059906,489084000
2007-11-30 00:00:00-05:00,0.8550000190734863,0.8550000190734863,0.7860000133514404,0.7885000109672546,652656000
2007-12-03 00:00:00-05:00,0.800000011920929,0.8147500157356262,0.7877500057220459,0.800000011920929,490688000
2007-12-04 00:00:00-05:00,0.8034999966621399,0.8062499761581421,0.7837499976158142,0.7992500066757202,371712000
2007-12-05 00:00:00-05:00,0.8297500014305115,0.856249988079071,0.8195000290870667,0.840749979019165,666704000
2007-12-06 00:00:00-05:00,0.8387500047683716,0.8604999780654907,0.831250011920929,0.8577499985694885,371152000
2007-12-07 00:00:00-05:00,0.8612499833106995,0.8622499704360962,0.8382499814033508,0.847000002861023,320292000
2007-12-10 00:00:00-05:00,0.8497499823570251,0.8662499785423279,0.8472499847412109,0.856249988079071,336360000
2007-12-11 00:00:00-05:00,0.8744999766349792,0.890500009059906,0.8552500009536743,0.8572499752044678,582436000
2007-12-12 00:00:00-05:00,0.8934999704360962,0.9022499918937683,0.8694999814033508,0.8867499828338623,617504000
2007-12-13 00:00:00-05:00,0.8759999871253967,0.8817499876022339,0.8370000123977661,0.862500011920929,500364000
2007-12-14 00:00:00-05:00,0.8585000038146973,0.8862500190734863,0.8527500033378601,0.8767499923706055,354016000
2007-12-17 00:00:00-05:00,0.8675000071525574,0.8757500052452087,0.8299999833106995,0.8320000171661377,507408000
2007-12-18 00:00:00-05:00,0.8447499871253967,0.862500011920929,0.8362500071525574,0.8532500267028809,396896000
2007-12-19 00:00:00-05:00,0.8502500057220459,0.8692499995231628,0.846750020980835,0.8612499833106995,253536000
2007-12-20 00:00:00-05:00,0.875,0.8812500238418579,0.8567500114440918,0.8792499899864197,279940000
2007-12-21 00:00:00-05:00,0.8897500038146973,0.8974999785423279,0.8709999918937683,0.8790000081062317,433408000
2007-12-24 00:00:00-05:00,0.8855000138282776,0.8987500071525574,0.8790000081062317,0.8945000171661377,104008000
2007-12-26 00:00:00-05:00,0.8962500095367432,0.906499981880188,0.887499988079071,0.906499981880188,215340000
2007-12-27 00:00:00-05:00,0.9049999713897705,0.9100000262260437,0.8762500286102295,0.8784999847412109,241368000
2007-12-28 00:00:00-05:00,0.8769999742507935,0.887499988079071,0.8622499704360962,0.8697500228881836,262064000
2007-12-31 00:00:00-05:00,0.8627499938011169,0.8784999847412109,0.8502500057220459,0.8504999876022339,276236000
2008-01-02 00:00:00-05:00,0.8529999852180481,0.856249988079071,0.8140000104904175,0.8252500295639038,483964000
2008-01-03 00:00:00-05:00,0.8299999833106995,0.8464999794960022,0.815750002861023,0.8187500238418579,475308000
2008-01-04 00:00:00-05:00,0.7942500114440918,0.7982500195503235,0.7450000047683716,0.75,736092000
2008-01-07 00:00:00-05:00,0.7549999952316284,0.7612500190734863,0.6587499976158142,0.6725000143051147,1006800000
2008-01-08 00:00:00-05:00,0.6762499809265137,0.7322499752044678,0.6604999899864197,0.6867499947547913,1106956000
2008-01-09 00:00:00-05:00,0.6959999799728394,0.7225000262260437,0.6857500076293945,0.7222499847412109,741036000
2008-01-10 00:00:00-05:00,0.7024999856948853,0.718500018119812,0.6932500004768372,0.7072499990463257,554432000
2008-01-11 00:00:00-05:00,0.690500020980835,0.7049999833106995,0.6712499856948853,0.6762499809265137,572612000
2008-01-14 00:00:00-05:00,0.6862499713897705,0.7222499847412109,0.6752499938011169,0.7212499976158142,539188000
2008-01-15 00:00:00-05:00,0.6937500238418579,0.7020000219345093,0.656499981880188,0.6682500243186951,725692000
2008-01-16 00:00:00-05:00,0.6262500286102295,0.6340000033378601,0.5789999961853027,0.5927500128746033,1464472000
2008-01-17 00:00:00-05:00,0.6019999980926514,0.6179999709129333,0.5809999704360962,0.5824999809265137,1133900000
2008-01-18 00:00:00-05:00,0.5842499732971191,0.6242499947547913,0.5630000233650208,0.6209999918937683,920428000
2008-01-22 00:00:00-05:00,0.5617499947547913,0.6044999957084656,0.5582500100135803,0.5899999737739563,709092000
2008-01-23 00:00:00-05:00,0.5659999847412109,0.6184999942779541,0.5605000257492065,0.6007500290870667,929880000
2008-01-24 00:00:00-05:00,0.612500011920929,0.6470000147819519,0.6067500114440918,0.6467499732971191,597092000
2008-01-25 00:00:00-05:00,0.671500027179718,0.6865000128746033,0.6207500100135803,0.6237499713897705,688012000
2008-01-28 00:00:00-05:00,0.6215000152587891,0.6277499794960022,0.6029999852180481,0.6162499785423279,577608000
2008-01-29 00:00:00-05:00,0.6272500157356262,0.6377500295639038,0.6110000014305115,0.6352499723434448,414484000
2008-01-30 00:00:00-05:00,0.625,0.6392499804496765,0.6117500066757202,0.6297500133514404,530476000
2008-01-31 00:00:00-05:00,0.6159999966621399,0.6262500286102295,0.5957499742507935,0.6147500276565552,588708000
2008-02-01 00:00:00-05:00,0.6134999990463257,0.675000011920929,0.6082500219345093,0.671500027179718,593104000
2008-02-04 00:00:00-05:00,0.6859999895095825,0.6897500157356262,0.6470000147819519,0.6504999995231628,565128000
2008-02-05 00:00:00-05:00,0.637499988079071,0.6377500295639038,0.609499990940094,0.609749972820282,494928000
2008-02-06 00:00:00-05:00,0.6162499785423279,0.6332499980926514,0.5964999794960022,0.6077499985694885,557380000
2008-02-07 00:00:00-05:00,0.5902500152587891,0.6309999823570251,0.5774999856948853,0.6137499809265137,664128000
2008-02-08 00:00:00-05:00,0.6079999804496765,0.6294999718666077,0.6000000238418579,0.624750018119812,393932000
2008-02-11 00:00:00-05:00,0.6299999952316284,0.640250027179718,0.6225000023841858,0.6267499923706055,503732000
2008-02-12 00:00:00-05:00,0.6362500190734863,0.6589999794960022,0.6327499747276306,0.6499999761581421,609688000
2008-02-13 00:00:00-05:00,0.6549999713897705,0.6775000095367432,0.6480000019073486,0.6754999756813049,742312000
2008-02-14 00:00:00-05:00,0.6557499766349792,0.65625,0.5637500286102295,0.5652499794960022,2184296000
2008-02-15 00:00:00-05:00,0.5630000233650208,0.578249990940094,0.5477499961853027,0.5567499995231628,817364000
2008-02-19 00:00:00-05:00,0.5669999718666077,0.5680000185966492,0.543749988079071,0.5485000014305115,558608000
2008-02-20 00:00:00-05:00,0.5325000286102295,0.5525000095367432,0.5302500128746033,0.5444999933242798,759016000
2008-02-21 00:00:00-05:00,0.550000011920929,0.5527499914169312,0.5289999842643738,0.5322499871253967,644272000
2008-02-22 00:00:00-05:00,0.5364999771118164,0.5590000152587891,0.5325000286102295,0.5580000281333923,723052000
2008-02-25 00:00:00-05:00,0.5575000047683716,0.5640000104904175,0.5429999828338623,0.5577499866485596,671784000
2008-02-26 00:00:00-05:00,0.5544999837875366,0.5709999799728394,0.5460000038146973,0.5625,565420000
2008-02-27 00:00:00-05:00,0.5597500205039978,0.5757499933242798,0.5562499761581421,0.5712500214576721,537816000
2008-02-28 00:00:00-05:00,0.5662500262260437,0.5672500133514404,0.5497499704360962,0.5497499704360962,503608000
2008-02-29 00:00:00-05:00,0.5407500267028809,0.5479999780654907,0.5325000286102295,0.5347499847412109,540576000
2008-03-03 00:00:00-05:00,0.5339999794960022,0.5377500057220459,0.5214999914169312,0.5285000205039978,449028000
2008-03-04 00:00:00-05:00,0.5249999761581421,0.5260000228881836,0.5027499794960022,0.5232499837875366,778888000
2008-03-05 00:00:00-05:00,0.528249979019165,0.5417500138282776,0.5227500200271606,0.5292500257492065,644656000
2008-03-06 00:00:00-05:00,0.5227500200271606,0.5262500047683716,0.49524998664855957,0.4959999918937683,1075284000
2008-03-07 00:00:00-05:00,0.4869999885559082,0.5080000162124634,0.4749999940395355,0.48875001072883606,767500000
2008-03-10 00:00:00-04:00,0.4827499985694885,0.48875001072883606,0.46000000834465027,0.460750013589859,776100000
2008-03-11 00:00:00-04:00,0.4749999940395355,0.4807499945163727,0.4560000002384186,0.47600001096725464,857940000
2008-03-12 00:00:00-04:00,0.4805000126361847,0.48475000262260437,0.45899999141693115,0.46299999952316284,743320000
2008-03-13 00:00:00-04:00,0.4557499885559082,0.49950000643730164,0.453000009059906,0.4925000071525574,1220528000
2008-03-14 00:00:00-04:00,0.4950000047683716,0.49549999833106995,0.4544999897480011,0.4580000042915344,1154972000
2008-03-17 00:00:00-04:00,0.43799999356269836,0.4620000123977661,0.43274998664855957,0.4465000033378601,800952000
2008-03-18 00:00:00-04:00,0.4569999873638153,0.4749999940395355,0.4440000057220459,0.4742499887943268,1075256000
2008-03-19 00:00:00-04:00,0.4632500112056732,0.46974998712539673,0.4415000081062317,0.4415000081062317,880476000
2008-03-20 00:00:00-04:00,0.4467499852180481,0.46399998664855957,0.4387499988079071,0.46299999952316284,633460000
2008-03-24 00:00:00-04:00,0.47325000166893005,0.5034999847412109,0.4715000092983246,0.5007500052452087,887440000
2008-03-25 00:00:00-04:00,0.503000020980835,0.5174999833106995,0.49825000762939453,0.5080000162124634,735388000
2008-03-26 00:00:00-04:00,0.5012500286102295,0.5047500133514404,0.48625001311302185,0.49175000190734863,721652000
2008-03-27 00:00:00-04:00,0.484250009059906,0.49799999594688416,0.476749986410141,0.48475000262260437,601308000
2008-03-28 00:00:00-04:00,0.4934999942779541,0.5047500133514404,0.4884999990463257,0.492000013589859,561788000
2008-03-31 00:00:00-04:00,0.4972499907016754,0.5065000057220459,0.4884999990463257,0.4947499930858612,569992000
2008-04-01 00:00:00-04:00,0.5095000267028809,0.5262500047683716,0.5022500157356262,0.5249999761581421,676872000
2008-04-02 00:00:00-04:00,0.5264999866485596,0.5264999866485596,0.5049999952316284,0.5090000033378601,616536000
2008-04-03 00:00:00-04:00,0.5047500133514404,0.5055000185966492,0.48475000262260437,0.49950000643730164,841984000
2008-04-04 00:00:00-04:00,0.4894999861717224,0.492000013589859,0.46825000643730164,0.46950000524520874,1535528000
2008-04-07 00:00:00-04:00,0.48100000619888306,0.4880000054836273,0.47699999809265137,0.4807499945163727,729496000
2008-04-08 00:00:00-04:00,0.4749999940395355,0.4934999942779541,0.4749999940395355,0.4779999852180481,639476000
2008-04-09 00:00:00-04:00,0.48350000381469727,0.4925000071525574,0.4790000021457672,0.48750001192092896,675232000
2008-04-10 00:00:00-04:00,0.49274998903274536,0.5127500295639038,0.48225000500679016,0.4970000088214874,1092184000
2008-04-11 00:00:00-04:00,0.48750001192092896,0.49050000309944153,0.46024999022483826,0.4632500112056732,1106280000
2008-04-14 00:00:00-04:00,0.46149998903274536,0.4625000059604645,0.4449999928474426,0.4477500021457672,780004000
2008-04-15 00:00:00-04:00,0.44999998807907104,0.4547500014305115,0.4402500092983246,0.453000009059906,439916000
2008-04-16 00:00:00-04:00,0.4702500104904175,0.47699999809265137,0.4620000123977661,0.47099998593330383,646836000
2008-04-17 00:00:00-04:00,0.4492500126361847,0.4662500023841858,0.4490000009536743,0.4645000100135803,596968000
2008-04-18 00:00:00-04:00,0.47874999046325684,0.4830000102519989,0.4690000116825104,0.4754999876022339,573540000
2008-04-21 00:00:00-04:00,0.4717499911785126,0.5,0.4717499911785126,0.49674999713897705,679892000
2008-04-22 00:00:00-04:00,0.48774999380111694,0.49300000071525574,0.47699999809265137,0.48750001192092896,587668000
2008-04-23 00:00:00-04:00,0.49424999952316284,0.5164999961853027,0.48774999380111694,0.5109999775886536,1020496000
2008-04-24 00:00:00-04:00,0.5139999985694885,0.5164999961853027,0.49125000834465027,0.4987500011920929,655764000
2008-04-25 00:00:00-04:00,0.5034999847412109,0.5049999952316284,0.48774999380111694,0.5037500262260437,552208000
2008-04-28 00:00:00-04:00,0.5015000104904175,0.5090000033378601,0.49274998903274536,0.4947499930858612,535700000
2008-04-29 00:00:00-04:00,0.4892500042915344,0.5112500190734863,0.4892500042915344,0.5049999952316284,573408000
2008-04-30 00:00:00-04:00,0.5109999775886536,0.5192499756813049,0.5074999928474426,0.5137500166893005,1068320000
2008-05-01 00:00:00-04:00,0.5199999809265137,0.5387499928474426,0.5174999833106995,0.5375000238418579,1014624000
2008-05-02 00:00:00-04:00,0.5522500276565552,0.5630000233650208,0.5440000295639038,0.5630000233650208,1131016000
2008-05-05 00:00:00-04:00,0.559249997138977,0.5617499947547913,0.5477499961853027,0.5490000247955322,943392000
2008-05-06 00:00:00-04:00,0.5475000143051147,0.5644999742507935,0.5389999747276306,0.5632500052452087,729036000
2008-05-07 00:00:00-04:00,0.5647500157356262,0.5722500085830688,0.5454999804496765,0.5502499938011169,715632000
2008-05-08 00:00:00-04:00,0.5544999837875366,0.5562499761581421,0.5252500176429749,0.5487499833106995,1360000000
2008-05-09 00:00:00-04:00,0.5502499938011169,0.5857499837875366,0.5492500066757202,0.5632500052452087,2030352000
2008-05-12 00:00:00-04:00,0.5705000162124634,0.5705000162124634,0.5417500138282776,0.547249972820282,1006652000
2008-05-13 00:00:00-04:00,0.550000011920929,0.550000011920929,0.5320000052452087,0.5360000133514404,854108000
2008-05-14 00:00:00-04:00,0.5427500009536743,0.5659999847412109,0.5360000133514404,0.5517500042915344,751148000
2008-05-15 00:00:00-04:00,0.5504999756813049,0.597000002861023,0.5479999780654907,0.5945000052452087,1165464000
2008-05-16 00:00:00-04:00,0.6044999957084656,0.6115000247955322,0.590749979019165,0.6102499961853027,1091556000
2008-05-19 00:00:00-04:00,0.6104999780654907,0.6327499747276306,0.5932499766349792,0.5975000262260437,1158532000
2008-05-20 00:00:00-04:00,0.581250011920929,0.5879999995231628,0.5752500295639038,0.5820000171661377,771404000
2008-05-21 00:00:00-04:00,0.5835000276565552,0.6060000061988831,0.5759999752044678,0.5772500038146973,1066660000
2008-05-22 00:00:00-04:00,0.5855000019073486,0.5960000157356262,0.5762500166893005,0.5912500023841858,693108000
2008-05-23 00:00:00-04:00,0.5902500152587891,0.5950000286102295,0.5692499876022339,0.577750027179718,802672000
2008-05-27 00:00:00-04:00,0.5787500143051147,0.5847499966621399,0.5677499771118164,0.5839999914169312,832856000
2008-05-28 00:00:00-04:00,0.6000000238418579,0.6014999747276306,0.5827500224113464,0.5895000100135803,751736000
2008-05-29 00:00:00-04:00,0.5897499918937683,0.590749979019165,0.5772500038146973,0.5879999995231628,693460000
2008-05-30 00:00:00-04:00,0.6047499775886536,0.6194999814033508,0.6029999852180481,0.6175000071525574,830244000
2008-06-02 00:00:00-04:00,0.6175000071525574,0.624750018119812,0.6107500195503235,0.6200000047683716,734660000
2008-06-03 00:00:00-04:00,0.621999979019165,0.6230000257492065,0.5917500257492065,0.5989999771118164,840696000
2008-06-04 00:00:00-04:00,0.5857499837875366,0.6072499752044678,0.5824999809265137,0.6060000061988831,831724000
2008-06-05 00:00:00-04:00,0.6269999742507935,0.6337500214576721,0.6142500042915344,0.6212499737739563,827860000
2008-06-06 00:00:00-04:00,0.6137499809265137,0.6144999861717224,0.5979999899864197,0.6014999747276306,784876000
2008-06-09 00:00:00-04:00,0.5979999899864197,0.606249988079071,0.5802500247955322,0.5922499895095825,637916000
2008-06-10 00:00:00-04:00,0.5762500166893005,0.5770000219345093,0.5534999966621399,0.5572500228881836,1225208000
2008-06-11 00:00:00-04:00,0.5572500228881836,0.5707499980926514,0.5304999947547913,0.53125,999428000
2008-06-12 00:00:00-04:00,0.5432500243186951,0.5537499785423279,0.5299999713897705,0.534500002861023,825992000
2008-06-13 00:00:00-04:00,0.5352500081062317,0.5414999723434448,0.5170000195503235,0.5327500104904175,705748000
2008-06-16 00:00:00-04:00,0.5270000100135803,0.5320000052452087,0.5212500095367432,0.5254999995231628,630496000
2008-06-17 00:00:00-04:00,0.5329999923706055,0.5332499742507935,0.5115000009536743,0.5127500295639038,687912000
2008-06-18 00:00:00-04:00,0.5074999928474426,0.5249999761581421,0.4894999861717224,0.49775001406669617,1065272000
2008-06-19 00:00:00-04:00,0.5005000233650208,0.5074999928474426,0.484499990940094,0.4964999854564667,784928000
2008-06-20 00:00:00-04:00,0.4855000078678131,0.49950000643730164,0.48524999618530273,0.49399998784065247,741008000
2008-06-23 00:00:00-04:00,0.49775001406669617,0.49825000762939453,0.4794999957084656,0.48374998569488525,776616000
2008-06-24 00:00:00-04:00,0.48100000619888306,0.5112500190734863,0.48100000619888306,0.4997499883174896,1078928000
2008-06-25 00:00:00-04:00,0.5074999928474426,0.5112500190734863,0.4945000112056732,0.5024999976158142,900976000
2008-06-26 00:00:00-04:00,0.48750001192092896,0.49125000834465027,0.476749986410141,0.476749986410141,845532000
2008-06-27 00:00:00-04:00,0.47874999046325684,0.48475000262260437,0.46775001287460327,0.4819999933242798,584140000
2008-06-30 00:00:00-04:00,0.476500004529953,0.4807499945163727,0.4647499918937683,0.46799999475479126,653940000
2008-07-01 00:00:00-04:00,0.4625000059604645,0.46924999356269836,0.45399999618530273,0.46875,881464000
2008-07-02 00:00:00-04:00,0.46650001406669617,0.46950000524520874,0.44999998807907104,0.4507499933242798,763196000
2008-07-03 00:00:00-04:00,0.3244999945163727,0.328249990940094,0.3100000023841858,0.3122499883174896,2987520000
2008-07-07 00:00:00-04:00,0.31700000166893005,0.3190000057220459,0.2939999997615814,0.30250000953674316,2202692000
2008-07-08 00:00:00-04:00,0.304500013589859,0.31200000643730164,0.29499998688697815,0.3007499873638153,1805288000
2008-07-09 00:00:00-04:00,0.30149999260902405,0.3059999942779541,0.2955000102519989,0.2955000102519989,1413168000
2008-07-10 00:00:00-04:00,0.296999990940094,0.3005000054836273,0.289249986410141,0.29475000500679016,1056992000
2008-07-11 00:00:00-04:00,0.2887499928474426,0.29899999499320984,0.28299999237060547,0.2917500138282776,807760000
2008-07-14 00:00:00-04:00,0.2939999997615814,0.29624998569488525,0.27649998664855957,0.2784999907016754,882316000
2008-07-15 00:00:00-04:00,0.2759999930858612,0.28725001215934753,0.26750001311302185,0.2815000116825104,1122484000
2008-07-16 00:00:00-04:00,0.2824999988079071,0.2904999852180481,0.2747499942779541,0.28299999237060547,1034392000
2008-07-17 00:00:00-04:00,0.2874999940395355,0.2874999940395355,0.27300000190734863,0.2840000092983246,862080000
2008-07-18 00:00:00-04:00,0.28200000524520874,0.29074999690055847,0.27399998903274536,0.289000004529953,899720000
2008-07-21 00:00:00-04:00,0.29350000619888306,0.29774999618530273,0.28824999928474426,0.29074999690055847,571636000
2008-07-22 00:00:00-04:00,0.2879999876022339,0.289249986410141,0.27900001406669617,0.28450000286102295,555924000
2008-07-23 00:00:00-04:00,0.2865000069141388,0.29600000381469727,0.2852500081062317,0.2930000126361847,594876000
2008-07-24 00:00:00-04:00,0.28999999165534973,0.2927500009536743,0.2750000059604645,0.2757500112056732,705628000
2008-07-25 00:00:00-04:00,0.2784999907016754,0.28999999165534973,0.27274999022483826,0.289000004529953,1039600000
2008-07-28 00:00:00-04:00,0.2852500081062317,0.29774999618530273,0.2840000092983246,0.28824999928474426,734808000
2008-07-29 00:00:00-04:00,0.2887499928474426,0.2985000014305115,0.2854999899864197,0.29124999046325684,764636000
2008-07-30 00:00:00-04:00,0.296999990940094,0.29750001430511475,0.28049999475479126,0.28700000047683716,588492000
2008-07-31 00:00:00-04:00,0.2862499952316284,0.29225000739097595,0.28299999237060547,0.28600001335144043,487236000
2008-08-01 00:00:00-04:00,0.2784999907016754,0.27950000762939453,0.26750001311302185,0.2709999978542328,881060000
2008-08-04 00:00:00-04:00,0.2709999978542328,0.27250000834465027,0.26374998688697815,0.2644999921321869,522052000
2008-08-05 00:00:00-04:00,0.2694999873638153,0.2797499895095825,0.26649999618530273,0.2797499895095825,685844000
2008-08-06 00:00:00-04:00,0.28049999475479126,0.28975000977516174,0.27149999141693115,0.28725001215934753,814864000
2008-08-07 00:00:00-04:00,0.2847500145435333,0.29750001430511475,0.27950000762939453,0.2827500104904175,819232000
2008-08-08 00:00:00-04:00,0.2849999964237213,0.2874999940395355,0.27399998903274536,0.2750000059604645,853764000
2008-08-11 00:00:00-04:00,0.2770000100135803,0.2874999940395355,0.2759999930858612,0.28075000643730164,1196436000
2008-08-12 00:00:00-04:00,0.28299999237060547,0.2837499976158142,0.27274999022483826,0.27674999833106995,1410868000
2008-08-13 00:00:00-04:00,0.29875001311302185,0.3109999895095825,0.2915000021457672,0.30649998784065247,2095260000
2008-08-14 00:00:00-04:00,0.30425000190734863,0.3372499942779541,0.30425000190734863,0.32499998807907104,1635304000
2008-08-15 00:00:00-04:00,0.3307499885559082,0.3345000147819519,0.3217499852180481,0.3240000009536743,777652000
2008-08-18 00:00:00-04:00,0.32624998688697815,0.3334999978542328,0.3227500021457672,0.3305000066757202,893968000
2008-08-19 00:00:00-04:00,0.32374998927116394,0.3375000059604645,0.32374998927116394,0.33550000190734863,1014140000
2008-08-20 00:00:00-04:00,0.34049999713897705,0.3529999852180481,0.33799999952316284,0.35199999809265137,1143692000
2008-08-21 00:00:00-04:00,0.34575000405311584,0.34850001335144043,0.3334999978542328,0.34049999713897705,1021560000
2008-08-22 00:00:00-04:00,0.34299999475479126,0.34700000286102295,0.3330000042915344,0.3402499854564667,459264000
2008-08-25 00:00:00-04:00,0.3382500112056732,0.3462499976158142,0.33425000309944153,0.33524999022483826,471600000
2008-08-26 00:00:00-04:00,0.3370000123977661,0.3372499942779541,0.32374998927116394,0.32725000381469727,613112000
2008-08-27 00:00:00-04:00,0.31975001096725464,0.33375000953674316,0.3167499899864197,0.3297500014305115,454620000
2008-08-28 00:00:00-04:00,0.33024999499320984,0.33375000953674316,0.3252499997615814,0.32850000262260437,365192000
2008-08-29 00:00:00-04:00,0.3240000009536743,0.32499998807907104,0.3149999976158142,0.3160000145435333,516004000
2008-09-02 00:00:00-04:00,0.32124999165534973,0.3240000009536743,0.30375000834465027,0.30799999833106995,693928000
2008-09-03 00:00:00-04:00,0.30375000834465027,0.3050000071525574,0.2887499928474426,0.2915000021457672,714856000
2008-09-04 00:00:00-04:00,0.28824999928474426,0.29124999046325684,0.28575000166893005,0.2874999940395355,716128000
2008-09-05 00:00:00-04:00,0.2849999964237213,0.29249998927116394,0.2847500145435333,0.2917500138282776,791100000
2008-09-08 00:00:00-04:00,0.2944999933242798,0.2944999933242798,0.2750000059604645,0.2797499895095825,1314840000
2008-09-09 00:00:00-04:00,0.2787500023841858,0.2957499921321869,0.2692500054836273,0.27024999260902405,1098296000
2008-09-10 00:00:00-04:00,0.273499995470047,0.27900001406669617,0.26875001192092896,0.2705000042915344,644284000
2008-09-11 00:00:00-04:00,0.2549999952316284,0.2630000114440918,0.24899999797344208,0.2574999928474426,1066976000
2008-09-12 00:00:00-04:00,0.2552500069141388,0.25699999928474426,0.24025000631809235,0.25475001335144043,1209200000
2008-09-15 00:00:00-04:00,0.24574999511241913,0.24950000643730164,0.22949999570846558,0.23250000178813934,863984000
2008-09-16 00:00:00-04:00,0.22425000369548798,0.24150000512599945,0.2199999988079071,0.2397499978542328,1240840000
2008-09-17 00:00:00-04:00,0.2342499941587448,0.2554999887943268,0.23199999332427979,0.25,1392580000
2008-09-18 00:00:00-04:00,0.2529999911785126,0.2854999899864197,0.2524999976158142,0.2722499966621399,1611060000
2008-09-19 00:00:00-04:00,0.2852500081062317,0.2874999940395355,0.27250000834465027,0.2852500081062317,1107344000
2008-09-22 00:00:00-04:00,0.28299999237060547,0.29124999046325684,0.2777499854564667,0.27924999594688416,700072000
2008-09-23 00:00:00-04:00,0.2770000100135803,0.28725001215934753,0.27024999260902405,0.27125000953674316,821468000
2008-09-24 00:00:00-04:00,0.26774999499320984,0.2867499887943268,0.26625001430511475,0.28125,866036000
2008-09-25 00:00:00-04:00,0.28125,0.29350000619888306,0.27649998664855957,0.2867499887943268,588328000
2008-09-26 00:00:00-04:00,0.2797499895095825,0.2942500114440918,0.2745000123977661,0.29225000739097595,646852000
2008-09-29 00:00:00-04:00,0.28450000286102295,0.2879999876022339,0.25,0.2524999976158142,975240000
2008-09-30 00:00:00-04:00,0.2565000057220459,0.27024999260902405,0.2537499964237213,0.26774999499320984,659044000
2008-10-01 00:00:00-04:00,0.26374998688697815,0.2685000002384186,0.2554999887943268,0.2602500021457672,557208000
2008-10-02 00:00:00-04:00,0.2619999945163727,0.2619999945163727,0.23199999332427979,0.23325000703334808,787728000
2008-10-03 00:00:00-04:00,0.2370000034570694,0.24375000596046448,0.22425000369548798,0.22574999928474426,915828000
2008-10-06 00:00:00-04:00,0.2150000035762787,0.21549999713897705,0.18275000154972076,0.19625000655651093,1677440000
2008-10-07 00:00:00-04:00,0.2032500058412552,0.20374999940395355,0.17949999868869781,0.1809999942779541,1059984000
2008-10-08 00:00:00-04:00,0.1745000034570694,0.19550000131130219,0.17274999618530273,0.1847500056028366,1219456000
2008-10-09 00:00:00-04:00,0.1914999932050705,0.19425000250339508,0.17100000381469727,0.17299999296665192,909636000
2008-10-10 00:00:00-04:00,0.15800000727176666,0.18324999511241913,0.15700000524520874,0.17024999856948853,1200252000
2008-10-13 00:00:00-04:00,0.1847500056028366,0.20149999856948853,0.18250000476837158,0.20125000178813934,916536000
2008-10-14 00:00:00-04:00,0.20874999463558197,0.20999999344348907,0.1912499964237213,0.1967500001192093,1209012000
2008-10-15 00:00:00-04:00,0.19550000131130219,0.1965000033378601,0.17550000548362732,0.17550000548362732,854064000
2008-10-16 00:00:00-04:00,0.18074999749660492,0.19349999725818634,0.17249999940395355,0.19249999523162842,1019820000
2008-10-17 00:00:00-04:00,0.18700000643730164,0.20225000381469727,0.1835000067949295,0.1912499964237213,839416000
2008-10-20 00:00:00-04:00,0.1977500021457672,0.1992499977350235,0.1902499943971634,0.19499999284744263,595764000
2008-10-21 00:00:00-04:00,0.1912499964237213,0.19325000047683716,0.17900000512599945,0.18000000715255737,659116000
2008-10-22 00:00:00-04:00,0.17749999463558197,0.1850000023841858,0.16850000619888306,0.1732500046491623,600996000
2008-10-23 00:00:00-04:00,0.17274999618530273,0.1770000010728836,0.15649999678134918,0.16349999606609344,832192000
2008-10-24 00:00:00-04:00,0.15000000596046448,0.17374999821186066,0.14925000071525574,0.1652500033378601,798336000
2008-10-27 00:00:00-04:00,0.16425000131130219,0.18449999392032623,0.1589999943971634,0.17425000667572021,698936000
2008-10-28 00:00:00-04:00,0.1835000067949295,0.20074999332427979,0.18025000393390656,0.2004999965429306,849920000
2008-10-29 00:00:00-04:00,0.1992499977350235,0.2199999988079071,0.19824999570846558,0.2070000022649765,977284000
2008-10-30 00:00:00-04:00,0.21875,0.2199999988079071,0.20250000059604645,0.21574999392032623,657176000
2008-10-31 00:00:00-04:00,0.20900000631809235,0.22325000166893005,0.2084999978542328,0.21899999678134918,608672000
2008-11-03 00:00:00-05:00,0.22374999523162842,0.2277500033378601,0.20749999582767487,0.210999995470047,723924000
2008-11-04 00:00:00-05:00,0.21825000643730164,0.22450000047683716,0.21250000596046448,0.22450000047683716,619560000
2008-11-05 00:00:00-05:00,0.2162500023841858,0.2224999964237213,0.21275000274181366,0.21275000274181366,787620000
2008-11-06 00:00:00-05:00,0.20024999976158142,0.20774999260902405,0.1899999976158142,0.19050000607967377,797936000
2008-11-07 00:00:00-05:00,0.21699999272823334,0.22675000131130219,0.20250000059604645,0.21799999475479126,1132068000
2008-11-10 00:00:00-05:00,0.22624999284744263,0.22750000655651093,0.1992499977350235,0.20399999618530273,576396000
2008-11-11 00:00:00-05:00,0.20100000500679016,0.20250000059604645,0.19300000369548798,0.19499999284744263,576484000
2008-11-12 00:00:00-05:00,0.1889999955892563,0.19349999725818634,0.18125000596046448,0.1835000067949295,646092000
2008-11-13 00:00:00-05:00,0.17499999701976776,0.19875000417232513,0.17149999737739563,0.19850000739097595,797228000
2008-11-14 00:00:00-05:00,0.19050000607967377,0.1914999932050705,0.1784999966621399,0.17925000190734863,741024000
2008-11-17 00:00:00-05:00,0.17749999463558197,0.1822499930858612,0.17374999821186066,0.17550000548362732,388224000
2008-11-18 00:00:00-05:00,0.17900000512599945,0.18000000715255737,0.164000004529953,0.16975000500679016,564488000
2008-11-19 00:00:00-05:00,0.16824999451637268,0.17249999940395355,0.1550000011920929,0.15575000643730164,500220000
2008-11-20 00:00:00-05:00,0.15449999272823334,0.16224999725818634,0.1457500010728836,0.14749999344348907,847036000
2008-11-21 00:00:00-05:00,0.1522500067949295,0.15950000286102295,0.14374999701976776,0.15950000286102295,599064000
2008-11-24 00:00:00-05:00,0.1692499965429306,0.1720000058412552,0.1599999964237213,0.17000000178813934,600308000
2008-11-25 00:00:00-05:00,0.17749999463558197,0.17800000309944153,0.16975000500679016,0.17475000023841858,528256000
2008-11-26 00:00:00-05:00,0.1717499941587448,0.19075000286102295,0.17075000703334808,0.1902499943971634,600792000
2008-11-28 00:00:00-05:00,0.18725000321865082,0.1899999976158142,0.18424999713897705,0.18674999475479126,175248000
2008-12-01 00:00:00-05:00,0.17925000190734863,0.1809999942779541,0.1704999953508377,0.17075000703334808,547112000
2008-12-02 00:00:00-05:00,0.17399999499320984,0.18250000476837158,0.1717499941587448,0.18025000393390656,479988000
2008-12-03 00:00:00-05:00,0.1732500046491623,0.18975000083446503,0.1717499941587448,0.18950000405311584,584632000
2008-12-04 00:00:00-05:00,0.18574999272823334,0.19499999284744263,0.17274999618530273,0.1770000010728836,466292000
2008-12-05 00:00:00-05:00,0.17149999737739563,0.1847500056028366,0.16850000619888306,0.18400000035762787,438484000
2008-12-08 00:00:00-05:00,0.1875,0.1912499964237213,0.17374999821186066,0.17800000309944153,707992000
2008-12-09 00:00:00-05:00,0.1757500022649765,0.20225000381469727,0.17374999821186066,0.195250004529953,829760000
2008-12-10 00:00:00-05:00,0.19900000095367432,0.21875,0.19574999809265137,0.21375000476837158,961124000
2008-12-11 00:00:00-05:00,0.21250000596046448,0.2199999988079071,0.20225000381469727,0.20475000143051147,582700000
2008-12-12 00:00:00-05:00,0.19875000417232513,0.2162500023841858,0.19474999606609344,0.2150000035762787,679268000
2008-12-15 00:00:00-05:00,0.2162500023841858,0.2175000011920929,0.20125000178813934,0.20800000429153442,476996000
2008-12-16 00:00:00-05:00,0.20999999344348907,0.2224999964237213,0.20800000429153442,0.22200000286102295,521940000
2008-12-17 00:00:00-05:00,0.21799999475479126,0.23624999821186066,0.2150000035762787,0.2329999953508377,674180000
2008-12-18 00:00:00-05:00,0.23149999976158142,0.23225000500679016,0.20874999463558197,0.21150000393390656,550808000
2008-12-19 00:00:00-05:00,0.21424999833106995,0.2224999964237213,0.2122499942779541,0.21299999952316284,593120000
2008-12-22 00:00:00-05:00,0.2162500023841858,0.21674999594688416,0.1927500069141388,0.2004999965429306,522464000
2008-12-23 00:00:00-05:00,0.2017499953508377,0.20600000023841858,0.19474999606609344,0.1977500021457672,377452000
2008-12-24 00:00:00-05:00,0.19374999403953552,0.19850000739097595,0.1889999955892563,0.19300000369548798,146616000
2008-12-26 00:00:00-05:00,0.19300000369548798,0.19550000131130219,0.18250000476837158,0.18774999678134918,226156000
2008-12-29 00:00:00-05:00,0.1902499943971634,0.19374999403953552,0.17800000309944153,0.19374999403953552,460168000
2008-12-30 00:00:00-05:00,0.19625000655651093,0.20350000262260437,0.19175000488758087,0.2004999965429306,409860000
2008-12-31 00:00:00-05:00,0.1979999989271164,0.20675000548362732,0.19449999928474426,0.2017499953508377,441580000
2009-01-02 00:00:00-05:00,0.2017499953508377,0.21924999356269836,0.20100000500679016,0.21774999797344208,497124000
2009-01-05 00:00:00-05:00,0.21525000035762787,0.22675000131130219,0.21375000476837158,0.22175000607967377,705736000
2009-01-06 00:00:00-05:00,0.22824999690055847,0.2357500046491623,0.22325000166893005,0.2292499989271164,657904000
2009-01-07 00:00:00-05:00,0.2240000069141388,0.2240000069141388,0.20774999260902405,0.21549999713897705,870096000
2009-01-08 00:00:00-05:00,0.21275000274181366,0.21275000274181366,0.19699999690055847,0.20999999344348907,1014496000
2009-01-09 00:00:00-05:00,0.20999999344348907,0.20999999344348907,0.1977500021457672,0.19824999570846558,761352000
2009-01-12 00:00:00-05:00,0.19824999570846558,0.1992499977350235,0.1875,0.1902499943971634,645532000
2009-01-13 00:00:00-05:00,0.1837500035762787,0.19850000739097595,0.18025000393390656,0.1912499964237213,1824424000
2009-01-14 00:00:00-05:00,0.18449999392032623,0.18674999475479126,0.18000000715255737,0.18275000154972076,974908000
2009-01-15 00:00:00-05:00,0.1837500035762787,0.19224999845027924,0.18000000715255737,0.18925000727176666,998204000
2009-01-16 00:00:00-05:00,0.19449999928474426,0.20149999856948853,0.18825000524520874,0.19975000619888306,831324000
2009-01-20 00:00:00-05:00,0.1992499977350235,0.20000000298023224,0.17874999344348907,0.18025000393390656,705788000
2009-01-21 00:00:00-05:00,0.1837500035762787,0.1902499943971634,0.1770000010728836,0.1889999955892563,648472000
2009-01-22 00:00:00-05:00,0.18299999833106995,0.19050000607967377,0.17874999344348907,0.18549999594688416,547656000
2009-01-23 00:00:00-05:00,0.18025000393390656,0.19850000739097595,0.18000000715255737,0.1927500069141388,633616000
2009-01-26 00:00:00-05:00,0.19374999403953552,0.20499999821186066,0.19050000607967377,0.1992499977350235,581748000
2009-01-27 00:00:00-05:00,0.20250000059604645,0.21250000596046448,0.2017499953508377,0.210999995470047,725300000
2009-01-28 00:00:00-05:00,0.21850000321865082,0.22325000166893005,0.21150000393390656,0.21975000202655792,723752000
2009-01-29 00:00:00-05:00,0.21250000596046448,0.2150000035762787,0.20600000023841858,0.2070000022649765,413128000
2009-01-30 00:00:00-05:00,0.20550000667572021,0.210999995470047,0.19625000655651093,0.19875000417232513,506760000
2009-02-02 00:00:00-05:00,0.19574999809265137,0.21175000071525574,0.19474999606609344,0.2094999998807907,577992000
2009-02-03 00:00:00-05:00,0.20999999344348907,0.21375000476837158,0.20424999296665192,0.21199999749660492,396948000
2009-02-04 00:00:00-05:00,0.21250000596046448,0.22875000536441803,0.21250000596046448,0.21799999475479126,779232000
2009-02-05 00:00:00-05:00,0.2122499942779541,0.23649999499320984,0.20999999344348907,0.23399999737739563,919192000
2009-02-06 00:00:00-05:00,0.23475000262260437,0.24824999272823334,0.23074999451637268,0.24674999713897705,1157880000
2009-02-09 00:00:00-05:00,0.24574999511241913,0.24924999475479126,0.23675000667572021,0.2434999942779541,716128000
2009-02-10 00:00:00-05:00,0.24324999749660492,0.24650000035762787,0.22849999368190765,0.2329999953508377,1129664000
2009-02-11 00:00:00-05:00,0.21449999511241913,0.22224999964237213,0.1965000033378601,0.20374999940395355,1983400000
2009-02-12 00:00:00-05:00,0.1992499977350235,0.20925000309944153,0.1965000033378601,0.20800000429153442,1024020000
2009-02-13 00:00:00-05:00,0.2032500058412552,0.21025000512599945,0.2017499953508377,0.20774999260902405,764304000
2009-02-17 00:00:00-05:00,0.20000000298023224,0.20475000143051147,0.19499999284744263,0.19574999809265137,779576000
2009-02-18 00:00:00-05:00,0.19574999809265137,0.20749999582767487,0.19550000131130219,0.20100000500679016,646252000
2009-02-19 00:00:00-05:00,0.20499999821186066,0.20675000548362732,0.18549999594688416,0.18549999594688416,743988000
2009-02-20 00:00:00-05:00,0.18299999833106995,0.19325000047683716,0.18125000596046448,0.1902499943971634,770056000
2009-02-23 00:00:00-05:00,0.19349999725818634,0.19449999928474426,0.18025000393390656,0.18150000274181366,679548000
2009-02-24 00:00:00-05:00,0.18250000476837158,0.1979999989271164,0.1822499930858612,0.1977500021457672,659524000
2009-02-25 00:00:00-05:00,0.19724999368190765,0.20600000023841858,0.19050000607967377,0.20000000298023224,702360000
2009-02-26 00:00:00-05:00,0.2070000022649765,0.2134999930858612,0.20399999618530273,0.20649999380111694,1117556000
2009-02-27 00:00:00-05:00,0.20125000178813934,0.21175000071525574,0.19975000619888306,0.2070000022649765,755444000
2009-03-02 00:00:00-05:00,0.20200000703334808,0.20624999701976776,0.1887499988079071,0.18950000405311584,700064000
2009-03-03 00:00:00-05:00,0.19300000369548798,0.2045000046491623,0.18674999475479126,0.19699999690055847,1041372000
2009-03-04 00:00:00-05:00,0.20225000381469727,0.2175000011920929,0.2004999965429306,0.21150000393390656,1108668000
2009-03-05 00:00:00-05:00,0.2084999978542328,0.21699999272823334,0.20550000667572021,0.20649999380111694,955252000
2009-03-06 00:00:00-05:00,0.20649999380111694,0.2172500044107437,0.20374999940395355,0.2097499966621399,974756000
2009-03-09 00:00:00-04:00,0.2082500010728836,0.2240000069141388,0.2070000022649765,0.20749999582767487,682768000
2009-03-10 00:00:00-04:00,0.2150000035762787,0.23025000095367432,0.21299999952316284,0.22624999284744263,1254800000
2009-03-11 00:00:00-04:00,0.22624999284744263,0.29624998569488525,0.2224999964237213,0.23250000178813934,864916000
2009-03-12 00:00:00-04:00,0.2317499965429306,0.2487500011920929,0.22875000536441803,0.2462500035762787,1604604000
2009-03-13 00:00:00-04:00,0.24275000393390656,0.2485000044107437,0.23874999582767487,0.24500000476837158,1195156000
2009-03-16 00:00:00-04:00,0.2475000023841858,0.24774999916553497,0.23350000381469727,0.23549999296665192,699344000
2009-03-17 00:00:00-04:00,0.23624999821186066,0.24774999916553497,0.23325000703334808,0.2472500056028366,1005384000
2009-03-18 00:00:00-04:00,0.2434999942779541,0.26225000619888306,0.24324999749660492,0.2549999952316284,1359560000
2009-03-19 00:00:00-04:00,0.2567499876022339,0.2567499876022339,0.2502500116825104,0.25200000405311584,822648000
2009-03-20 00:00:00-04:00,0.25575000047683716,0.25600001215934753,0.2317499965429306,0.2382500022649765,1093672000
2009-03-23 00:00:00-04:00,0.24574999511241913,0.25600001215934753,0.24025000631809235,0.2554999887943268,816048000
2009-03-24 00:00:00-04:00,0.24924999475479126,0.2515000104904175,0.24324999749660492,0.24449999630451202,1114868000
2009-03-25 00:00:00-04:00,0.25200000405311584,0.25999999046325684,0.23899999260902405,0.2485000044107437,1243852000
2009-03-26 00:00:00-04:00,0.2524999976158142,0.2644999921321869,0.24975000321865082,0.2639999985694885,1333664000
2009-03-27 00:00:00-04:00,0.26124998927116394,0.26774999499320984,0.2574999928474426,0.2615000009536743,731892000
2009-03-30 00:00:00-04:00,0.2515000104904175,0.25475001335144043,0.24124999344348907,0.2447499930858612,780052000
2009-03-31 00:00:00-04:00,0.2485000044107437,0.2524999976158142,0.2447499930858612,0.24650000035762787,805272000
2009-04-01 00:00:00-04:00,0.2434999942779541,0.2549999952316284,0.2342499941587448,0.2527500092983246,887920000
2009-04-02 00:00:00-04:00,0.26225000619888306,0.2692500054836273,0.25850000977516174,0.2644999921321869,1002860000
2009-04-03 00:00:00-04:00,0.26475000381469727,0.2837499976158142,0.2602500021457672,0.28299999237060547,1003208000
2009-04-06 00:00:00-04:00,0.2782500088214874,0.2862499952316284,0.2745000123977661,0.2837499976158142,887288000
2009-04-07 00:00:00-04:00,0.2782500088214874,0.28125,0.2722499966621399,0.27399998903274536,607804000
2009-04-08 00:00:00-04:00,0.2770000100135803,0.28600001335144043,0.2747499942779541,0.2852500081062317,731652000
2009-04-09 00:00:00-04:00,0.29249998927116394,0.3019999861717224,0.2902500033378601,0.3009999990463257,904412000
2009-04-13 00:00:00-04:00,0.29725000262260437,0.29750001430511475,0.2847500145435333,0.29124999046325684,767628000
2009-04-14 00:00:00-04:00,0.28725001215934753,0.30000001192092896,0.28600001335144043,0.2930000126361847,711960000
2009-04-15 00:00:00-04:00,0.2827500104904175,0.28600001335144043,0.27274999022483826,0.2847500145435333,1045368000
2009-04-16 00:00:00-04:00,0.28999999165534973,0.2955000102519989,0.27900001406669617,0.2919999957084656,1038772000
2009-04-17 00:00:00-04:00,0.2919999957084656,0.296750009059906,0.2849999964237213,0.2939999997615814,695764000
2009-04-20 00:00:00-04:00,0.2827500104904175,0.2852500081062317,0.2747499942779541,0.2762500047683716,590660000
2009-04-21 00:00:00-04:00,0.27250000834465027,0.28700000047683716,0.2685000002384186,0.27549999952316284,932184000
2009-04-22 00:00:00-04:00,0.27300000190734863,0.2952499985694885,0.2685000002384186,0.2837499976158142,916404000
2009-04-23 00:00:00-04:00,0.2865000069141388,0.289000004529953,0.2705000042915344,0.27924999594688416,753952000
2009-04-24 00:00:00-04:00,0.28200000524520874,0.2877500057220459,0.27524998784065247,0.28575000166893005,759508000
2009-04-27 00:00:00-04:00,0.28200000524520874,0.28999999165534973,0.2737500071525574,0.27549999952316284,787024000
2009-04-28 00:00:00-04:00,0.2720000147819519,0.28200000524520874,0.2694999873638153,0.2762500047683716,634392000
2009-04-29 00:00:00-04:00,0.2775000035762787,0.2787500023841858,0.26875001192092896,0.2720000147819519,859668000
2009-04-30 00:00:00-04:00,0.2772499918937683,0.29499998688697815,0.2750000059604645,0.28700000047683716,1110276000
2009-05-01 00:00:00-04:00,0.2862499952316284,0.2985000014305115,0.28600001335144043,0.2917500138282776,840548000
2009-05-04 00:00:00-04:00,0.296750009059906,0.3097499907016754,0.2927500009536743,0.3075000047683716,927704000
2009-05-05 00:00:00-04:00,0.3007499873638153,0.30274999141693115,0.2887499928474426,0.29499998688697815,837076000
2009-05-06 00:00:00-04:00,0.2982499897480011,0.3009999990463257,0.28325000405311584,0.289000004529953,935088000
2009-05-07 00:00:00-04:00,0.2955000102519989,0.2955000102519989,0.2644999921321869,0.2682499885559082,1289196000
2009-05-08 00:00:00-04:00,0.26249998807907104,0.26249998807907104,0.2277500033378601,0.23125000298023224,2930564000
2009-05-11 00:00:00-04:00,0.22750000655651093,0.24150000512599945,0.22550000250339508,0.2357500046491623,1038596000
2009-05-12 00:00:00-04:00,0.2409999966621399,0.2409999966621399,0.2199999988079071,0.22450000047683716,1201384000
2009-05-13 00:00:00-04:00,0.22300000488758087,0.22425000369548798,0.2082500010728836,0.20999999344348907,1305608000
2009-05-14 00:00:00-04:00,0.2097499966621399,0.2175000011920929,0.2082500010728836,0.21299999952316284,1017864000
2009-05-15 00:00:00-04:00,0.21449999511241913,0.22599999606609344,0.21199999749660492,0.21850000321865082,780308000
2009-05-18 00:00:00-04:00,0.2240000069141388,0.23325000703334808,0.22349999845027924,0.2317499965429306,938320000
2009-05-19 00:00:00-04:00,0.23325000703334808,0.23899999260902405,0.22949999570846558,0.23624999821186066,859768000
2009-05-20 00:00:00-04:00,0.24050000309944153,0.2562499940395355,0.2395000010728836,0.24324999749660492,1309436000
2009-05-21 00:00:00-04:00,0.24025000631809235,0.24500000476837158,0.23499999940395355,0.24175000190734863,965600000
2009-05-22 00:00:00-04:00,0.24175000190734863,0.24899999797344208,0.23725000023841858,0.24549999833106995,718260000
2009-05-26 00:00:00-04:00,0.24324999749660492,0.2607499957084656,0.2407499998807907,0.25874999165534973,865540000
2009-05-27 00:00:00-04:00,0.2574999928474426,0.2669999897480011,0.2549999952316284,0.2592499852180481,814152000
2009-05-28 00:00:00-04:00,0.2632499933242798,0.26499998569488525,0.2515000104904175,0.2627499997615814,995288000
2009-05-29 00:00:00-04:00,0.2630000114440918,0.26350000500679016,0.25174999237060547,0.2607499957084656,834232000
2009-06-01 00:00:00-04:00,0.26374998688697815,0.2750000059604645,0.2627499997615814,0.273499995470047,1022764000
2009-06-02 00:00:00-04:00,0.273499995470047,0.27950000762939453,0.26625001430511475,0.27125000953674316,907984000
2009-06-03 00:00:00-04:00,0.26774999499320984,0.26875001192092896,0.2562499940395355,0.2627499997615814,735688000
2009-06-04 00:00:00-04:00,0.26350000500679016,0.27274999022483826,0.2632499933242798,0.2722499966621399,673180000
2009-06-05 00:00:00-04:00,0.2772499918937683,0.2772499918937683,0.26750001311302185,0.2707499861717224,559992000
2009-06-08 00:00:00-04:00,0.26875001192092896,0.27300000190734863,0.26249998807907104,0.2692500054836273,473948000
2009-06-09 00:00:00-04:00,0.27300000190734863,0.28700000047683716,0.2709999978542328,0.2840000092983246,725032000
2009-06-10 00:00:00-04:00,0.2854999899864197,0.29475000500679016,0.27924999594688416,0.2930000126361847,833320000
2009-06-11 00:00:00-04:00,0.29374998807907104,0.3050000071525574,0.2874999940395355,0.289249986410141,835156000
2009-06-12 00:00:00-04:00,0.2849999964237213,0.2887499928474426,0.2784999907016754,0.2877500057220459,595000000
2009-06-15 00:00:00-04:00,0.2824999988079071,0.2862499952316284,0.27799999713897705,0.28299999237060547,445164000
2009-06-16 00:00:00-04:00,0.28299999237060547,0.2865000069141388,0.27125000953674316,0.27524998784065247,594912000
2009-06-17 00:00:00-04:00,0.27950000762939453,0.2847500145435333,0.26875001192092896,0.28200000524520874,799016000
2009-06-18 00:00:00-04:00,0.2809999883174896,0.2862499952316284,0.273499995470047,0.27649998664855957,566376000
2009-06-19 00:00:00-04:00,0.27924999594688416,0.2865000069141388,0.2757500112056732,0.27950000762939453,747564000
2009-06-22 00:00:00-04:00,0.28049999475479126,0.28049999475479126,0.2627499997615814,0.26374998688697815,574864000
2009-06-23 00:00:00-04:00,0.26625001430511475,0.2667500078678131,0.25224998593330383,0.26249998807907104,589764000
2009-06-24 00:00:00-04:00,0.265749990940094,0.2775000035762787,0.265749990940094,0.27125000953674316,515096000
2009-06-25 00:00:00-04:00,0.26875001192092896,0.28600001335144043,0.26600000262260437,0.2854999899864197,870444000
2009-06-26 00:00:00-04:00,0.2842499911785126,0.2902500033378601,0.28174999356269836,0.289249986410141,513956000
2009-06-29 00:00:00-04:00,0.28999999165534973,0.2944999933242798,0.2862499952316284,0.289249986410141,510056000
2009-06-30 00:00:00-04:00,0.28824999928474426,0.29225000739097595,0.2770000100135803,0.28224998712539673,589844000
2009-07-01 00:00:00-04:00,0.2840000092983246,0.28725001215934753,0.2787500023841858,0.28349998593330383,696420000
2009-07-02 00:00:00-04:00,0.27425000071525574,0.2777499854564667,0.26875001192092896,0.27250000834465027,552312000
2009-07-06 00:00:00-04:00,0.2722499966621399,0.27250000834465027,0.2592499852180481,0.26374998688697815,752456000
2009-07-07 00:00:00-04:00,0.26475000381469727,0.26625001430511475,0.2515000104904175,0.25224998593330383,1072996000
2009-07-08 00:00:00-04:00,0.2537499964237213,0.25450000166893005,0.24275000393390656,0.2527500092983246,1205860000
2009-07-09 00:00:00-04:00,0.25699999928474426,0.26249998807907104,0.2562499940395355,0.25824999809265137,714564000
2009-07-10 00:00:00-04:00,0.25824999809265137,0.26100000739097595,0.2527500092983246,0.2592499852180481,520008000
2009-07-13 00:00:00-04:00,0.2644999921321869,0.2644999921321869,0.2487500011920929,0.26225000619888306,556012000
2009-07-14 00:00:00-04:00,0.2642500102519989,0.26875001192092896,0.26124998927116394,0.26774999499320984,452568000
2009-07-15 00:00:00-04:00,0.2775000035762787,0.2842499911785126,0.2750000059604645,0.2787500023841858,1022808000
2009-07-16 00:00:00-04:00,0.28174999356269836,0.2942500114440918,0.28025001287460327,0.2932499945163727,952076000
2009-07-17 00:00:00-04:00,0.2932499945163727,0.30274999141693115,0.2902500033378601,0.3017500042915344,850356000
2009-07-20 00:00:00-04:00,0.30425000190734863,0.3087500035762787,0.30024999380111694,0.30550000071525574,782756000
2009-07-21 00:00:00-04:00,0.304749995470047,0.3059999942779541,0.29225000739097595,0.2992500066757202,941296000
2009-07-22 00:00:00-04:00,0.2932499945163727,0.3095000088214874,0.29124999046325684,0.30674999952316284,600908000
2009-07-23 00:00:00-04:00,0.3072499930858612,0.32600000500679016,0.30399999022483826,0.32499998807907104,1046120000
2009-07-24 00:00:00-04:00,0.3149999976158142,0.32499998807907104,0.31299999356269836,0.3240000009536743,650592000
2009-07-27 00:00:00-04:00,0.32100000977516174,0.33024999499320984,0.3179999887943268,0.3255000114440918,677484000
2009-07-28 00:00:00-04:00,0.3232499957084656,0.3294999897480011,0.320499986410141,0.32600000500679016,563180000
2009-07-29 00:00:00-04:00,0.32225000858306885,0.3242500126361847,0.3162499964237213,0.31949999928474426,373972000
2009-07-30 00:00:00-04:00,0.32499998807907104,0.3292500078678131,0.3192499876022339,0.32199999690055847,468444000
2009-07-31 00:00:00-04:00,0.32199999690055847,0.32774999737739563,0.31450000405311584,0.3232499957084656,541560000
2009-08-03 00:00:00-04:00,0.3310000002384186,0.335750013589859,0.32475000619888306,0.3319999873638153,471900000
2009-08-04 00:00:00-04:00,0.32624998688697815,0.3400000035762787,0.3257499933242798,0.33425000309944153,695380000
2009-08-05 00:00:00-04:00,0.3322499990463257,0.3375000059604645,0.328249990940094,0.33500000834465027,610768000
2009-08-06 00:00:00-04:00,0.3362500071525574,0.3422499895095825,0.32600000500679016,0.328000009059906,957588000
2009-08-07 00:00:00-04:00,0.34575000405311584,0.3557499945163727,0.33799999952316284,0.34275001287460327,1401872000
2009-08-10 00:00:00-04:00,0.3452500104904175,0.3502500057220459,0.3294999897480011,0.33149999380111694,693312000
2009-08-11 00:00:00-04:00,0.3292500078678131,0.33425000309944153,0.32199999690055847,0.32374998927116394,481884000
2009-08-12 00:00:00-04:00,0.3240000009536743,0.33924999833106995,0.32374998927116394,0.335750013589859,634940000
2009-08-13 00:00:00-04:00,0.3382500112056732,0.34700000286102295,0.3322499990463257,0.34575000405311584,564028000
2009-08-14 00:00:00-04:00,0.3452500104904175,0.34575000405311584,0.3310000002384186,0.33550000190734863,427148000
2009-08-17 00:00:00-04:00,0.3252499997615814,0.32624998688697815,0.3179999887943268,0.3215000033378601,465032000
2009-08-18 00:00:00-04:00,0.3215000033378601,0.3370000123977661,0.32124999165534973,0.3332499861717224,636200000
2009-08-19 00:00:00-04:00,0.328249990940094,0.33149999380111694,0.32499998807907104,0.3294999897480011,552996000
2009-08-20 00:00:00-04:00,0.328000009059906,0.3440000116825104,0.32725000381469727,0.3425000011920929,819840000
2009-08-21 00:00:00-04:00,0.3452500104904175,0.3487499952316284,0.3382500112056732,0.34825000166893005,607324000
2009-08-24 00:00:00-04:00,0.3462499976158142,0.3499999940395355,0.33649998903274536,0.3384999930858612,461456000
2009-08-25 00:00:00-04:00,0.3402499854564667,0.3449999988079071,0.3345000147819519,0.34150001406669617,444088000
2009-08-26 00:00:00-04:00,0.3407500088214874,0.3462499976158142,0.3395000100135803,0.34549999237060547,434308000
2009-08-27 00:00:00-04:00,0.34700000286102295,0.351749986410141,0.34325000643730164,0.3502500057220459,551072000
2009-08-28 00:00:00-04:00,0.35975000262260437,0.37575000524520874,0.359250009059906,0.3682500123977661,883992000
2009-08-31 00:00:00-04:00,0.36399999260902405,0.3657500147819519,0.3582499921321869,0.3630000054836273,431796000
2009-09-01 00:00:00-04:00,0.36274999380111694,0.37299999594688416,0.3487499952316284,0.35074999928474426,736856000
2009-09-02 00:00:00-04:00,0.3512499928474426,0.359250009059906,0.3492499887943268,0.3557499945163727,404656000
2009-09-03 00:00:00-04:00,0.3557499945163727,0.3647499978542328,0.35475000739097595,0.3642500042915344,534020000
2009-09-04 00:00:00-04:00,0.36274999380111694,0.3802500069141388,0.36274999380111694,0.3777500092983246,513048000
2009-09-08 00:00:00-04:00,0.3804999887943268,0.3882499933242798,0.3774999976158142,0.3882499933242798,549712000
2009-09-09 00:00:00-04:00,0.38749998807907104,0.3997499942779541,0.38199999928474426,0.39899998903274536,571684000
2009-09-10 00:00:00-04:00,0.40024998784065247,0.41225001215934753,0.3957499861717224,0.4117499887943268,607952000
2009-09-11 00:00:00-04:00,0.41075000166893005,0.41225001215934753,0.4050000011920929,0.40799999237060547,712732000
2009-09-14 00:00:00-04:00,0.4020000100135803,0.40525001287460327,0.39774999022483826,0.4012500047683716,490516000
2009-09-15 00:00:00-04:00,0.4050000011920929,0.41449999809265137,0.4012500047683716,0.40950000286102295,546136000
2009-09-16 00:00:00-04:00,0.40849998593330383,0.4092499911785126,0.39250001311302185,0.398499995470047,707064000
2009-09-17 00:00:00-04:00,0.39750000834465027,0.39750000834465027,0.37424999475479126,0.38100001215934753,923096000
2009-09-18 00:00:00-04:00,0.38475000858306885,0.38749998807907104,0.3774999976158142,0.3804999887943268,604740000
2009-09-21 00:00:00-04:00,0.37599998712539673,0.3852500021457672,0.37275001406669617,0.3787499964237213,588776000
2009-09-22 00:00:00-04:00,0.3815000057220459,0.38374999165534973,0.3765000104904175,0.37950000166893005,361388000
2009-09-23 00:00:00-04:00,0.3817499876022339,0.38499999046325684,0.37299999594688416,0.3734999895095825,478936000
2009-09-24 00:00:00-04:00,0.37975001335144043,0.37975001335144043,0.367249995470047,0.3684999942779541,552876000
2009-09-25 00:00:00-04:00,0.36649999022483826,0.3682500123977661,0.35975000262260437,0.36250001192092896,377556000
2009-09-28 00:00:00-04:00,0.36375001072883606,0.3799999952316284,0.36375001072883606,0.3707500100135803,467708000
2009-09-29 00:00:00-04:00,0.37299999594688416,0.3774999976158142,0.3632499873638153,0.36399999260902405,470928000
2009-09-30 00:00:00-04:00,0.3714999854564667,0.3802500069141388,0.3632499873638153,0.37575000524520874,875956000
2009-10-01 00:00:00-04:00,0.37450000643730164,0.37450000643730164,0.3487499952316284,0.3490000069141388,999960000
2009-10-02 00:00:00-04:00,0.34549999237060547,0.35374999046325684,0.3434999883174896,0.3462499976158142,612476000
2009-10-05 00:00:00-04:00,0.3499999940395355,0.3512499928474426,0.3384999930858612,0.34450000524520874,754276000
2009-10-06 00:00:00-04:00,0.3487499952316284,0.35624998807907104,0.3462499976158142,0.3502500057220459,761272000
2009-10-07 00:00:00-04:00,0.3477500081062317,0.351500004529953,0.34375,0.3474999964237213,459608000
2009-10-08 00:00:00-04:00,0.34950000047683716,0.3504999876022339,0.3372499942779541,0.34975001215934753,1241524000
2009-10-09 00:00:00-04:00,0.3477500081062317,0.35475000739097595,0.3472500145435333,0.3542500138282776,618540000
2009-10-12 00:00:00-04:00,0.34825000166893005,0.3569999933242798,0.3479999899864197,0.3502500057220459,499008000
2009-10-13 00:00:00-04:00,0.35225000977516174,0.35624998807907104,0.34575000405311584,0.3490000069141388,602124000
2009-10-14 00:00:00-04:00,0.36250001192092896,0.36250001192092896,0.3467499911785126,0.34850001335144043,1101948000
2009-10-15 00:00:00-04:00,0.3479999899864197,0.3512499928474426,0.335999995470047,0.3382500112056732,1092196000
2009-10-16 00:00:00-04:00,0.33399999141693115,0.33500000834465027,0.3244999945163727,0.3305000066757202,1018832000
2009-10-19 00:00:00-04:00,0.3332499861717224,0.3452500104904175,0.3305000066757202,0.3425000011920929,695588000
2009-10-20 00:00:00-04:00,0.34825000166893005,0.35074999928474426,0.3400000035762787,0.34275001287460327,660180000
2009-10-21 00:00:00-04:00,0.34150001406669617,0.3467499911785126,0.33274999260902405,0.3345000147819519,503956000
2009-10-22 00:00:00-04:00,0.33274999260902405,0.3384999930858612,0.3269999921321869,0.33675000071525574,379328000
2009-10-23 00:00:00-04:00,0.3412500023841858,0.3412500023841858,0.3267500102519989,0.32875001430511475,429528000
2009-10-26 00:00:00-04:00,0.33125001192092896,0.3362500071525574,0.3227500021457672,0.3244999945163727,481652000
2009-10-27 00:00:00-04:00,0.3230000138282776,0.32774999737739563,0.31025001406669617,0.31349998712539673,591836000
2009-10-28 00:00:00-04:00,0.30649998784065247,0.31349998712539673,0.29899999499320984,0.3005000054836273,773632000
2009-10-29 00:00:00-04:00,0.30524998903274536,0.3152500092983246,0.30250000953674316,0.3137499988079071,637100000
2009-10-30 00:00:00-04:00,0.3122499883174896,0.31349998712539673,0.29750001430511475,0.29899999499320984,604144000
2009-11-02 00:00:00-05:00,0.2985000014305115,0.3082500100135803,0.2932499945163727,0.3017500042915344,593136000
2009-11-03 00:00:00-05:00,0.2919999957084656,0.3017500042915344,0.289000004529953,0.30024999380111694,876472000
2009-11-04 00:00:00-05:00,0.30250000953674316,0.3057500123977661,0.2982499897480011,0.2994999885559082,916840000
2009-11-05 00:00:00-05:00,0.30300000309944153,0.3097499907016754,0.3019999861717224,0.30674999952316284,955156000
2009-11-06 00:00:00-05:00,0.32600000500679016,0.335750013589859,0.32199999690055847,0.32899999618530273,1641112000
2009-11-09 00:00:00-05:00,0.3334999978542328,0.3412500023841858,0.3332499861717224,0.33649998903274536,818124000
2009-11-10 00:00:00-05:00,0.33774998784065247,0.33774998784065247,0.3240000009536743,0.328249990940094,781472000
2009-11-11 00:00:00-05:00,0.33375000953674316,0.34549999237060547,0.3332499861717224,0.3375000059604645,871512000
2009-11-12 00:00:00-05:00,0.34049999713897705,0.3462499976158142,0.33550000190734863,0.33649998903274536,505864000
2009-11-13 00:00:00-05:00,0.3362500071525574,0.3407500088214874,0.3347499966621399,0.33899998664855957,388524000
2009-11-16 00:00:00-05:00,0.34200000762939453,0.3477500081062317,0.3402499854564667,0.34375,402820000
2009-11-17 00:00:00-05:00,0.3440000116825104,0.3440000116825104,0.33675000071525574,0.34325000643730164,350124000
2009-11-18 00:00:00-05:00,0.3400000035762787,0.3412500023841858,0.3322499990463257,0.33799999952316284,455516000
2009-11-19 00:00:00-05:00,0.3307499885559082,0.3307499885559082,0.31850001215934753,0.3244999945163727,833840000
2009-11-20 00:00:00-05:00,0.31700000166893005,0.3240000009536743,0.3162499964237213,0.32249999046325684,426748000
2009-11-23 00:00:00-05:00,0.32725000381469727,0.3332499861717224,0.32350000739097595,0.32499998807907104,390924000
2009-11-24 00:00:00-05:00,0.32350000739097595,0.3257499933242798,0.3177500069141388,0.3230000138282776,418504000
2009-11-25 00:00:00-05:00,0.3267500102519989,0.33125001192092896,0.3244999945163727,0.3267500102519989,441760000
2009-11-27 00:00:00-05:00,0.3149999976158142,0.32350000739097595,0.31325000524520874,0.31975001096725464,279932000
2009-11-30 00:00:00-05:00,0.32100000977516174,0.3267500102519989,0.3174999952316284,0.3264999985694885,509836000
2009-12-01 00:00:00-05:00,0.328249990940094,0.33675000071525574,0.3264999985694885,0.3330000042915344,461936000
2009-12-02 00:00:00-05:00,0.33375000953674316,0.34375,0.3317500054836273,0.34299999475479126,602292000
2009-12-03 00:00:00-05:00,0.34700000286102295,0.35324999690055847,0.3452500104904175,0.34575000405311584,660036000
2009-12-04 00:00:00-05:00,0.35225000977516174,0.3580000102519989,0.3467499911785126,0.3564999997615814,824564000
2009-12-07 00:00:00-05:00,0.39625000953674316,0.4112499952316284,0.3774999976158142,0.4022499918937683,2732184000
2009-12-08 00:00:00-05:00,0.3957499861717224,0.39750000834465027,0.3804999887943268,0.382750004529953,1075512000
2009-12-09 00:00:00-05:00,0.3867500126361847,0.39524999260902405,0.382999986410141,0.3922500014305115,671588000
2009-12-10 00:00:00-05:00,0.39500001072883606,0.39750000834465027,0.3840000033378601,0.3852500021457672,417012000
2009-12-11 00:00:00-05:00,0.38850000500679016,0.3889999985694885,0.3792499899864197,0.3802500069141388,416744000
2009-12-14 00:00:00-05:00,0.3857499957084656,0.3930000066757202,0.3815000057220459,0.3917500078678131,405488000
2009-12-15 00:00:00-05:00,0.3889999985694885,0.39774999022483826,0.3880000114440918,0.39125001430511475,446152000
2009-12-16 00:00:00-05:00,0.40525001287460327,0.4272499978542328,0.40299999713897705,0.42274999618530273,1683400000
2009-12-17 00:00:00-05:00,0.42399999499320984,0.43700000643730164,0.41449999809265137,0.4207499921321869,1016132000
2009-12-18 00:00:00-05:00,0.4242500066757202,0.4257499873638153,0.4154999852180481,0.4205000102519989,812828000
2009-12-21 00:00:00-05:00,0.4230000078678131,0.4372499883174896,0.42250001430511475,0.43549999594688416,427792000
2009-12-22 00:00:00-05:00,0.43549999594688416,0.4514999985694885,0.4350000023841858,0.44699999690055847,793044000
2009-12-23 00:00:00-05:00,0.45124998688697815,0.4544999897480011,0.445499986410141,0.453249990940094,442196000
2009-12-24 00:00:00-05:00,0.4544999897480011,0.45524999499320984,0.4505000114440918,0.45225000381469727,136812000
2009-12-28 00:00:00-05:00,0.4514999985694885,0.4555000066757202,0.4404999911785126,0.4449999928474426,465760000
2009-12-29 00:00:00-05:00,0.44350001215934753,0.4517500102519989,0.4424999952316284,0.4505000114440918,475848000
2009-12-30 00:00:00-05:00,0.4547500014305115,0.46950000524520874,0.4514999985694885,0.46674999594688416,704008000
2009-12-31 00:00:00-05:00,0.46775001287460327,0.4737499952316284,0.46650001406669617,0.46700000762939453,700340000
2010-01-04 00:00:00-05:00,0.46274998784065247,0.46549999713897705,0.45274999737739563,0.4622499942779541,800204000
2010-01-05 00:00:00-05:00,0.46050000190734863,0.4740000069141388,0.46050000190734863,0.4690000116825104,728648000
2010-01-06 00:00:00-05:00,0.46875,0.4729999899864197,0.46424999833106995,0.47200000286102295,649168000
2010-01-07 00:00:00-05:00,0.46950000524520874,0.4715000092983246,0.45925000309944153,0.46274998784065247,547792000
2010-01-08 00:00:00-05:00,0.45899999141693115,0.46700000762939453,0.45625001192092896,0.4637500047683716,478168000
2010-01-11 00:00:00-05:00,0.4662500023841858,0.46825000643730164,0.4507499933242798,0.4572499990463257,556612000
2010-01-12 00:00:00-05:00,0.4505000114440918,0.45225000381469727,0.4322499930858612,0.4417499899864197,627432000
2010-01-13 00:00:00-05:00,0.44475001096725464,0.4492500126361847,0.42750000953674316,0.4477500021457672,508868000
2010-01-14 00:00:00-05:00,0.44225001335144043,0.445499986410141,0.4332500100135803,0.44075000286102295,608524000
2010-01-15 00:00:00-05:00,0.4375,0.4412499964237213,0.421999990940094,0.42774999141693115,818192000
2010-01-19 00:00:00-05:00,0.4244999885559082,0.43849998712539673,0.4232499897480011,0.43575000762939453,545328000
2010-01-20 00:00:00-05:00,0.43024998903274536,0.43575000762939453,0.4244999885559082,0.4339999854564667,719728000
2010-01-21 00:00:00-05:00,0.4337500035762787,0.4415000081062317,0.42225000262260437,0.42625001072883606,608632000
2010-01-22 00:00:00-05:00,0.42124998569488525,0.42899999022483826,0.4090000092983246,0.4115000069141388,1067916000
2010-01-25 00:00:00-05:00,0.4182499945163727,0.42649999260902405,0.4152500033378601,0.41850000619888306,643676000
2010-01-26 00:00:00-05:00,0.4165000021457672,0.4192500114440918,0.4050000011920929,0.40525001287460327,714636000
2010-01-27 00:00:00-05:00,0.4050000011920929,0.4177500009536743,0.40049999952316284,0.41624999046325684,812504000
2010-01-28 00:00:00-05:00,0.4194999933242798,0.42100000381469727,0.39649999141693115,0.4022499918937683,687764000
2010-01-29 00:00:00-05:00,0.40674999356269836,0.4112499952316284,0.3787499964237213,0.38475000858306885,774700000
2010-02-01 00:00:00-05:00,0.38624998927116394,0.41499999165534973,0.382999986410141,0.414249986410141,949832000
2010-02-02 00:00:00-05:00,0.4127500057220459,0.42375001311302185,0.4115000069141388,0.41850000619888306,849812000
2010-02-03 00:00:00-05:00,0.41475000977516174,0.42375001311302185,0.4127500057220459,0.421999990940094,562296000
2010-02-04 00:00:00-05:00,0.4182499945163727,0.4182499945163727,0.3930000066757202,0.39750000834465027,783480000
2010-02-05 00:00:00-05:00,0.3970000147819519,0.4065000116825104,0.38999998569488525,0.40549999475479126,604856000
2010-02-08 00:00:00-05:00,0.40424999594688416,0.41449999809265137,0.39675000309944153,0.4047499895095825,445160000
2010-02-09 00:00:00-05:00,0.4112499952316284,0.41324999928474426,0.39750000834465027,0.40149998664855957,930144000
2010-02-10 00:00:00-05:00,0.40400001406669617,0.4129999876022339,0.4012500047683716,0.4092499911785126,535828000
2010-02-11 00:00:00-05:00,0.41574999690055847,0.4325000047683716,0.4127500057220459,0.42800000309944153,695980000
2010-02-12 00:00:00-05:00,0.42500001192092896,0.4424999952316284,0.4202499985694885,0.4337500035762787,780212000
2010-02-16 00:00:00-05:00,0.43950000405311584,0.44350001215934753,0.43424999713897705,0.4417499899864197,457024000
2010-02-17 00:00:00-05:00,0.44725000858306885,0.44749999046325684,0.4332500100135803,0.44600000977516174,876560000
2010-02-18 00:00:00-05:00,0.42149999737739563,0.42375001311302185,0.40525001287460327,0.4167500138282776,1515508000
2010-02-19 00:00:00-05:00,0.41499999165534973,0.4194999933242798,0.4124999940395355,0.41449999809265137,510548000
2010-02-22 00:00:00-05:00,0.41624999046325684,0.42250001430511475,0.4124999940395355,0.4152500033378601,458084000
2010-02-23 00:00:00-05:00,0.4165000021457672,0.4182499945163727,0.4009999930858612,0.40525001287460327,489764000
2010-02-24 00:00:00-05:00,0.4087499976158142,0.4177500009536743,0.4074999988079071,0.4137499928474426,445868000
2010-02-25 00:00:00-05:00,0.40424999594688416,0.41100001335144043,0.39399999380111694,0.4099999964237213,576972000
2010-02-26 00:00:00-05:00,0.40799999237060547,0.41100001335144043,0.4025000035762787,0.4050000011920929,393396000
2010-03-01 00:00:00-05:00,0.40525001287460327,0.4232499897480011,0.4020000100135803,0.42124998569488525,555868000
2010-03-02 00:00:00-05:00,0.42500001192092896,0.43024998903274536,0.4180000126361847,0.42100000381469727,538648000
2010-03-03 00:00:00-05:00,0.4235000014305115,0.4257499873638153,0.41225001215934753,0.41574999690055847,399300000
2010-03-04 00:00:00-05:00,0.41749998927116394,0.4207499921321869,0.4112499952316284,0.4165000021457672,557396000
2010-03-05 00:00:00-05:00,0.41350001096725464,0.4322499930858612,0.41350001096725464,0.42925000190734863,632832000
2010-03-08 00:00:00-05:00,0.429500013589859,0.4307500123977661,0.42124998569488525,0.4230000078678131,439312000
2010-03-09 00:00:00-05:00,0.4272499978542328,0.4429999887943268,0.4269999861717224,0.4387499988079071,830832000
2010-03-10 00:00:00-05:00,0.4375,0.44449999928474426,0.4372499883174896,0.43974998593330383,418520000
2010-03-11 00:00:00-05:00,0.4362500011920929,0.4377500116825104,0.42800000309944153,0.429749995470047,540660000
2010-03-12 00:00:00-05:00,0.4345000088214874,0.43575000762939453,0.42899999022483826,0.4312500059604645,520352000
2010-03-15 00:00:00-04:00,0.4307500123977661,0.4350000023841858,0.42500001192092896,0.42899999022483826,358904000
2010-03-16 00:00:00-04:00,0.42875000834465027,0.4465000033378601,0.4284999966621399,0.4440000057220459,664988000
2010-03-17 00:00:00-04:00,0.4465000033378601,0.4584999978542328,0.4465000033378601,0.45249998569488525,651168000
2010-03-18 00:00:00-04:00,0.453249990940094,0.453249990940094,0.4325000047683716,0.43650001287460327,740964000
2010-03-19 00:00:00-04:00,0.4429999887943268,0.4442499876022339,0.4257499873638153,0.4312500059604645,584612000
2010-03-22 00:00:00-04:00,0.4257499873638153,0.4399999976158142,0.4257499873638153,0.43825000524520874,435336000
2010-03-23 00:00:00-04:00,0.4415000081062317,0.4494999945163727,0.43849998712539673,0.44725000858306885,493612000
2010-03-24 00:00:00-04:00,0.44350001215934753,0.44475001096725464,0.43149998784065247,0.4322499930858612,436252000
2010-03-25 00:00:00-04:00,0.43849998712539673,0.4412499964237213,0.4325000047683716,0.4334999918937683,495184000
2010-03-26 00:00:00-04:00,0.4372499883174896,0.4417499899864197,0.4300000071525574,0.4334999918937683,344676000
2010-03-29 00:00:00-04:00,0.4362500011920929,0.4399999976158142,0.43024998903274536,0.4390000104904175,394456000
2010-03-30 00:00:00-04:00,0.4440000057220459,0.44624999165534973,0.4332500100135803,0.44075000286102295,324104000
2010-03-31 00:00:00-04:00,0.4390000104904175,0.4410000145435333,0.43274998664855957,0.4350000023841858,389840000
2010-04-01 00:00:00-04:00,0.43700000643730164,0.44200000166893005,0.4259999990463257,0.43050000071525574,339664000
2010-04-05 00:00:00-04:00,0.4332500100135803,0.4377500116825104,0.43274998664855957,0.43700000643730164,413636000
2010-04-06 00:00:00-04:00,0.43149998784065247,0.4325000047683716,0.41874998807907104,0.42625001072883606,809260000
2010-04-07 00:00:00-04:00,0.4235000014305115,0.4362500011920929,0.41999998688697815,0.42899999022483826,817468000
2010-04-08 00:00:00-04:00,0.42625001072883606,0.429500013589859,0.41975000500679016,0.421999990940094,1037600000
2010-04-09 00:00:00-04:00,0.42100000381469727,0.42625001072883606,0.41874998807907104,0.4247500002384186,817572000
2010-04-12 00:00:00-04:00,0.42524999380111694,0.43424999713897705,0.4244999885559082,0.4325000047683716,546460000
2010-04-13 00:00:00-04:00,0.43424999713897705,0.4429999887943268,0.4325000047683716,0.4415000081062317,648696000
2010-04-14 00:00:00-04:00,0.45100000500679016,0.453249990940094,0.4399999976158142,0.44699999690055847,900720000
2010-04-15 00:00:00-04:00,0.44850000739097595,0.453000009059906,0.4440000057220459,0.4502499997615814,957596000
2010-04-16 00:00:00-04:00,0.4320000112056732,0.4337500035762787,0.4169999957084656,0.42649999260902405,1917736000
2010-04-19 00:00:00-04:00,0.4232499897480011,0.4257499873638153,0.4102500081062317,0.4244999885559082,1094492000
2010-04-20 00:00:00-04:00,0.42750000953674316,0.4320000112056732,0.4205000102519989,0.4259999990463257,678188000
2010-04-21 00:00:00-04:00,0.4282500147819519,0.42875000834465027,0.4099999964237213,0.41499999165534973,895908000
2010-04-22 00:00:00-04:00,0.40825000405311584,0.4180000126361847,0.4025000035762787,0.4167500138282776,656932000
2010-04-23 00:00:00-04:00,0.4154999852180481,0.4165000021457672,0.4037500023841858,0.41100001335144043,752916000
2010-04-26 00:00:00-04:00,0.4115000069141388,0.41999998688697815,0.41075000166893005,0.41499999165534973,491092000
2010-04-27 00:00:00-04:00,0.41200000047683716,0.41624999046325684,0.4020000100135803,0.4032500088214874,606704000
2010-04-28 00:00:00-04:00,0.40299999713897705,0.4097500145435333,0.3957499861717224,0.40400001406669617,672164000
2010-04-29 00:00:00-04:00,0.40525001287460327,0.4167500138282776,0.39925000071525574,0.41624999046325684,987128000
2010-04-30 00:00:00-04:00,0.4112499952316284,0.41200000047683716,0.39250001311302185,0.39274999499320984,1068048000
2010-05-03 00:00:00-04:00,0.3947499990463257,0.3970000147819519,0.3824999928474426,0.38850000500679016,1078972000
2010-05-04 00:00:00-04:00,0.3824999928474426,0.38324999809265137,0.3632499873638153,0.3687500059604645,1311376000
2010-05-05 00:00:00-04:00,0.36125001311302185,0.37174999713897705,0.3580000102519989,0.36250001192092896,1330840000
2010-05-06 00:00:00-04:00,0.36000001430511475,0.3675000071525574,0.32600000500679016,0.35499998927116394,1002888000
2010-05-07 00:00:00-04:00,0.3582499921321869,0.3582499921321869,0.33649998903274536,0.3490000069141388,1153712000
2010-05-10 00:00:00-04:00,0.3700000047683716,0.37450000643730164,0.36000001430511475,0.36399999260902405,979156000
2010-05-11 00:00:00-04:00,0.3605000078678131,0.367249995470047,0.35725000500679016,0.36000001430511475,829124000
2010-05-12 00:00:00-04:00,0.36250001192092896,0.36899998784065247,0.36024999618530273,0.367000013589859,901236000
2010-05-13 00:00:00-04:00,0.36550000309944153,0.38225001096725464,0.36274999380111694,0.36625000834465027,1252000000
2010-05-14 00:00:00-04:00,0.34150001406669617,0.3425000011920929,0.3149999976158142,0.3240000009536743,2493068000
2010-05-17 00:00:00-04:00,0.3244999945163727,0.32875001430511475,0.31450000405311584,0.32475000619888306,856060000
2010-05-18 00:00:00-04:00,0.32749998569488525,0.3294999897480011,0.3122499883174896,0.3140000104904175,674112000
2010-05-19 00:00:00-04:00,0.3125,0.31949999928474426,0.31025001406669617,0.3190000057220459,826520000
2010-05-20 00:00:00-04:00,0.3097499907016754,0.3190000057220459,0.30024999380111694,0.31150001287460327,1129136000
2010-05-21 00:00:00-04:00,0.30250000953674316,0.3269999921321869,0.30250000953674316,0.31825000047683716,1069600000
2010-05-24 00:00:00-04:00,0.31725001335144043,0.32100000977516174,0.30799999833106995,0.3089999854564667,664564000
2010-05-25 00:00:00-04:00,0.2992500066757202,0.3187499940395355,0.29624998569488525,0.31725001335144043,966652000
2010-05-26 00:00:00-04:00,0.33000001311302185,0.3362500071525574,0.3177500069141388,0.3187499940395355,995028000
2010-05-27 00:00:00-04:00,0.3267500102519989,0.3375000059604645,0.32600000500679016,0.3375000059604645,713560000
2010-05-28 00:00:00-04:00,0.3370000123977661,0.3370000123977661,0.32350000739097595,0.32850000262260437,545116000
2010-06-01 00:00:00-04:00,0.3240000009536743,0.32774999737739563,0.31424999237060547,0.31450000405311584,527492000
2010-06-02 00:00:00-04:00,0.3149999976158142,0.31850001215934753,0.31299999356269836,0.3179999887943268,649088000
2010-06-03 00:00:00-04:00,0.31150001287460327,0.31825000047683716,0.31049999594688416,0.3174999952316284,586360000
2010-06-04 00:00:00-04:00,0.3082500100135803,0.3137499988079071,0.3007499873638153,0.30250000953674316,671456000
2010-06-07 00:00:00-04:00,0.30375000834465027,0.3057500123977661,0.2862499952316284,0.2874999940395355,577248000
2010-06-08 00:00:00-04:00,0.2862499952316284,0.2862499952316284,0.2722499966621399,0.27950000762939453,967636000
2010-06-09 00:00:00-04:00,0.2809999883174896,0.28850001096725464,0.27175000309944153,0.27274999022483826,697152000
2010-06-10 00:00:00-04:00,0.2782500088214874,0.2849999964237213,0.2775000035762787,0.2837499976158142,611768000
2010-06-11 00:00:00-04:00,0.28075000643730164,0.2915000021457672,0.2800000011920929,0.2902500033378601,442104000
2010-06-14 00:00:00-04:00,0.2944999933242798,0.29499998688697815,0.28325000405311584,0.2840000092983246,375080000
2010-06-15 00:00:00-04:00,0.28725001215934753,0.2994999885559082,0.2867499887943268,0.2980000078678131,528632000
2010-06-16 00:00:00-04:00,0.29600000381469727,0.29875001311302185,0.2902500033378601,0.2942500114440918,366480000
2010-06-17 00:00:00-04:00,0.304500013589859,0.3062500059604645,0.2939999997615814,0.30550000071525574,859068000
2010-06-18 00:00:00-04:00,0.3072499930858612,0.3112500011920929,0.3050000071525574,0.3075000047683716,932832000
2010-06-21 00:00:00-04:00,0.3140000104904175,0.31474998593330383,0.29750001430511475,0.30024999380111694,579836000
2010-06-22 00:00:00-04:00,0.30399999022483826,0.30774998664855957,0.2874999940395355,0.289000004529953,818164000
2010-06-23 00:00:00-04:00,0.2917500138282776,0.2952499985694885,0.28349998593330383,0.29225000739097595,614060000
2010-06-24 00:00:00-04:00,0.2904999852180481,0.2919999957084656,0.27674999833106995,0.2777499854564667,725028000
2010-06-25 00:00:00-04:00,0.2797499895095825,0.2800000011920929,0.27250000834465027,0.2770000100135803,507220000
2010-06-28 00:00:00-04:00,0.27900001406669617,0.2815000116825104,0.27250000834465027,0.2775000035762787,372008000
2010-06-29 00:00:00-04:00,0.27149999141693115,0.27175000309944153,0.2602500021457672,0.2619999945163727,660808000
2010-06-30 00:00:00-04:00,0.26249998807907104,0.26524999737739563,0.2552500069141388,0.2552500069141388,623072000
2010-07-01 00:00:00-04:00,0.25600001215934753,0.26124998927116394,0.24824999272823334,0.25949999690055847,737008000
2010-07-02 00:00:00-04:00,0.2605000138282776,0.26100000739097595,0.2475000023841858,0.2562499940395355,737096000
2010-07-06 00:00:00-04:00,0.2552500069141388,0.26350000500679016,0.2512499988079071,0.2535000145435333,712020000
2010-07-07 00:00:00-04:00,0.25450000166893005,0.2672500014305115,0.2540000081062317,0.265749990940094,608412000
2010-07-08 00:00:00-04:00,0.26750001311302185,0.26774999499320984,0.25450000166893005,0.257750004529953,783272000
2010-07-09 00:00:00-04:00,0.2590000033378601,0.2605000138282776,0.2554999887943268,0.25874999165534973,571516000
2010-07-12 00:00:00-04:00,0.25874999165534973,0.2667500078678131,0.25850000977516174,0.26350000500679016,565396000
2010-07-13 00:00:00-04:00,0.26774999499320984,0.2747499942779541,0.26625001430511475,0.27300000190734863,723316000
2010-07-14 00:00:00-04:00,0.2849999964237213,0.28700000047683716,0.27175000309944153,0.2757500112056732,1355664000
2010-07-15 00:00:00-04:00,0.2759999930858612,0.2762500047683716,0.26475000381469727,0.2680000066757202,953088000
2010-07-16 00:00:00-04:00,0.2680000066757202,0.26875001192092896,0.2502500116825104,0.2512499988079071,1288604000
2010-07-19 00:00:00-04:00,0.25475001335144043,0.26249998807907104,0.2529999911785126,0.2615000009536743,798440000
2010-07-20 00:00:00-04:00,0.25475001335144043,0.2694999873638153,0.2524999976158142,0.2680000066757202,1160988000
2010-07-21 00:00:00-04:00,0.2705000042915344,0.2707499861717224,0.2567499876022339,0.2592499852180481,624940000
2010-07-22 00:00:00-04:00,0.2619999945163727,0.26625001430511475,0.2605000138282776,0.26350000500679016,462612000
2010-07-23 00:00:00-04:00,0.2632499933242798,0.26350000500679016,0.2565000057220459,0.2590000033378601,817604000
2010-07-26 00:00:00-04:00,0.25824999809265137,0.26475000381469727,0.2542499899864197,0.26374998688697815,683548000
2010-07-27 00:00:00-04:00,0.2644999921321869,0.26499998569488525,0.25824999809265137,0.2615000009536743,683472000
2010-07-28 00:00:00-04:00,0.25725001096725464,0.2617500126361847,0.2524999976158142,0.25325000286102295,1320808000
2010-07-29 00:00:00-04:00,0.23499999940395355,0.23999999463558197,0.22675000131130219,0.22824999690055847,2664476000
2010-07-30 00:00:00-04:00,0.226500004529953,0.23375000059604645,0.22300000488758087,0.22975000739097595,984288000
2010-08-02 00:00:00-04:00,0.23375000059604645,0.23475000262260437,0.22849999368190765,0.22949999570846558,917020000
2010-08-03 00:00:00-04:00,0.2277500033378601,0.2280000001192093,0.22175000607967377,0.22349999845027924,955444000
2010-08-04 00:00:00-04:00,0.22550000250339508,0.23375000059604645,0.22450000047683716,0.2329999953508377,855496000
2010-08-05 00:00:00-04:00,0.23375000059604645,0.23649999499320984,0.22949999570846558,0.23600000143051147,800504000
2010-08-06 00:00:00-04:00,0.23499999940395355,0.24124999344348907,0.2329999953508377,0.23874999582767487,739904000
2010-08-09 00:00:00-04:00,0.24124999344348907,0.24150000512599945,0.23524999618530273,0.2409999966621399,466456000
2010-08-10 00:00:00-04:00,0.2370000034570694,0.23749999701976776,0.23000000417232513,0.23100000619888306,772560000
2010-08-11 00:00:00-04:00,0.22624999284744263,0.22624999284744263,0.2212499976158142,0.22200000286102295,796148000
2010-08-12 00:00:00-04:00,0.21799999475479126,0.2290000021457672,0.2162500023841858,0.2240000069141388,1343584000
2010-08-13 00:00:00-04:00,0.23125000298023224,0.23800000548362732,0.23074999451637268,0.23475000262260437,1797392000
2010-08-16 00:00:00-04:00,0.23149999976158142,0.23624999821186066,0.22574999928474426,0.22875000536441803,814008000
2010-08-17 00:00:00-04:00,0.23100000619888306,0.23600000143051147,0.22875000536441803,0.2317499965429306,481224000
2010-08-18 00:00:00-04:00,0.23100000619888306,0.23499999940395355,0.22949999570846558,0.2329999953508377,352920000
2010-08-19 00:00:00-04:00,0.23549999296665192,0.24774999916553497,0.2342499941587448,0.24699999392032623,1615100000
2010-08-20 00:00:00-04:00,0.24525000154972076,0.2552500069141388,0.24500000476837158,0.24924999475479126,1305308000
2010-08-23 00:00:00-04:00,0.25,0.2562499940395355,0.2447499930858612,0.24549999833106995,748620000
2010-08-24 00:00:00-04:00,0.23749999701976776,0.24549999833106995,0.2370000034570694,0.24300000071525574,641332000
2010-08-25 00:00:00-04:00,0.24025000631809235,0.25,0.23899999260902405,0.24799999594688416,757532000
2010-08-26 00:00:00-04:00,0.2512499988079071,0.2540000081062317,0.24500000476837158,0.24500000476837158,657596000
2010-08-27 00:00:00-04:00,0.24650000035762787,0.2549999952316284,0.24025000631809235,0.2529999911785126,1060416000
2010-08-30 00:00:00-04:00,0.25,0.25200000405311584,0.2409999966621399,0.2409999966621399,602804000
2010-08-31 00:00:00-04:00,0.23749999701976776,0.24500000476837158,0.23250000178813934,0.23325000703334808,931488000
2010-09-01 00:00:00-04:00,0.23675000667572021,0.2397499978542328,0.23375000059604645,0.23499999940395355,851440000
2010-09-02 00:00:00-04:00,0.2357500046491623,0.23999999463558197,0.23350000381469727,0.23925000429153442,596292000
2010-09-03 00:00:00-04:00,0.24500000476837158,0.24824999272823334,0.24199999868869781,0.2475000023841858,566484000
2010-09-07 00:00:00-04:00,0.24674999713897705,0.2554999887943268,0.2462500035762787,0.24975000321865082,899820000
2010-09-08 00:00:00-04:00,0.2502500116825104,0.25975000858306885,0.2475000023841858,0.257999986410141,1224156000
2010-09-09 00:00:00-04:00,0.26124998927116394,0.2615000009536743,0.2512499988079071,0.25450000166893005,697748000
2010-09-10 00:00:00-04:00,0.2562499940395355,0.25699999928474426,0.24950000643730164,0.25174999237060547,609292000
2010-09-13 00:00:00-04:00,0.2562499940395355,0.2692500054836273,0.2562499940395355,0.26600000262260437,1015792000
2010-09-14 00:00:00-04:00,0.26374998688697815,0.2669999897480011,0.26124998927116394,0.26350000500679016,698536000
2010-09-15 00:00:00-04:00,0.26100000739097595,0.2642500102519989,0.2574999928474426,0.2639999985694885,555572000
2010-09-16 00:00:00-04:00,0.2605000138282776,0.26649999618530273,0.2605000138282776,0.2642500102519989,365280000
2010-09-17 00:00:00-04:00,0.2667500078678131,0.2669999897480011,0.2630000114440918,0.26374998688697815,416884000
2010-09-20 00:00:00-04:00,0.26374998688697815,0.26875001192092896,0.26124998927116394,0.26774999499320984,443168000
2010-09-21 00:00:00-04:00,0.26625001430511475,0.2867499887943268,0.26625001430511475,0.28224998712539673,1779624000
2010-09-22 00:00:00-04:00,0.28125,0.28725001215934753,0.27950000762939453,0.2847500145435333,999996000
2010-09-23 00:00:00-04:00,0.2879999876022339,0.2994999885559082,0.2854999899864197,0.2904999852180481,1240872000
2010-09-24 00:00:00-04:00,0.296999990940094,0.3075000047683716,0.29475000500679016,0.30649998784065247,1086976000
2010-09-27 00:00:00-04:00,0.3087500035762787,0.3089999854564667,0.29600000381469727,0.30000001192092896,999504000
2010-09-28 00:00:00-04:00,0.30024999380111694,0.3034999966621399,0.2939999997615814,0.2992500066757202,723192000
2010-09-29 00:00:00-04:00,0.29649999737739563,0.3057500123977661,0.29374998807907104,0.296999990940094,974904000
2010-09-30 00:00:00-04:00,0.3007499873638153,0.30425000190734863,0.28949999809265137,0.2919999957084656,787632000
2010-10-01 00:00:00-04:00,0.29624998569488525,0.296750009059906,0.2815000116825104,0.2837499976158142,999120000
2010-10-04 00:00:00-04:00,0.2809999883174896,0.28575000166893005,0.27524998784065247,0.2809999883174896,749500000
2010-10-05 00:00:00-04:00,0.28700000047683716,0.2874999940395355,0.28224998712539673,0.28299999237060547,753588000
2010-10-06 00:00:00-04:00,0.28299999237060547,0.2842499911785126,0.2667500078678131,0.2694999873638153,1057604000
2010-10-07 00:00:00-04:00,0.2707499861717224,0.2709999978542328,0.25949999690055847,0.26750001311302185,761488000
2010-10-08 00:00:00-04:00,0.26649999618530273,0.2737500071525574,0.2627499997615814,0.27149999141693115,706932000
2010-10-11 00:00:00-04:00,0.27274999022483826,0.2750000059604645,0.26899999380111694,0.27024999260902405,442680000
2010-10-12 00:00:00-04:00,0.2680000066757202,0.27674999833106995,0.265749990940094,0.27549999952316284,605208000
2010-10-13 00:00:00-04:00,0.2800000011920929,0.2874999940395355,0.2770000100135803,0.28349998593330383,968732000
2010-10-14 00:00:00-04:00,0.2837499976158142,0.2842499911785126,0.2777499854564667,0.27900001406669617,599172000
2010-10-15 00:00:00-04:00,0.28349998593330383,0.2867499887943268,0.27900001406669617,0.28224998712539673,639940000
2010-10-18 00:00:00-04:00,0.2824999988079071,0.2852500081062317,0.2775000035762787,0.2840000092983246,448156000
2010-10-19 00:00:00-04:00,0.2777499854564667,0.2842499911785126,0.27549999952316284,0.28224998712539673,866136000
2010-10-20 00:00:00-04:00,0.2824999988079071,0.28999999165534973,0.2775000035762787,0.28224998712539673,763532000
2010-10-21 00:00:00-04:00,0.2824999988079071,0.28299999237060547,0.27300000190734863,0.2772499918937683,1014428000
2010-10-22 00:00:00-04:00,0.27900001406669617,0.29725000262260437,0.2759999930858612,0.29499998688697815,1322676000
2010-10-25 00:00:00-04:00,0.29725000262260437,0.30000001192092896,0.2944999933242798,0.29774999618530273,673136000
2010-10-26 00:00:00-04:00,0.2942500114440918,0.30125001072883606,0.2917500138282776,0.296750009059906,675248000
2010-10-27 00:00:00-04:00,0.2939999997615814,0.3019999861717224,0.2932499945163727,0.3009999990463257,496796000
2010-10-28 00:00:00-04:00,0.3050000071525574,0.3059999942779541,0.2985000014305115,0.30125001072883606,704448000
2010-10-29 00:00:00-04:00,0.3007499873638153,0.30375000834465027,0.29750001430511475,0.3005000054836273,554664000
2010-11-01 00:00:00-04:00,0.30250000953674316,0.3072499930858612,0.2985000014305115,0.3009999990463257,473920000
2010-11-02 00:00:00-04:00,0.3022499978542328,0.3122499883174896,0.3005000054836273,0.3072499930858612,581036000
2010-11-03 00:00:00-04:00,0.30924999713897705,0.31150001287460327,0.30125001072883606,0.3095000088214874,671748000
2010-11-04 00:00:00-04:00,0.3125,0.31575000286102295,0.3095000088214874,0.3100000023841858,700016000
2010-11-05 00:00:00-04:00,0.3122499883174896,0.3179999887943268,0.31075000762939453,0.3152500092983246,735116000
2010-11-08 00:00:00-05:00,0.3149999976158142,0.3192499876022339,0.3125,0.3165000081062317,605156000
2010-11-09 00:00:00-05:00,0.3165000081062317,0.3190000057220459,0.31299999356269836,0.31474998593330383,633964000
2010-11-10 00:00:00-05:00,0.31700000166893005,0.31850001215934753,0.3125,0.31850001215934753,521016000
2010-11-11 00:00:00-05:00,0.3109999895095825,0.320499986410141,0.30674999952316284,0.3152500092983246,1089980000
2010-11-12 00:00:00-05:00,0.32725000381469727,0.34200000762939453,0.3257499933242798,0.33149999380111694,2142560000
2010-11-15 00:00:00-05:00,0.3330000042915344,0.33774998784065247,0.3267500102519989,0.32749998569488525,733548000
2010-11-16 00:00:00-05:00,0.32199999690055847,0.3264999985694885,0.31725001335144043,0.3177500069141388,739356000
2010-11-17 00:00:00-05:00,0.3174999952316284,0.3267500102519989,0.31450000405311584,0.3230000138282776,551764000
2010-11-18 00:00:00-05:00,0.32725000381469727,0.3362500071525574,0.32725000381469727,0.3330000042915344,993120000
2010-11-19 00:00:00-05:00,0.3322499990463257,0.3449999988079071,0.3317500054836273,0.34375,716484000
2010-11-22 00:00:00-05:00,0.34150001406669617,0.34599998593330383,0.3384999930858612,0.3440000116825104,462668000
2010-11-23 00:00:00-05:00,0.3400000035762787,0.3434999883174896,0.3334999978542328,0.335999995470047,457832000
2010-11-24 00:00:00-05:00,0.3395000100135803,0.34549999237060547,0.33924999833106995,0.34424999356269836,397784000
2010-11-26 00:00:00-05:00,0.3440000116825104,0.34599998593330383,0.3400000035762787,0.3400000035762787,143104000
2010-11-29 00:00:00-05:00,0.3384999930858612,0.3449999988079071,0.3370000123977661,0.34375,468192000
2010-11-30 00:00:00-05:00,0.3384999930858612,0.34200000762939453,0.33399999141693115,0.3402499854564667,720936000
2010-12-01 00:00:00-05:00,0.34700000286102295,0.35749998688697815,0.3465000092983246,0.3552500009536743,626536000
2010-12-02 00:00:00-05:00,0.3552500009536743,0.3617500066757202,0.35499998927116394,0.359499990940094,529316000
2010-12-03 00:00:00-05:00,0.3577499985694885,0.3697499930858612,0.3569999933242798,0.3697499930858612,606044000
2010-12-06 00:00:00-05:00,0.3709999918937683,0.37174999713897705,0.36125001311302185,0.36274999380111694,438424000
2010-12-07 00:00:00-05:00,0.3712500035762787,0.38324999809265137,0.37049999833106995,0.37450000643730164,1026812000
2010-12-08 00:00:00-05:00,0.37400001287460327,0.3817499876022339,0.3712500035762787,0.3777500092983246,613252000
2010-12-09 00:00:00-05:00,0.3687500059604645,0.37400001287460327,0.3634999990463257,0.3714999854564667,942408000
2010-12-10 00:00:00-05:00,0.3714999854564667,0.37724998593330383,0.37049999833106995,0.3737500011920929,451900000
2010-12-13 00:00:00-05:00,0.3752500116825104,0.37599998712539673,0.3632499873638153,0.3642500042915344,609108000
2010-12-14 00:00:00-05:00,0.3712500035762787,0.3779999911785126,0.3642500042915344,0.3647499978542328,755160000
2010-12-15 00:00:00-05:00,0.36550000309944153,0.3700000047683716,0.35624998807907104,0.3567500114440918,624176000
2010-12-16 00:00:00-05:00,0.3605000078678131,0.36250001192092896,0.35624998807907104,0.35725000500679016,631872000
2010-12-17 00:00:00-05:00,0.35749998688697815,0.36125001311302185,0.35324999690055847,0.359250009059906,593156000
2010-12-20 00:00:00-05:00,0.3605000078678131,0.3622500002384186,0.35749998688697815,0.3577499985694885,344088000
2010-12-21 00:00:00-05:00,0.36125001311302185,0.37174999713897705,0.3610000014305115,0.37174999713897705,466952000
2010-12-22 00:00:00-05:00,0.3709999918937683,0.3762499988079071,0.3675000071525574,0.37575000524520874,477988000
2010-12-23 00:00:00-05:00,0.37575000524520874,0.37575000524520874,0.3714999854564667,0.37299999594688416,273784000
2010-12-27 00:00:00-05:00,0.3720000088214874,0.3777500092983246,0.36524999141693115,0.375,255500000
2010-12-28 00:00:00-05:00,0.375,0.3774999976158142,0.3712500035762787,0.3734999895095825,194260000
2010-12-29 00:00:00-05:00,0.37325000762939453,0.3762499988079071,0.3700000047683716,0.3734999895095825,177660000
2010-12-30 00:00:00-05:00,0.37299999594688416,0.37700000405311584,0.37174999713897705,0.3747499883174896,174488000
2010-12-31 00:00:00-05:00,0.375,0.3855000138282776,0.37450000643730164,0.38499999046325684,391252000
2011-01-03 00:00:00-05:00,0.3880000114440918,0.39925000071525574,0.38749998807907104,0.3955000042915344,817448000
2011-01-04 00:00:00-05:00,0.39625000953674316,0.39800000190734863,0.3855000138282776,0.3942500054836273,651384000
2011-01-05 00:00:00-05:00,0.40149998664855957,0.42500001192092896,0.39750000834465027,0.4244999885559082,1428216000
2011-01-06 00:00:00-05:00,0.43549999594688416,0.48350000381469727,0.43424999713897705,0.4832499921321869,3493312000
2011-01-07 00:00:00-05:00,0.4777500033378601,0.49825000762939453,0.46700000762939453,0.49674999713897705,2579984000
2011-01-10 00:00:00-05:00,0.48774999380111694,0.5167499780654907,0.48399999737739563,0.515749990940094,1750348000
2011-01-11 00:00:00-05:00,0.5227500200271606,0.5277500152587891,0.49674999713897705,0.5077499747276306,2711088000
2011-01-12 00:00:00-05:00,0.5080000162124634,0.5842499732971191,0.5062500238418579,0.5837500095367432,3431896000
2011-01-13 00:00:00-05:00,0.5774999856948853,0.5960000157356262,0.559499979019165,0.5847499966621399,2695192000
2011-01-14 00:00:00-05:00,0.5747500061988831,0.5995000004768372,0.5712500214576721,0.5897499918937683,1595352000
2011-01-18 00:00:00-05:00,0.5817499756813049,0.5857499837875366,0.5617499947547913,0.5759999752044678,1813348000
2011-01-19 00:00:00-05:00,0.5762500166893005,0.5899999737739563,0.5590000152587891,0.5602499842643738,1197896000
2011-01-20 00:00:00-05:00,0.5547500252723694,0.5640000104904175,0.5447499752044678,0.5607500076293945,1111408000
2011-01-21 00:00:00-05:00,0.5667499899864197,0.5747500061988831,0.5544999837875366,0.5554999709129333,739244000
2011-01-24 00:00:00-05:00,0.5809999704360962,0.6262500286102295,0.5745000243186951,0.6182500123977661,2056900000
2011-01-25 00:00:00-05:00,0.6154999732971191,0.621999979019165,0.5952500104904175,0.5992500185966492,1086856000
2011-01-26 00:00:00-05:00,0.6054999828338623,0.625,0.6012499928474426,0.6134999990463257,1074660000
2011-01-27 00:00:00-05:00,0.6222500205039978,0.6237499713897705,0.6000000238418579,0.6117500066757202,657396000
2011-01-28 00:00:00-05:00,0.6132500171661377,0.6234999895095825,0.5799999833106995,0.593999981880188,1094796000
2011-01-31 00:00:00-05:00,0.5950000286102295,0.606249988079071,0.5852500200271606,0.5979999899864197,750160000
2011-02-01 00:00:00-05:00,0.6032500267028809,0.6162499785423279,0.5992500185966492,0.6117500066757202,654104000
2011-02-02 00:00:00-05:00,0.6082500219345093,0.6542500257492065,0.6082500219345093,0.6395000219345093,1606616000
2011-02-03 00:00:00-05:00,0.640500009059906,0.640500009059906,0.6137499809265137,0.6274999976158142,1030776000
2011-02-04 00:00:00-05:00,0.6362500190734863,0.6467499732971191,0.6337500214576721,0.6417499780654907,872900000
2011-02-07 00:00:00-05:00,0.6330000162124634,0.6357499957084656,0.6127499938011169,0.6150000095367432,934236000
2011-02-08 00:00:00-05:00,0.6157500147819519,0.6197500228881836,0.593999981880188,0.596750020980835,1076584000
2011-02-09 00:00:00-05:00,0.5989999771118164,0.6050000190734863,0.5715000033378601,0.5822499990463257,1277520000
2011-02-10 00:00:00-05:00,0.5692499876022339,0.5802500247955322,0.5649999976158142,0.5705000162124634,1042352000
2011-02-11 00:00:00-05:00,0.5684999823570251,0.6052500009536743,0.559249997138977,0.5867499709129333,1359276000
2011-02-14 00:00:00-05:00,0.59375,0.612500011920929,0.5755000114440918,0.577750027179718,1287828000
2011-02-15 00:00:00-05:00,0.5787500143051147,0.5807499885559082,0.5612499713897705,0.5637500286102295,886980000
2011-02-16 00:00:00-05:00,0.5712500214576721,0.5927500128746033,0.5692499876022339,0.5845000147819519,1318364000
2011-02-17 00:00:00-05:00,0.5680000185966492,0.6502500176429749,0.5652499794960022,0.6420000195503235,3470096000
2011-02-18 00:00:00-05:00,0.6384999752044678,0.6487500071525574,0.6307500004768372,0.640749990940094,1394412000
2011-02-22 00:00:00-05:00,0.6197500228881836,0.6215000152587891,0.578249990940094,0.5802500247955322,1396648000
2011-02-23 00:00:00-05:00,0.5802500247955322,0.5857499837875366,0.5444999933242798,0.5527499914169312,1491604000
2011-02-24 00:00:00-05:00,0.5554999709129333,0.5759999752044678,0.5515000224113464,0.5662500262260437,1246120000
2011-02-25 00:00:00-05:00,0.5814999938011169,0.5874999761581421,0.5734999775886536,0.578000009059906,775652000
2011-02-28 00:00:00-05:00,0.5874999761581421,0.5877500176429749,0.5534999966621399,0.5665000081062317,903696000
2011-03-01 00:00:00-05:00,0.5674999952316284,0.5747500061988831,0.5412499904632568,0.5412499904632568,988448000
2011-03-02 00:00:00-05:00,0.5404999852180481,0.5507500171661377,0.5062500238418579,0.518750011920929,1718140000
2011-03-03 00:00:00-05:00,0.5307499766349792,0.5337499976158142,0.5059999823570251,0.5217499732971191,1593704000
2011-03-04 00:00:00-05:00,0.5222499966621399,0.5274999737739563,0.5132499933242798,0.5189999938011169,959760000
2011-03-07 00:00:00-05:00,0.5227500200271606,0.5245000123977661,0.4987500011920929,0.5117499828338623,1019140000
2011-03-08 00:00:00-05:00,0.5172500014305115,0.5199999809265137,0.4779999852180481,0.48875001072883606,1947184000
2011-03-09 00:00:00-05:00,0.4872500002384186,0.492000013589859,0.4742499887943268,0.47850000858306885,1318976000
2011-03-10 00:00:00-05:00,0.4675000011920929,0.47099998593330383,0.44749999046325684,0.4480000138282776,1722736000
2011-03-11 00:00:00-05:00,0.4517500102519989,0.4637500047683716,0.4415000081062317,0.45124998688697815,1486832000
2011-03-14 00:00:00-04:00,0.4547500014305115,0.4662500023841858,0.44749999046325684,0.45500001311302185,1003360000
2011-03-15 00:00:00-04:00,0.43274998664855957,0.4490000009536743,0.42524999380111694,0.4415000081062317,1256280000
2011-03-16 00:00:00-04:00,0.4375,0.45875000953674316,0.4325000047683716,0.43825000524520874,1476520000
2011-03-17 00:00:00-04:00,0.44999998807907104,0.4507499933242798,0.4300000071525574,0.4465000033378601,1238516000
2011-03-18 00:00:00-04:00,0.45350000262260437,0.45500001311302185,0.4399999976158142,0.4404999911785126,886960000
2011-03-21 00:00:00-04:00,0.44999998807907104,0.4544999897480011,0.43950000405311584,0.4440000057220459,751832000
2011-03-22 00:00:00-04:00,0.4427500069141388,0.44699999690055847,0.43424999713897705,0.4362500011920929,718332000
2011-03-23 00:00:00-04:00,0.43549999594688416,0.4465000033378601,0.4259999990463257,0.445250004529953,782396000
2011-03-24 00:00:00-04:00,0.4547500014305115,0.48625001311302185,0.45375001430511475,0.4807499945163727,1780592000
2011-03-25 00:00:00-04:00,0.48500001430511475,0.48625001311302185,0.4650000035762787,0.4657500088214874,1196392000
2011-03-28 00:00:00-04:00,0.476749986410141,0.4909999966621399,0.4724999964237213,0.4830000102519989,1204284000
2011-03-29 00:00:00-04:00,0.4830000102519989,0.48475000262260437,0.4727500081062317,0.4792500138282776,715764000
2011-03-30 00:00:00-04:00,0.4830000102519989,0.48500001430511475,0.45524999499320984,0.4612500071525574,1176320000
2011-03-31 00:00:00-04:00,0.4620000123977661,0.46700000762939453,0.453000009059906,0.46149998903274536,655112000
2011-04-01 00:00:00-04:00,0.4675000011920929,0.46799999475479126,0.44874998927116394,0.45500001311302185,850072000
2011-04-04 00:00:00-04:00,0.45500001311302185,0.45625001192092896,0.43549999594688416,0.4387499988079071,924328000
2011-04-05 00:00:00-04:00,0.445250004529953,0.44874998927116394,0.43849998712539673,0.43950000405311584,821076000
2011-04-06 00:00:00-04:00,0.4427500069141388,0.44325000047683716,0.43274998664855957,0.43650001287460327,856984000
2011-04-07 00:00:00-04:00,0.4375,0.45524999499320984,0.43575000762939453,0.45249998569488525,1021208000
2011-04-08 00:00:00-04:00,0.4560000002384186,0.4560000002384186,0.4375,0.4387499988079071,746552000
2011-04-11 00:00:00-04:00,0.4404999911785126,0.4427500069141388,0.4282500147819519,0.43299999833106995,546208000
2011-04-12 00:00:00-04:00,0.42875000834465027,0.4372499883174896,0.4207499921321869,0.43424999713897705,840756000
2011-04-13 00:00:00-04:00,0.4387499988079071,0.4467499852180481,0.4332500100135803,0.4440000057220459,749588000
2011-04-14 00:00:00-04:00,0.4399999976158142,0.46299999952316284,0.4375,0.46274998784065247,1254704000
2011-04-15 00:00:00-04:00,0.45925000309944153,0.47350001335144043,0.4569999873638153,0.46775001287460327,969720000
2011-04-18 00:00:00-04:00,0.4567500054836273,0.4597499966621399,0.4449999928474426,0.45225000381469727,743584000
2011-04-19 00:00:00-04:00,0.45249998569488525,0.4542500078678131,0.43825000524520874,0.4505000114440918,659860000
2011-04-20 00:00:00-04:00,0.46700000762939453,0.4737499952316284,0.4567500054836273,0.46424999833106995,650516000
2011-04-21 00:00:00-04:00,0.46924999356269836,0.4722500145435333,0.4620000123977661,0.46299999952316284,421300000
2011-04-25 00:00:00-04:00,0.4650000035762787,0.4779999852180481,0.4647499918937683,0.4702500104904175,619612000
2011-04-26 00:00:00-04:00,0.4742499887943268,0.4872500002384186,0.46950000524520874,0.48249998688697815,676000000
2011-04-27 00:00:00-04:00,0.48500001430511475,0.48500001430511475,0.4724999964237213,0.48249998688697815,450004000
2011-04-28 00:00:00-04:00,0.48249998688697815,0.4975000023841858,0.47699999809265137,0.48774999380111694,684000000
2011-04-29 00:00:00-04:00,0.4909999966621399,0.5109999775886536,0.49024999141693115,0.5,836000000
2011-05-02 00:00:00-04:00,0.5105000138282776,0.5107499957084656,0.4907500147819519,0.4932500123977661,613824000
2011-05-03 00:00:00-04:00,0.48750001192092896,0.48899999260902405,0.4637500047683716,0.46974998712539673,808000000
2011-05-04 00:00:00-04:00,0.4712499976158142,0.476500004529953,0.45750001072883606,0.4662500023841858,639356000
2011-05-05 00:00:00-04:00,0.4625000059604645,0.47200000286102295,0.45625001192092896,0.46650001406669617,544000000
2011-05-06 00:00:00-04:00,0.4762499928474426,0.48750001192092896,0.4724999964237213,0.4830000102519989,841080000
2011-05-09 00:00:00-04:00,0.484499990940094,0.4962500035762787,0.4832499921321869,0.4937500059604645,706328000
2011-05-10 00:00:00-04:00,0.49775001406669617,0.49825000762939453,0.4894999861717224,0.4945000112056732,690976000
2011-05-11 00:00:00-04:00,0.4970000088214874,0.5019999742507935,0.49000000953674316,0.49674999713897705,616000000
2011-05-12 00:00:00-04:00,0.4950000047683716,0.5130000114440918,0.4937500059604645,0.512499988079071,1224000000
2011-05-13 00:00:00-04:00,0.47999998927116394,0.48124998807907104,0.453000009059906,0.45649999380111694,2025192000
2011-05-16 00:00:00-04:00,0.45524999499320984,0.45625001192092896,0.44225001335144043,0.4424999952316284,728188000
2011-05-17 00:00:00-04:00,0.4410000145435333,0.4412499964237213,0.42800000309944153,0.44075000286102295,1420364000
2011-05-18 00:00:00-04:00,0.4424999952316284,0.4547500014305115,0.4410000145435333,0.45100000500679016,658844000
2011-05-19 00:00:00-04:00,0.4544999897480011,0.4547500014305115,0.4377500116825104,0.44449999928474426,650884000
2011-05-20 00:00:00-04:00,0.44350001215934753,0.453249990940094,0.4415000081062317,0.45225000381469727,575820000
2011-05-23 00:00:00-04:00,0.44574999809265137,0.45500001311302185,0.4399999976158142,0.4517500102519989,588000000
2011-05-24 00:00:00-04:00,0.45399999618530273,0.4717499911785126,0.45274999737739563,0.45350000262260437,720372000
2011-05-25 00:00:00-04:00,0.45124998688697815,0.4620000123977661,0.4467499852180481,0.45899999141693115,545312000
2011-05-26 00:00:00-04:00,0.45899999141693115,0.47450000047683716,0.45774999260902405,0.47049999237060547,706436000
2011-05-27 00:00:00-04:00,0.4724999964237213,0.4882499873638153,0.47200000286102295,0.48750001192092896,658824000
2011-05-31 00:00:00-04:00,0.4970000088214874,0.5012500286102295,0.48500001430511475,0.5009999871253967,1200716000
2011-06-01 00:00:00-04:00,0.4987500011920929,0.49950000643730164,0.47749999165534973,0.47850000858306885,762208000
2011-06-02 00:00:00-04:00,0.4792500138282776,0.4827499985694885,0.47049999237060547,0.4762499928474426,607592000
2011-06-03 00:00:00-04:00,0.47075000405311584,0.4749999940395355,0.45925000309944153,0.46149998903274536,549300000
2011-06-06 00:00:00-04:00,0.460750013589859,0.4650000035762787,0.45124998688697815,0.4517500102519989,435988000
2011-06-07 00:00:00-04:00,0.45524999499320984,0.45774999260902405,0.4494999945163727,0.4514999985694885,433956000
2011-06-08 00:00:00-04:00,0.4492500126361847,0.4519999921321869,0.43575000762939453,0.43924999237060547,569288000
2011-06-09 00:00:00-04:00,0.4390000104904175,0.4399999976158142,0.41850000619888306,0.43424999713897705,741632000
2011-06-10 00:00:00-04:00,0.4350000023841858,0.4377500116825104,0.4244999885559082,0.42800000309944153,493548000
2011-06-13 00:00:00-04:00,0.42800000309944153,0.4334999918937683,0.421999990940094,0.42500001192092896,574760000
2011-06-14 00:00:00-04:00,0.42875000834465027,0.43799999356269836,0.4267500042915344,0.4284999966621399,534576000
2011-06-15 00:00:00-04:00,0.42274999618530273,0.42524999380111694,0.4104999899864197,0.4192500114440918,935916000
2011-06-16 00:00:00-04:00,0.4194999933242798,0.4259999990463257,0.3987500071525574,0.4047499895095825,1024908000
2011-06-17 00:00:00-04:00,0.40950000286102295,0.4097500145435333,0.382750004529953,0.39524999260902405,1467884000
2011-06-20 00:00:00-04:00,0.3917500078678131,0.4000000059604645,0.38749998807907104,0.390500009059906,745960000
2011-06-21 00:00:00-04:00,0.3919999897480011,0.4020000100135803,0.3882499933242798,0.39899998903274536,704276000
2011-06-22 00:00:00-04:00,0.39625000953674316,0.40149998664855957,0.39274999499320984,0.3935000002384186,651720000
2011-06-23 00:00:00-04:00,0.38850000500679016,0.40799999237060547,0.38499999046325684,0.40525001287460327,744024000
2011-06-24 00:00:00-04:00,0.4032500088214874,0.40674999356269836,0.39100000262260437,0.3935000002384186,529052000
2011-06-27 00:00:00-04:00,0.3935000002384186,0.3959999978542328,0.3714999854564667,0.3852500021457672,1142152000
2011-06-28 00:00:00-04:00,0.3852500021457672,0.3919999897480011,0.3824999928474426,0.38749998807907104,692200000
2011-06-29 00:00:00-04:00,0.38999998569488525,0.39750000834465027,0.3765000104904175,0.3935000002384186,960544000
2011-06-30 00:00:00-04:00,0.3944999873638153,0.4027499854564667,0.38850000500679016,0.398499995470047,652300000
2011-07-01 00:00:00-04:00,0.398499995470047,0.40525001287460327,0.390500009059906,0.4037500023841858,540804000
2011-07-05 00:00:00-04:00,0.4032500088214874,0.40700000524520874,0.3935000002384186,0.3970000147819519,535296000
2011-07-06 00:00:00-04:00,0.39675000309944153,0.39750000834465027,0.3869999945163727,0.3917500078678131,529580000
2011-07-07 00:00:00-04:00,0.39375001192092896,0.3957499861717224,0.38624998927116394,0.3932499885559082,986136000
2011-07-08 00:00:00-04:00,0.3877499997615814,0.390500009059906,0.3824999928474426,0.3857499957084656,619516000
2011-07-11 00:00:00-04:00,0.3785000145435333,0.3799999952316284,0.3712500035762787,0.3722499907016754,714388000
2011-07-12 00:00:00-04:00,0.37049999833106995,0.37400001287460327,0.3610000014305115,0.367249995470047,867604000
2011-07-13 00:00:00-04:00,0.3722499907016754,0.3747499883174896,0.3630000054836273,0.36649999022483826,634368000
2011-07-14 00:00:00-04:00,0.36800000071525574,0.37024998664855957,0.3502500057220459,0.35199999809265137,1088996000
2011-07-15 00:00:00-04:00,0.3540000021457672,0.35624998807907104,0.3452500104904175,0.35249999165534973,827736000
2011-07-18 00:00:00-04:00,0.34975001215934753,0.351749986410141,0.34049999713897705,0.3449999988079071,818200000
2011-07-19 00:00:00-04:00,0.34599998593330383,0.35624998807907104,0.34599998593330383,0.3555000126361847,602224000
2011-07-20 00:00:00-04:00,0.3567500114440918,0.35874998569488525,0.3499999940395355,0.35100001096725464,662956000
2011-07-21 00:00:00-04:00,0.351500004529953,0.3700000047683716,0.3462499976158142,0.3675000071525574,1143420000
2011-07-22 00:00:00-04:00,0.3707500100135803,0.3762499988079071,0.3659999966621399,0.375,737192000
2011-07-25 00:00:00-04:00,0.36924999952316284,0.3707500100135803,0.36375001072883606,0.36899998784065247,566920000
2011-07-26 00:00:00-04:00,0.35850000381469727,0.3675000071525574,0.35475000739097595,0.36000001430511475,698276000
2011-07-27 00:00:00-04:00,0.35499998927116394,0.3567500114440918,0.34549999237060547,0.3465000092983246,652212000
2011-07-28 00:00:00-04:00,0.3452500104904175,0.3529999852180481,0.3397499918937683,0.34575000405311584,648176000
2011-07-29 00:00:00-04:00,0.3422499895095825,0.3490000069141388,0.34049999713897705,0.34575000405311584,677656000
2011-08-01 00:00:00-04:00,0.35374999046325684,0.36524999141693115,0.35074999928474426,0.3642500042915344,1019620000
2011-08-02 00:00:00-04:00,0.3617500066757202,0.38449999690055847,0.3605000078678131,0.3605000078678131,1356432000
2011-08-03 00:00:00-04:00,0.36125001311302185,0.3714999854564667,0.3577499985694885,0.37024998664855957,765236000
2011-08-04 00:00:00-04:00,0.3634999990463257,0.3634999990463257,0.33500000834465027,0.33500000834465027,979732000
2011-08-05 00:00:00-04:00,0.34275001287460327,0.34700000286102295,0.3149999976158142,0.32374998927116394,1270588000
2011-08-08 00:00:00-04:00,0.30799999833106995,0.3190000057220459,0.29624998569488525,0.2982499897480011,1084180000
2011-08-09 00:00:00-04:00,0.30399999022483826,0.32374998927116394,0.30000001192092896,0.3232499957084656,1329832000
2011-08-10 00:00:00-04:00,0.3137499988079071,0.3227500021457672,0.30674999952316284,0.3084999918937683,1140052000
2011-08-11 00:00:00-04:00,0.3084999918937683,0.3397499918937683,0.3084999918937683,0.33524999022483826,1078792000
2011-08-12 00:00:00-04:00,0.3709999918937683,0.3714999854564667,0.3167499899864197,0.32199999690055847,3195784000
2011-08-15 00:00:00-04:00,0.3252499997615814,0.33500000834465027,0.32350000739097595,0.33425000309944153,864152000
2011-08-16 00:00:00-04:00,0.3305000066757202,0.33500000834465027,0.3187499940395355,0.32475000619888306,716868000
2011-08-17 00:00:00-04:00,0.3257499933242798,0.33125001192092896,0.3160000145435333,0.320250004529953,553328000
2011-08-18 00:00:00-04:00,0.3057500123977661,0.3087500035762787,0.29499998688697815,0.2985000014305115,802564000
2011-08-19 00:00:00-04:00,0.29350000619888306,0.3097499907016754,0.29124999046325684,0.2932499945163727,761332000
2011-08-22 00:00:00-04:00,0.30149999260902405,0.3050000071525574,0.2952499985694885,0.2985000014305115,611876000
2011-08-23 00:00:00-04:00,0.3057500123977661,0.3310000002384186,0.30524998903274536,0.3307499885559082,938312000
2011-08-24 00:00:00-04:00,0.33000001311302185,0.3310000002384186,0.3174999952316284,0.32600000500679016,687500000
2011-08-25 00:00:00-04:00,0.31949999928474426,0.3252499997615814,0.31150001287460327,0.31200000643730164,690968000
2011-08-26 00:00:00-04:00,0.31075000762939453,0.32850000262260437,0.30524998903274536,0.3252499997615814,732660000
2011-08-29 00:00:00-04:00,0.3345000147819519,0.33524999022483826,0.3267500102519989,0.33399999141693115,601528000
2011-08-30 00:00:00-04:00,0.3317500054836273,0.34474998712539673,0.3294999897480011,0.34200000762939453,684760000
2011-08-31 00:00:00-04:00,0.34450000524520874,0.3479999899864197,0.33000001311302185,0.33274999260902405,705808000
2011-09-01 00:00:00-04:00,0.3372499942779541,0.34450000524520874,0.3317500054836273,0.3319999873638153,762312000
2011-09-02 00:00:00-04:00,0.3244999945163727,0.32899999618530273,0.320499986410141,0.3230000138282776,471356000
2011-09-06 00:00:00-04:00,0.3125,0.33024999499320984,0.3095000088214874,0.3294999897480011,696248000
2011-09-07 00:00:00-04:00,0.35624998807907104,0.3659999966621399,0.3465000092983246,0.35624998807907104,1606620000
2011-09-08 00:00:00-04:00,0.3527500033378601,0.36125001311302185,0.3487499952316284,0.3544999957084656,880164000
2011-09-09 00:00:00-04:00,0.351500004529953,0.3610000014305115,0.3440000116825104,0.34700000286102295,869828000
2011-09-12 00:00:00-04:00,0.3422499895095825,0.3582499921321869,0.3422499895095825,0.3552500009536743,916480000
2011-09-13 00:00:00-04:00,0.3582499921321869,0.36500000953674316,0.3527500033378601,0.3632499873638153,853836000
2011-09-14 00:00:00-04:00,0.37275001406669617,0.3867500126361847,0.3725000023841858,0.38199999928474426,1547192000
2011-09-15 00:00:00-04:00,0.390500009059906,0.39250001311302185,0.3840000033378601,0.38749998807907104,752908000
2011-09-16 00:00:00-04:00,0.3882499933242798,0.4025000035762787,0.38449999690055847,0.3865000009536743,1391588000
2011-09-19 00:00:00-04:00,0.3799999952316284,0.382750004529953,0.3687500059604645,0.3785000145435333,968204000
2011-09-20 00:00:00-04:00,0.38324999809265137,0.38475000858306885,0.367000013589859,0.3687500059604645,792436000
2011-09-21 00:00:00-04:00,0.3707500100135803,0.37724998593330383,0.36149999499320984,0.3617500066757202,715252000
2011-09-22 00:00:00-04:00,0.3474999964237213,0.3479999899864197,0.33125001192092896,0.33774998784065247,1314632000
2011-09-23 00:00:00-04:00,0.335750013589859,0.3544999957084656,0.33375000953674316,0.34474998712539673,1011440000
2011-09-26 00:00:00-04:00,0.3490000069141388,0.3499999940395355,0.33000001311302185,0.34549999237060547,972124000
2011-09-27 00:00:00-04:00,0.3542500138282776,0.35725000500679016,0.34325000643730164,0.34599998593330383,781388000
2011-09-28 00:00:00-04:00,0.3467499911785126,0.3555000126361847,0.33000001311302185,0.33550000190734863,1236532000
2011-09-29 00:00:00-04:00,0.34150001406669617,0.3472500145435333,0.3187499940395355,0.32725000381469727,866416000
2011-09-30 00:00:00-04:00,0.32199999690055847,0.32374998927116394,0.3122499883174896,0.3127500116825104,677784000
2011-10-03 00:00:00-04:00,0.3087500035762787,0.31850001215934753,0.2952499985694885,0.2952499985694885,949896000
2011-10-04 00:00:00-04:00,0.2879999876022339,0.32249999046325684,0.2867499887943268,0.32249999046325684,1361548000
2011-10-05 00:00:00-04:00,0.3217499852180481,0.3370000123977661,0.3152500092983246,0.33399999141693115,856708000
2011-10-06 00:00:00-04:00,0.335750013589859,0.34825000166893005,0.33524999022483826,0.3472500145435333,773192000
2011-10-07 00:00:00-04:00,0.3487499952316284,0.35899999737739563,0.34150001406669617,0.35374999046325684,806976000
2011-10-10 00:00:00-04:00,0.35975000262260437,0.3695000112056732,0.35899999737739563,0.3695000112056732,534376000
2011-10-11 00:00:00-04:00,0.36649999022483826,0.3725000023841858,0.3642500042915344,0.36550000309944153,816080000
2011-10-12 00:00:00-04:00,0.3725000023841858,0.37275001406669617,0.36500000953674316,0.36524999141693115,612064000
2011-10-13 00:00:00-04:00,0.3634999990463257,0.38725000619888306,0.36250001192092896,0.3865000009536743,854832000
2011-10-14 00:00:00-04:00,0.3932499885559082,0.3972499966621399,0.38350000977516174,0.3930000066757202,702452000
2011-10-17 00:00:00-04:00,0.38850000500679016,0.38850000500679016,0.3714999854564667,0.3734999895095825,611780000
2011-10-18 00:00:00-04:00,0.3714999854564667,0.3880000114440918,0.36924999952316284,0.3869999945163727,590916000
2011-10-19 00:00:00-04:00,0.38749998807907104,0.3942500054836273,0.37825000286102295,0.3792499899864197,557568000
2011-10-20 00:00:00-04:00,0.36899998784065247,0.37049999833106995,0.34599998593330383,0.36024999618530273,990308000
2011-10-21 00:00:00-04:00,0.3647499978542328,0.3707500100135803,0.35600000619888306,0.3619999885559082,628428000
2011-10-24 00:00:00-04:00,0.3634999990463257,0.3812499940395355,0.36274999380111694,0.37549999356269836,535256000
2011-10-25 00:00:00-04:00,0.37024998664855957,0.37325000762939453,0.3605000078678131,0.36125001311302185,577996000
2011-10-26 00:00:00-04:00,0.3682500123977661,0.37024998664855957,0.35499998927116394,0.36550000309944153,503116000
2011-10-27 00:00:00-04:00,0.3790000081062317,0.38499999046325684,0.37049999833106995,0.3812499940395355,577732000
2011-10-28 00:00:00-04:00,0.3779999911785126,0.3935000002384186,0.37700000405311584,0.38999998569488525,490156000
2011-10-31 00:00:00-04:00,0.3774999976158142,0.37975001335144043,0.3700000047683716,0.3700000047683716,519984000
2011-11-01 00:00:00-04:00,0.3564999997615814,0.35749998688697815,0.3479999899864197,0.351500004529953,790824000
2011-11-02 00:00:00-04:00,0.35499998927116394,0.3567500114440918,0.3382500112056732,0.34549999237060547,961608000
2011-11-03 00:00:00-04:00,0.3492499887943268,0.367000013589859,0.3400000035762787,0.36625000834465027,749372000
2011-11-04 00:00:00-04:00,0.3630000054836273,0.37174999713897705,0.35725000500679016,0.37049999833106995,654840000
2011-11-07 00:00:00-05:00,0.36774998903274536,0.37400001287460327,0.36000001430511475,0.3684999942779541,613536000
2011-11-08 00:00:00-05:00,0.37325000762939453,0.3792499899864197,0.367249995470047,0.37700000405311584,549728000
2011-11-09 00:00:00-05:00,0.3682500123977661,0.37299999594688416,0.3564999997615814,0.3580000102519989,532244000
2011-11-10 00:00:00-05:00,0.36675000190734863,0.37049999833106995,0.3527500033378601,0.3617500066757202,990484000
2011-11-11 00:00:00-05:00,0.3720000088214874,0.3774999976158142,0.351749986410141,0.37450000643730164,1751560000
2011-11-14 00:00:00-05:00,0.37450000643730164,0.37825000286102295,0.36625000834465027,0.367249995470047,500292000
2011-11-15 00:00:00-05:00,0.36375001072883606,0.3747499883174896,0.36274999380111694,0.3720000088214874,505660000
2011-11-16 00:00:00-05:00,0.36500000953674316,0.3747499883174896,0.3632499873638153,0.3644999861717224,512420000
2011-11-17 00:00:00-05:00,0.36375001072883606,0.3647499978542328,0.3449999988079071,0.351500004529953,657504000
2011-11-18 00:00:00-05:00,0.35350000858306885,0.35350000858306885,0.34450000524520874,0.34825000166893005,501352000
2011-11-21 00:00:00-05:00,0.34275001287460327,0.36924999952316284,0.3375000059604645,0.3657500147819519,1330788000
2011-11-22 00:00:00-05:00,0.3697499930858612,0.3790000081062317,0.36774998903274536,0.37700000405311584,1287480000
2011-11-23 00:00:00-05:00,0.37299999594688416,0.37575000524520874,0.3607499897480011,0.3610000014305115,825340000
2011-11-25 00:00:00-05:00,0.35624998807907104,0.3644999861717224,0.3499999940395355,0.35100001096725464,406620000
2011-11-28 00:00:00-05:00,0.36250001192092896,0.3762499988079071,0.36250001192092896,0.3707500100135803,690616000
2011-11-29 00:00:00-05:00,0.37024998664855957,0.3774999976158142,0.36675000190734863,0.37275001406669617,623440000
2011-11-30 00:00:00-05:00,0.3840000033378601,0.3917500078678131,0.38075000047683716,0.390749990940094,730324000
2011-12-01 00:00:00-05:00,0.38749998807907104,0.39649999141693115,0.3857499957084656,0.3955000042915344,529760000
2011-12-02 00:00:00-05:00,0.3997499942779541,0.4012500047683716,0.3892500102519989,0.3930000066757202,546464000
2011-12-05 00:00:00-05:00,0.3995000123977661,0.4000000059604645,0.38374999165534973,0.3869999945163727,644696000
2011-12-06 00:00:00-05:00,0.3892500102519989,0.38999998569488525,0.3774999976158142,0.3815000057220459,573832000
2011-12-07 00:00:00-05:00,0.3790000081062317,0.38199999928474426,0.3712500035762787,0.3792499899864197,510016000
2011-12-08 00:00:00-05:00,0.37549999356269836,0.3817499876022339,0.3659999966621399,0.367249995470047,491488000
2011-12-09 00:00:00-05:00,0.3644999861717224,0.37549999356269836,0.359499990940094,0.3725000023841858,555840000
2011-12-12 00:00:00-05:00,0.3644999861717224,0.3659999966621399,0.3564999997615814,0.3632499873638153,573208000
2011-12-13 00:00:00-05:00,0.36800000071525574,0.3725000023841858,0.35100001096725464,0.35324999690055847,516596000
2011-12-14 00:00:00-05:00,0.3502500057220459,0.35225000977516174,0.335750013589859,0.3395000100135803,636020000
2011-12-15 00:00:00-05:00,0.3452500104904175,0.3474999964237213,0.335750013589859,0.33649998903274536,435148000
2011-12-16 00:00:00-05:00,0.33924999833106995,0.34575000405311584,0.3362500071525574,0.33774998784065247,619116000
2011-12-19 00:00:00-05:00,0.33924999833106995,0.34325000643730164,0.32774999737739563,0.32899999618530273,463276000
2011-12-20 00:00:00-05:00,0.33649998903274536,0.3487499952316284,0.33649998903274536,0.3474999964237213,445208000
2011-12-21 00:00:00-05:00,0.34549999237060547,0.3492499887943268,0.3362500071525574,0.34299999475479126,548424000
2011-12-22 00:00:00-05:00,0.3440000116825104,0.35874998569488525,0.3440000116825104,0.3577499985694885,576560000
2011-12-23 00:00:00-05:00,0.359499990940094,0.36000001430511475,0.3512499928474426,0.3542500138282776,248948000
2011-12-27 00:00:00-05:00,0.3527500033378601,0.3569999933242798,0.3504999876022339,0.351500004529953,195712000
2011-12-28 00:00:00-05:00,0.351500004529953,0.35225000977516174,0.3425000011920929,0.34275001287460327,233960000
2011-12-29 00:00:00-05:00,0.3462499976158142,0.3499999940395355,0.3412500023841858,0.3492499887943268,211112000
2011-12-30 00:00:00-05:00,0.3479999899864197,0.351749986410141,0.34599998593330383,0.3465000092983246,186956000
2012-01-03 00:00:00-05:00,0.35749998688697815,0.36000001430511475,0.3502500057220459,0.35100001096725464,468044000
2012-01-04 00:00:00-05:00,0.3512499928474426,0.3564999997615814,0.3479999899864197,0.35499998927116394,347372000
2012-01-05 00:00:00-05:00,0.35324999690055847,0.3695000112056732,0.351749986410141,0.36774998903274536,563548000
2012-01-06 00:00:00-05:00,0.3675000071525574,0.36774998903274536,0.359250009059906,0.3634999990463257,533252000
2012-01-09 00:00:00-05:00,0.36375001072883606,0.37049999833106995,0.3610000014305115,0.3634999990463257,508244000
2012-01-10 00:00:00-05:00,0.36899998784065247,0.36924999952316284,0.359499990940094,0.3619999885559082,546328000
2012-01-11 00:00:00-05:00,0.35874998569488525,0.3619999885559082,0.35324999690055847,0.35475000739097595,484272000
2012-01-12 00:00:00-05:00,0.3555000126361847,0.3557499945163727,0.34474998712539673,0.35249999165534973,652364000
2012-01-13 00:00:00-05:00,0.3499999940395355,0.35074999928474426,0.34150001406669617,0.34325000643730164,504300000
2012-01-17 00:00:00-05:00,0.34850001335144043,0.34850001335144043,0.3375000059604645,0.33799999952316284,627176000
2012-01-18 00:00:00-05:00,0.34450000524520874,0.35225000977516174,0.34275001287460327,0.34950000047683716,632676000
2012-01-19 00:00:00-05:00,0.35249999165534973,0.359250009059906,0.3487499952316284,0.35874998569488525,608312000
2012-01-20 00:00:00-05:00,0.3582499921321869,0.36250001192092896,0.3542500138282776,0.3555000126361847,546272000
2012-01-23 00:00:00-05:00,0.3557499945163727,0.36550000309944153,0.3512499928474426,0.36524999141693115,562792000
2012-01-24 00:00:00-05:00,0.36274999380111694,0.375,0.36250001192092896,0.3734999895095825,730920000
2012-01-25 00:00:00-05:00,0.3634999990463257,0.3722499907016754,0.3529999852180481,0.3712500035762787,1274152000
2012-01-26 00:00:00-05:00,0.37674999237060547,0.38100001215934753,0.3657500147819519,0.36774998903274536,799672000
2012-01-27 00:00:00-05:00,0.36550000309944153,0.3747499883174896,0.36250001192092896,0.37275001406669617,449996000
2012-01-30 00:00:00-05:00,0.36625000834465027,0.37174999713897705,0.3607499897480011,0.3700000047683716,399076000
2012-01-31 00:00:00-05:00,0.3709999918937683,0.3712500035762787,0.36274999380111694,0.36924999952316284,357900000
2012-02-01 00:00:00-05:00,0.3734999895095825,0.3774999976158142,0.3682500123977661,0.37325000762939453,428020000
2012-02-02 00:00:00-05:00,0.3752500116825104,0.38874998688697815,0.3714999854564667,0.38725000619888306,696236000
2012-02-03 00:00:00-05:00,0.3930000066757202,0.3987500071525574,0.3922500014305115,0.3955000042915344,495232000
2012-02-06 00:00:00-05:00,0.3935000002384186,0.39399999380111694,0.3889999985694885,0.39250001311302185,278868000
2012-02-07 00:00:00-05:00,0.3930000066757202,0.3957499861717224,0.3865000009536743,0.3935000002384186,410296000
2012-02-08 00:00:00-05:00,0.3935000002384186,0.4154999852180481,0.39149999618530273,0.4077500104904175,847612000
2012-02-09 00:00:00-05:00,0.4127500057220459,0.41499999165534973,0.40674999356269836,0.4074999988079071,561944000
2012-02-10 00:00:00-05:00,0.4034999907016754,0.4050000011920929,0.39524999260902405,0.39750000834465027,440268000
2012-02-13 00:00:00-05:00,0.4074999988079071,0.4090000092983246,0.3955000042915344,0.4037500023841858,610668000
2012-02-14 00:00:00-05:00,0.4037500023841858,0.40950000286102295,0.40024998784065247,0.4059999883174896,453756000
2012-02-15 00:00:00-05:00,0.4097500145435333,0.42250001430511475,0.4032500088214874,0.40424999594688416,1110856000
2012-02-16 00:00:00-05:00,0.3765000104904175,0.41449999809265137,0.375,0.4112499952316284,1888588000
2012-02-17 00:00:00-05:00,0.4115000069141388,0.414249986410141,0.39250001311302185,0.39625000953674316,1020360000
2012-02-21 00:00:00-05:00,0.3959999978542328,0.40799999237060547,0.39524999260902405,0.398250013589859,518176000
2012-02-22 00:00:00-05:00,0.39625000953674316,0.4059999883174896,0.39500001072883606,0.3955000042915344,492432000
2012-02-23 00:00:00-05:00,0.39625000953674316,0.4000000059604645,0.38999998569488525,0.39774999022483826,323968000
2012-02-24 00:00:00-05:00,0.39899998903274536,0.3995000123977661,0.3930000066757202,0.3947499990463257,366668000
2012-02-27 00:00:00-05:00,0.38975000381469727,0.39149999618530273,0.3812499940395355,0.3867500126361847,745268000
2012-02-28 00:00:00-05:00,0.3867500126361847,0.39125001430511475,0.3792499899864197,0.38324999809265137,699884000
2012-02-29 00:00:00-05:00,0.38449999690055847,0.39100000262260437,0.3785000145435333,0.3787499964237213,689196000
2012-03-01 00:00:00-05:00,0.3802500069141388,0.3857499957084656,0.3787499964237213,0.3812499940395355,449944000
2012-03-02 00:00:00-05:00,0.3799999952316284,0.38999998569488525,0.3799999952316284,0.38449999690055847,684076000
2012-03-05 00:00:00-05:00,0.3817499876022339,0.3824999928474426,0.3687500059604645,0.3714999854564667,514848000
2012-03-06 00:00:00-05:00,0.367249995470047,0.37024998664855957,0.36149999499320984,0.36800000071525574,471400000
2012-03-07 00:00:00-05:00,0.3700000047683716,0.37174999713897705,0.36500000953674316,0.37024998664855957,441984000
2012-03-08 00:00:00-05:00,0.3712500035762787,0.3752500116825104,0.36924999952316284,0.3714999854564667,430852000
2012-03-09 00:00:00-05:00,0.3725000023841858,0.3752500116825104,0.3684999942779541,0.37049999833106995,367836000
2012-03-12 00:00:00-04:00,0.3720000088214874,0.37450000643730164,0.36375001072883606,0.3647499978542328,299948000
2012-03-13 00:00:00-04:00,0.36625000834465027,0.37174999713897705,0.3644999861717224,0.3697499930858612,553288000
2012-03-14 00:00:00-04:00,0.3697499930858612,0.37049999833106995,0.3580000102519989,0.359250009059906,735708000
2012-03-15 00:00:00-04:00,0.36024999618530273,0.36649999022483826,0.35899999737739563,0.3644999861717224,382380000
2012-03-16 00:00:00-04:00,0.3647499978542328,0.36649999022483826,0.36274999380111694,0.36500000953674316,428340000
2012-03-19 00:00:00-04:00,0.367000013589859,0.3687500059604645,0.3642500042915344,0.3659999966621399,405400000
2012-03-20 00:00:00-04:00,0.36399999260902405,0.36399999260902405,0.3567500114440918,0.36000001430511475,449616000
2012-03-21 00:00:00-04:00,0.36000001430511475,0.3647499978542328,0.35600000619888306,0.36149999499320984,467840000
2012-03-22 00:00:00-04:00,0.35874998569488525,0.36399999260902405,0.3577499985694885,0.3610000014305115,425372000
2012-03-23 00:00:00-04:00,0.36000001430511475,0.3647499978542328,0.35749998688697815,0.36375001072883606,315456000
2012-03-26 00:00:00-04:00,0.367249995470047,0.3697499930858612,0.36375001072883606,0.36800000071525574,288600000
2012-03-27 00:00:00-04:00,0.3695000112056732,0.375,0.3687500059604645,0.37049999833106995,419968000
2012-03-28 00:00:00-04:00,0.3752500116825104,0.3840000033378601,0.3725000023841858,0.3790000081062317,892448000
2012-03-29 00:00:00-04:00,0.3785000145435333,0.38374999165534973,0.3737500011920929,0.38075000047683716,372700000
2012-03-30 00:00:00-04:00,0.3840000033378601,0.38725000619888306,0.3785000145435333,0.38499999046325684,527240000
2012-04-02 00:00:00-04:00,0.3840000033378601,0.38725000619888306,0.3777500092983246,0.38324999809265137,407776000
2012-04-03 00:00:00-04:00,0.38600000739097595,0.3865000009536743,0.375,0.37700000405311584,430476000
2012-04-04 00:00:00-04:00,0.3712500035762787,0.37599998712539673,0.36399999260902405,0.36625000834465027,495896000
2012-04-05 00:00:00-04:00,0.36675000190734863,0.3712500035762787,0.3644999861717224,0.3657500147819519,369424000
2012-04-09 00:00:00-04:00,0.36000001430511475,0.3622500002384186,0.3540000021457672,0.3610000014305115,365504000
2012-04-10 00:00:00-04:00,0.359499990940094,0.3644999861717224,0.35225000977516174,0.3540000021457672,470360000
2012-04-11 00:00:00-04:00,0.35874998569488525,0.36625000834465027,0.35749998688697815,0.35850000381469727,372960000
2012-04-12 00:00:00-04:00,0.35899999737739563,0.36899998784065247,0.35749998688697815,0.367000013589859,384868000
2012-04-13 00:00:00-04:00,0.36375001072883606,0.3657500147819519,0.35374999046325684,0.3540000021457672,311324000
2012-04-16 00:00:00-04:00,0.3564999997615814,0.35749998688697815,0.3440000116825104,0.34975001215934753,463468000
2012-04-17 00:00:00-04:00,0.35074999928474426,0.35499998927116394,0.3492499887943268,0.3504999876022339,460696000
2012-04-18 00:00:00-04:00,0.34825000166893005,0.3499999940395355,0.3425000011920929,0.3467499911785126,400764000
2012-04-19 00:00:00-04:00,0.3422499895095825,0.3552500009536743,0.3397499918937683,0.34150001406669617,667188000
2012-04-20 00:00:00-04:00,0.3434999883174896,0.34450000524520874,0.33399999141693115,0.3347499966621399,509592000
2012-04-23 00:00:00-04:00,0.32899999618530273,0.3322499990463257,0.3227500021457672,0.3307499885559082,706244000
2012-04-24 00:00:00-04:00,0.3317500054836273,0.3345000147819519,0.3187499940395355,0.320499986410141,730440000
2012-04-25 00:00:00-04:00,0.3252499997615814,0.3294999897480011,0.3192499876022339,0.3269999921321869,727112000
2012-04-26 00:00:00-04:00,0.3267500102519989,0.33000001311302185,0.3244999945163727,0.32725000381469727,539208000
2012-04-27 00:00:00-04:00,0.3267500102519989,0.32875001430511475,0.32100000977516174,0.3244999945163727,475356000
2012-04-30 00:00:00-04:00,0.3227500021457672,0.3267500102519989,0.320499986410141,0.32499998807907104,262268000
2012-05-01 00:00:00-04:00,0.3232499957084656,0.33425000309944153,0.3232499957084656,0.3307499885559082,408680000
2012-05-02 00:00:00-04:00,0.3294999897480011,0.3307499885559082,0.31949999928474426,0.32124999165534973,684008000
2012-05-03 00:00:00-04:00,0.32199999690055847,0.3240000009536743,0.3137499988079071,0.31575000286102295,419536000
2012-05-04 00:00:00-04:00,0.3137499988079071,0.3154999911785126,0.30649998784065247,0.30649998784065247,545092000
2012-05-07 00:00:00-04:00,0.31200000643730164,0.31725001335144043,0.30924999713897705,0.31174999475479126,604440000
2012-05-08 00:00:00-04:00,0.3089999854564667,0.31349998712539673,0.3034999966621399,0.31150001287460327,462312000
2012-05-09 00:00:00-04:00,0.3059999942779541,0.3152500092983246,0.30300000309944153,0.3127500116825104,520608000
2012-05-10 00:00:00-04:00,0.31575000286102295,0.3162499964237213,0.30550000071525574,0.31049999594688416,597092000
2012-05-11 00:00:00-04:00,0.3362500071525574,0.34200000762939453,0.32899999618530273,0.33024999499320984,1435140000
2012-05-14 00:00:00-04:00,0.32749998569488525,0.3332499861717224,0.32074999809265137,0.328249990940094,437472000
2012-05-15 00:00:00-04:00,0.328249990940094,0.33550000190734863,0.32350000739097595,0.32499998807907104,599940000
2012-05-16 00:00:00-04:00,0.3255000114440918,0.3292500078678131,0.3174999952316284,0.31850001215934753,470484000
2012-05-17 00:00:00-04:00,0.31975001096725464,0.3227500021457672,0.3162499964237213,0.3162499964237213,335364000
2012-05-18 00:00:00-04:00,0.31700000166893005,0.31850001215934753,0.3005000054836273,0.3019999861717224,567288000
2012-05-21 00:00:00-04:00,0.30250000953674316,0.3087500035762787,0.3005000054836273,0.3072499930858612,416260000
2012-05-22 00:00:00-04:00,0.3070000112056732,0.3075000047683716,0.29899999499320984,0.3034999966621399,410140000
2012-05-23 00:00:00-04:00,0.30024999380111694,0.31150001287460327,0.2957499921321869,0.3109999895095825,496000000
2012-05-24 00:00:00-04:00,0.3127500116825104,0.31325000524520874,0.3005000054836273,0.30274999141693115,520420000
2012-05-25 00:00:00-04:00,0.30250000953674316,0.3125,0.30250000953674316,0.3100000023841858,391752000
2012-05-29 00:00:00-04:00,0.3149999976158142,0.3199999928474426,0.3137499988079071,0.3179999887943268,310000000
2012-05-30 00:00:00-04:00,0.31450000405311584,0.3167499899864197,0.3087500035762787,0.31424999237060547,379792000
2012-05-31 00:00:00-04:00,0.31424999237060547,0.3154999911785126,0.30674999952316284,0.31075000762939453,358192000
2012-06-01 00:00:00-04:00,0.30425000190734863,0.3072499930858612,0.29899999499320984,0.2994999885559082,440984000
2012-06-04 00:00:00-04:00,0.3009999990463257,0.30274999141693115,0.29074999690055847,0.2932499945163727,432856000
2012-06-05 00:00:00-04:00,0.2917500138282776,0.30250000953674316,0.2917500138282776,0.3017500042915344,365224000
2012-06-06 00:00:00-04:00,0.30399999022483826,0.31049999594688416,0.3017500042915344,0.3097499907016754,368968000
2012-06-07 00:00:00-04:00,0.31424999237060547,0.3160000145435333,0.296999990940094,0.29725000262260437,526780000
2012-06-08 00:00:00-04:00,0.2982499897480011,0.30399999022483826,0.29774999618530273,0.30300000309944153,370308000
2012-06-11 00:00:00-04:00,0.3127500116825104,0.31825000047683716,0.3057500123977661,0.30649998784065247,839080000
2012-06-12 00:00:00-04:00,0.3100000023841858,0.31575000286102295,0.3095000088214874,0.3127500116825104,496128000
2012-06-13 00:00:00-04:00,0.3125,0.31325000524520874,0.30300000309944153,0.304500013589859,494276000
2012-06-14 00:00:00-04:00,0.30399999022483826,0.30649998784065247,0.29774999618530273,0.3007499873638153,589884000
2012-06-15 00:00:00-04:00,0.30300000309944153,0.3075000047683716,0.30024999380111694,0.3072499930858612,385288000
2012-06-18 00:00:00-04:00,0.3050000071525574,0.3125,0.30250000953674316,0.3100000023841858,304424000
2012-06-19 00:00:00-04:00,0.3227500021457672,0.335750013589859,0.32124999165534973,0.3310000002384186,960476000
2012-06-20 00:00:00-04:00,0.33425000309944153,0.3425000011920929,0.3322499990463257,0.3362500071525574,972720000
2012-06-21 00:00:00-04:00,0.335999995470047,0.335999995470047,0.320250004529953,0.32100000977516174,516376000
2012-06-22 00:00:00-04:00,0.32499998807907104,0.32875001430511475,0.320499986410141,0.32499998807907104,865360000
2012-06-25 00:00:00-04:00,0.3252499997615814,0.32624998688697815,0.31349998712539673,0.31474998593330383,494616000
2012-06-26 00:00:00-04:00,0.3165000081062317,0.320499986410141,0.31200000643730164,0.31825000047683716,437152000
2012-06-27 00:00:00-04:00,0.31850001215934753,0.3307499885559082,0.31850001215934753,0.32850000262260437,506064000
2012-06-28 00:00:00-04:00,0.3255000114440918,0.3330000042915344,0.3227500021457672,0.3310000002384186,545896000
2012-06-29 00:00:00-04:00,0.3387500047683716,0.3462499976158142,0.3384999930858612,0.34549999237060547,616508000
2012-07-02 00:00:00-04:00,0.3472500145435333,0.3474999964237213,0.3334999978542328,0.3362500071525574,581684000
2012-07-03 00:00:00-04:00,0.3362500071525574,0.34575000405311584,0.335999995470047,0.3449999988079071,219284000
2012-07-05 00:00:00-04:00,0.34275001287460327,0.34424999356269836,0.3362500071525574,0.34150001406669617,280076000
2012-07-06 00:00:00-04:00,0.33899998664855957,0.3400000035762787,0.33125001192092896,0.33500000834465027,382760000
2012-07-09 00:00:00-04:00,0.3330000042915344,0.3345000147819519,0.32774999737739563,0.3305000066757202,306336000
2012-07-10 00:00:00-04:00,0.3269999921321869,0.33675000071525574,0.3179999887943268,0.320499986410141,512028000
2012-07-11 00:00:00-04:00,0.3215000033378601,0.3255000114440918,0.3137499988079071,0.3152500092983246,485216000
2012-07-12 00:00:00-04:00,0.31174999475479126,0.3122499883174896,0.3072499930858612,0.3100000023841858,472160000
2012-07-13 00:00:00-04:00,0.31025001406669617,0.3154999911785126,0.3082500100135803,0.3140000104904175,324260000
2012-07-16 00:00:00-04:00,0.31200000643730164,0.3174999952316284,0.3089999854564667,0.3149999976158142,334460000
2012-07-17 00:00:00-04:00,0.3160000145435333,0.3177500069141388,0.30399999022483826,0.30924999713897705,447476000
2012-07-18 00:00:00-04:00,0.3084999918937683,0.3310000002384186,0.3070000112056732,0.3264999985694885,616008000
2012-07-19 00:00:00-04:00,0.32875001430511475,0.33399999141693115,0.3264999985694885,0.3297500014305115,403036000
2012-07-20 00:00:00-04:00,0.32774999737739563,0.33000001311302185,0.3167499899864197,0.320250004529953,451000000
2012-07-23 00:00:00-04:00,0.31174999475479126,0.3267500102519989,0.3082500100135803,0.3244999945163727,451584000
2012-07-24 00:00:00-04:00,0.32499998807907104,0.3269999921321869,0.31725001335144043,0.32100000977516174,351164000
2012-07-25 00:00:00-04:00,0.3199999928474426,0.3305000066757202,0.31850001215934753,0.32725000381469727,415044000
2012-07-26 00:00:00-04:00,0.3332499861717224,0.3370000123977661,0.32624998688697815,0.32875001430511475,338440000
2012-07-27 00:00:00-04:00,0.33000001311302185,0.33799999952316284,0.32749998569488525,0.3370000123977661,376516000
2012-07-30 00:00:00-04:00,0.3370000123977661,0.3412500023841858,0.3305000066757202,0.3332499861717224,363552000
2012-07-31 00:00:00-04:00,0.3332499861717224,0.34325000643730164,0.33274999260902405,0.3384999930858612,387788000
2012-08-01 00:00:00-04:00,0.34049999713897705,0.34375,0.3332499861717224,0.3347499966621399,335912000
2012-08-02 00:00:00-04:00,0.3330000042915344,0.3409999907016754,0.32749998569488525,0.335999995470047,367912000
2012-08-03 00:00:00-04:00,0.3412500023841858,0.3465000092983246,0.3332499861717224,0.34299999475479126,326548000
2012-08-06 00:00:00-04:00,0.3462499976158142,0.35199999809265137,0.34575000405311584,0.3502500057220459,360324000
2012-08-07 00:00:00-04:00,0.3544999957084656,0.35749998688697815,0.351749986410141,0.35374999046325684,407340000
2012-08-08 00:00:00-04:00,0.35350000858306885,0.359499990940094,0.35249999165534973,0.3557499945163727,517064000
2012-08-09 00:00:00-04:00,0.35624998807907104,0.3684999942779541,0.3557499945163727,0.36774998903274536,822300000
2012-08-10 00:00:00-04:00,0.3774999976158142,0.3804999887943268,0.3607499897480011,0.36550000309944153,1278744000
2012-08-13 00:00:00-04:00,0.3659999966621399,0.37049999833106995,0.3644999861717224,0.37024998664855957,447244000
2012-08-14 00:00:00-04:00,0.3714999854564667,0.3720000088214874,0.3632499873638153,0.3647499978542328,388828000
2012-08-15 00:00:00-04:00,0.3659999966621399,0.36899998784065247,0.36024999618530273,0.3619999885559082,594404000
2012-08-16 00:00:00-04:00,0.36524999141693115,0.3707500100135803,0.36399999260902405,0.3695000112056732,371008000
2012-08-17 00:00:00-04:00,0.3695000112056732,0.3695000112056732,0.3630000054836273,0.36625000834465027,309864000
2012-08-20 00:00:00-04:00,0.36500000953674316,0.36675000190734863,0.3607499897480011,0.36625000834465027,314392000
2012-08-21 00:00:00-04:00,0.3675000071525574,0.3697499930858612,0.36149999499320984,0.36524999141693115,340248000
2012-08-22 00:00:00-04:00,0.3630000054836273,0.3675000071525574,0.3617500066757202,0.3659999966621399,313556000
2012-08-23 00:00:00-04:00,0.36524999141693115,0.36550000309944153,0.35624998807907104,0.3577499985694885,379040000
2012-08-24 00:00:00-04:00,0.3577499985694885,0.36675000190734863,0.3569999933242798,0.36500000953674316,347724000
2012-08-27 00:00:00-04:00,0.3647499978542328,0.3657500147819519,0.35850000381469727,0.35874998569488525,340944000
2012-08-28 00:00:00-04:00,0.35600000619888306,0.3607499897480011,0.3552500009536743,0.35725000500679016,310764000
2012-08-29 00:00:00-04:00,0.3569999933242798,0.36024999618530273,0.35624998807907104,0.3580000102519989,250412000
2012-08-30 00:00:00-04:00,0.35725000500679016,0.35850000381469727,0.34950000047683716,0.3512499928474426,307488000
2012-08-31 00:00:00-04:00,0.35374999046325684,0.35624998807907104,0.3472500145435333,0.35074999928474426,485064000
2012-09-04 00:00:00-04:00,0.3449999988079071,0.3462499976158142,0.32875001430511475,0.3319999873638153,694452000
2012-09-05 00:00:00-04:00,0.3332499861717224,0.33799999952316284,0.3294999897480011,0.3330000042915344,480256000
2012-09-06 00:00:00-04:00,0.33550000190734863,0.35225000977516174,0.33524999022483826,0.34325000643730164,657296000
2012-09-07 00:00:00-04:00,0.3345000147819519,0.3372499942779541,0.32374998927116394,0.33500000834465027,781064000
2012-09-10 00:00:00-04:00,0.33425000309944153,0.33899998664855957,0.33125001192092896,0.3319999873638153,371108000
2012-09-11 00:00:00-04:00,0.3317500054836273,0.3412500023841858,0.3305000066757202,0.335999995470047,382808000
2012-09-12 00:00:00-04:00,0.3387500047683716,0.34150001406669617,0.33550000190734863,0.3397499918937683,322608000
2012-09-13 00:00:00-04:00,0.34275001287460327,0.3440000116825104,0.33550000190734863,0.34200000762939453,433836000
2012-09-14 00:00:00-04:00,0.34174999594688416,0.35199999809265137,0.34174999594688416,0.34599998593330383,339468000
2012-09-17 00:00:00-04:00,0.3467499911785126,0.3467499911785126,0.33274999260902405,0.33649998903274536,493348000
2012-09-18 00:00:00-04:00,0.33274999260902405,0.34275001287460327,0.33250001072883606,0.3387500047683716,359952000
2012-09-19 00:00:00-04:00,0.3395000100135803,0.3474999964237213,0.33550000190734863,0.34275001287460327,451936000
2012-09-20 00:00:00-04:00,0.34200000762939453,0.34375,0.3375000059604645,0.3402499854564667,320596000
2012-09-21 00:00:00-04:00,0.3407500088214874,0.34375,0.3395000100135803,0.34174999594688416,340136000
2012-09-24 00:00:00-04:00,0.3362500071525574,0.34200000762939453,0.335750013589859,0.34150001406669617,357832000
2012-09-25 00:00:00-04:00,0.34599998593330383,0.3474999964237213,0.3347499966621399,0.33524999022483826,481544000
2012-09-26 00:00:00-04:00,0.33399999141693115,0.33425000309944153,0.3255000114440918,0.3294999897480011,436812000
2012-09-27 00:00:00-04:00,0.33024999499320984,0.33250001072883606,0.32749998569488525,0.3319999873638153,558888000
2012-09-28 00:00:00-04:00,0.3305000066757202,0.3382500112056732,0.32624998688697815,0.3334999978542328,485508000
2012-10-01 00:00:00-04:00,0.33500000834465027,0.3370000123977661,0.3267500102519989,0.328000009059906,504236000
2012-10-02 00:00:00-04:00,0.33024999499320984,0.33024999499320984,0.3255000114440918,0.3292500078678131,295492000
2012-10-03 00:00:00-04:00,0.33000001311302185,0.3310000002384186,0.3242500126361847,0.32600000500679016,430872000
2012-10-04 00:00:00-04:00,0.3267500102519989,0.3425000011920929,0.32499998807907104,0.34049999713897705,502608000
2012-10-05 00:00:00-04:00,0.34150001406669617,0.3449999988079071,0.33125001192092896,0.33250001072883606,483068000
2012-10-08 00:00:00-04:00,0.33125001192092896,0.33274999260902405,0.3267500102519989,0.3292500078678131,240596000
2012-10-09 00:00:00-04:00,0.32875001430511475,0.3297500014305115,0.32124999165534973,0.32225000858306885,366360000
2012-10-10 00:00:00-04:00,0.32074999809265137,0.32225000858306885,0.3154999911785126,0.3167499899864197,326568000
2012-10-11 00:00:00-04:00,0.31975001096725464,0.32074999809265137,0.3160000145435333,0.31850001215934753,320516000
2012-10-12 00:00:00-04:00,0.3162499964237213,0.3187499940395355,0.3137499988079071,0.31575000286102295,260696000
2012-10-15 00:00:00-04:00,0.3162499964237213,0.3199999928474426,0.3125,0.31975001096725464,249580000
2012-10-16 00:00:00-04:00,0.32249999046325684,0.33000001311302185,0.31949999928474426,0.32899999618530273,367696000
2012-10-17 00:00:00-04:00,0.32499998807907104,0.328000009059906,0.3217499852180481,0.3264999985694885,391752000
2012-10-18 00:00:00-04:00,0.3257499933242798,0.3257499933242798,0.320250004529953,0.3215000033378601,254772000
2012-10-19 00:00:00-04:00,0.3167499899864197,0.3190000057220459,0.3009999990463257,0.30274999141693115,709412000
2012-10-22 00:00:00-04:00,0.30399999022483826,0.3057500123977661,0.296750009059906,0.2992500066757202,480840000
2012-10-23 00:00:00-04:00,0.29649999737739563,0.31025001406669617,0.2957499921321869,0.3082500100135803,573948000
2012-10-24 00:00:00-04:00,0.31025001406669617,0.31150001287460327,0.30125001072883606,0.30425000190734863,332916000
2012-10-25 00:00:00-04:00,0.30674999952316284,0.3100000023841858,0.3032500147819519,0.304500013589859,307356000
2012-10-26 00:00:00-04:00,0.3050000071525574,0.30674999952316284,0.30125001072883606,0.30125001072883606,389376000
2012-10-31 00:00:00-04:00,0.30250000953674316,0.3050000071525574,0.29875001311302185,0.2994999885559082,347112000
2012-11-01 00:00:00-04:00,0.3009999990463257,0.3140000104904175,0.3007499873638153,0.3137499988079071,473220000
2012-11-02 00:00:00-04:00,0.31700000166893005,0.3174999952316284,0.31025001406669617,0.3122499883174896,256700000
2012-11-05 00:00:00-05:00,0.31150001287460327,0.3267500102519989,0.31150001287460327,0.3255000114440918,444840000
2012-11-06 00:00:00-05:00,0.32624998688697815,0.32624998688697815,0.31975001096725464,0.3252499997615814,350804000
2012-11-07 00:00:00-05:00,0.3227500021457672,0.32475000619888306,0.3137499988079071,0.3152500092983246,324620000
2012-11-08 00:00:00-05:00,0.3187499940395355,0.3269999921321869,0.3162499964237213,0.31700000166893005,839024000
2012-11-09 00:00:00-05:00,0.3187499940395355,0.32249999046325684,0.30375000834465027,0.304749995470047,846280000
2012-11-12 00:00:00-05:00,0.30524998903274536,0.30649998784065247,0.29499998688697815,0.2980000078678131,643624000
2012-11-13 00:00:00-05:00,0.29649999737739563,0.3032500147819519,0.2955000102519989,0.2957499921321869,492120000
2012-11-14 00:00:00-05:00,0.29750001430511475,0.3005000054836273,0.28824999928474426,0.28850001096725464,619300000
2012-11-15 00:00:00-05:00,0.2902500033378601,0.29774999618530273,0.2877500057220459,0.28975000977516174,466688000
2012-11-16 00:00:00-05:00,0.28975000977516174,0.29074999690055847,0.2787500023841858,0.28450000286102295,624552000
2012-11-19 00:00:00-05:00,0.28975000977516174,0.29350000619888306,0.2862499952316284,0.29249998927116394,404092000
2012-11-20 00:00:00-05:00,0.28949999809265137,0.29074999690055847,0.2842499911785126,0.28725001215934753,336976000
2012-11-21 00:00:00-05:00,0.28725001215934753,0.29624998569488525,0.28700000047683716,0.2955000102519989,422312000
2012-11-23 00:00:00-05:00,0.296750009059906,0.3009999990463257,0.2952499985694885,0.29750001430511475,276932000
2012-11-26 00:00:00-05:00,0.2980000078678131,0.3034999966621399,0.29750001430511475,0.30274999141693115,364600000
2012-11-27 00:00:00-05:00,0.30149999260902405,0.3084999918937683,0.29899999499320984,0.30399999022483826,451404000
2012-11-28 00:00:00-05:00,0.30274999141693115,0.30799999833106995,0.29899999499320984,0.30649998784065247,398332000
2012-11-29 00:00:00-05:00,0.3070000112056732,0.3084999918937683,0.30000001192092896,0.3009999990463257,488688000
2012-11-30 00:00:00-05:00,0.3007499873638153,0.30300000309944153,0.29750001430511475,0.2992500066757202,460504000
2012-12-03 00:00:00-05:00,0.30300000309944153,0.30300000309944153,0.2930000126361847,0.29374998807907104,391380000
2012-12-04 00:00:00-05:00,0.2942500114440918,0.30300000309944153,0.29249998927116394,0.30250000953674316,528068000
2012-12-05 00:00:00-05:00,0.30000001192092896,0.3019999861717224,0.29475000500679016,0.29899999499320984,633024000
2012-12-06 00:00:00-05:00,0.2982499897480011,0.30149999260902405,0.29725000262260437,0.2994999885559082,412896000
2012-12-07 00:00:00-05:00,0.2997500002384186,0.30125001072883606,0.2955000102519989,0.29899999499320984,338288000
2012-12-10 00:00:00-05:00,0.29899999499320984,0.3112500011920929,0.2982499897480011,0.3089999854564667,513644000
2012-12-11 00:00:00-05:00,0.3100000023841858,0.320250004529953,0.30924999713897705,0.3162499964237213,816724000
2012-12-12 00:00:00-05:00,0.31725001335144043,0.3190000057220459,0.31174999475479126,0.31299999356269836,399404000
2012-12-13 00:00:00-05:00,0.3125,0.3192499876022339,0.31025001406669617,0.31325000524520874,377556000
2012-12-14 00:00:00-05:00,0.31450000405311584,0.3179999887943268,0.3122499883174896,0.31474998593330383,338660000
2012-12-17 00:00:00-05:00,0.3140000104904175,0.31575000286102295,0.3087500035762787,0.31349998712539673,445232000
2012-12-18 00:00:00-05:00,0.31349998712539673,0.3174999952316284,0.3125,0.3140000104904175,416436000
2012-12-19 00:00:00-05:00,0.3162499964237213,0.3199999928474426,0.3149999976158142,0.3162499964237213,458544000
2012-12-20 00:00:00-05:00,0.3174999952316284,0.3177500069141388,0.3125,0.3160000145435333,334332000
2012-12-21 00:00:00-05:00,0.31174999475479126,0.31174999475479126,0.30524998903274536,0.3087500035762787,462172000
2012-12-24 00:00:00-05:00,0.3084999918937683,0.3095000088214874,0.30524998903274536,0.3062500059604645,127376000
2012-12-26 00:00:00-05:00,0.30550000071525574,0.31049999594688416,0.304749995470047,0.3059999942779541,196740000
2012-12-27 00:00:00-05:00,0.30649998784065247,0.3070000112056732,0.3005000054836273,0.30399999022483826,299804000
2012-12-28 00:00:00-05:00,0.30125001072883606,0.3072499930858612,0.3007499873638153,0.30250000953674316,220600000
2012-12-31 00:00:00-05:00,0.30149999260902405,0.30774998664855957,0.3007499873638153,0.30649998784065247,326460000
2013-01-02 00:00:00-05:00,0.3140000104904175,0.31825000047683716,0.3127500116825104,0.3179999887943268,478836000
2013-01-03 00:00:00-05:00,0.3179999887943268,0.3217499852180481,0.31450000405311584,0.31825000047683716,298888000
2013-01-04 00:00:00-05:00,0.3187499940395355,0.3297500014305115,0.3177500069141388,0.32875001430511475,524968000
2013-01-07 00:00:00-05:00,0.32850000262260437,0.3294999897480011,0.31700000166893005,0.3192499876022339,610732000
2013-01-08 00:00:00-05:00,0.3199999928474426,0.32100000977516174,0.3100000023841858,0.3122499883174896,466424000
2013-01-09 00:00:00-05:00,0.31474998593330383,0.3162499964237213,0.3032500147819519,0.30524998903274536,695020000
2013-01-10 00:00:00-05:00,0.30799999833106995,0.3095000088214874,0.30399999022483826,0.3057500123977661,506368000
2013-01-11 00:00:00-05:00,0.3070000112056732,0.3072499930858612,0.3022499978542328,0.30524998903274536,513172000
2013-01-14 00:00:00-05:00,0.3072499930858612,0.3072499930858612,0.30149999260902405,0.3050000071525574,305684000
2013-01-15 00:00:00-05:00,0.3034999966621399,0.3034999966621399,0.29774999618530273,0.2994999885559082,375888000
2013-01-16 00:00:00-05:00,0.29899999499320984,0.304749995470047,0.29899999499320984,0.3022499978542328,337376000
2013-01-17 00:00:00-05:00,0.3032500147819519,0.3075000047683716,0.30250000953674316,0.3062500059604645,580736000
2013-01-18 00:00:00-05:00,0.3062500059604645,0.3062500059604645,0.3005000054836273,0.30425000190734863,397088000
2013-01-22 00:00:00-05:00,0.30399999022483826,0.30674999952316284,0.30125001072883606,0.30274999141693115,308224000
2013-01-23 00:00:00-05:00,0.30375000834465027,0.30399999022483826,0.30000001192092896,0.3032500147819519,421808000
2013-01-24 00:00:00-05:00,0.3022499978542328,0.3059999942779541,0.3007499873638153,0.304749995470047,396980000
2013-01-25 00:00:00-05:00,0.30524998903274536,0.31049999594688416,0.30375000834465027,0.31025001406669617,393920000
2013-01-28 00:00:00-05:00,0.31174999475479126,0.31725001335144043,0.3109999895095825,0.3152500092983246,422492000
2013-01-29 00:00:00-05:00,0.3140000104904175,0.31474998593330383,0.3072499930858612,0.3084999918937683,388872000
2013-01-30 00:00:00-05:00,0.3087500035762787,0.31299999356269836,0.3070000112056732,0.30799999833106995,287592000
2013-01-31 00:00:00-05:00,0.30799999833106995,0.31150001287460327,0.304500013589859,0.30649998784065247,470544000
2013-02-01 00:00:00-05:00,0.3089999854564667,0.31025001406669617,0.30649998784065247,0.30924999713897705,288816000
2013-02-04 00:00:00-05:00,0.3075000047683716,0.3137499988079071,0.30375000834465027,0.30399999022483826,511744000
2013-02-05 00:00:00-05:00,0.30550000071525574,0.3127500116825104,0.304500013589859,0.3109999895095825,367296000
2013-02-06 00:00:00-05:00,0.3034999966621399,0.3109999895095825,0.3017500042915344,0.3084999918937683,530688000
2013-02-07 00:00:00-05:00,0.3075000047683716,0.3100000023841858,0.30425000190734863,0.3072499930858612,440000000
2013-02-08 00:00:00-05:00,0.30924999713897705,0.31174999475479126,0.3072499930858612,0.30924999713897705,307232000
2013-02-11 00:00:00-05:00,0.31174999475479126,0.3160000145435333,0.3087500035762787,0.3127500116825104,408308000
2013-02-12 00:00:00-05:00,0.3100000023841858,0.31424999237060547,0.3095000088214874,0.31075000762939453,277804000
2013-02-13 00:00:00-05:00,0.3109999895095825,0.3167499899864197,0.3082500100135803,0.30924999713897705,856396000
2013-02-14 00:00:00-05:00,0.3050000071525574,0.31850001215934753,0.30125001072883606,0.31825000047683716,882096000
2013-02-15 00:00:00-05:00,0.3174999952316284,0.31975001096725464,0.3112500011920929,0.31825000047683716,733860000
2013-02-19 00:00:00-05:00,0.31850001215934753,0.3187499940395355,0.31200000643730164,0.3140000104904175,433552000
2013-02-20 00:00:00-05:00,0.3149999976158142,0.3199999928474426,0.3084999918937683,0.3095000088214874,713012000
2013-02-21 00:00:00-05:00,0.3089999854564667,0.3125,0.30649998784065247,0.3072499930858612,580408000
2013-02-22 00:00:00-05:00,0.30924999713897705,0.31325000524520874,0.3075000047683716,0.31299999356269836,370148000
2013-02-25 00:00:00-05:00,0.3137499988079071,0.3162499964237213,0.3070000112056732,0.3075000047683716,644444000
2013-02-26 00:00:00-05:00,0.3062500059604645,0.3109999895095825,0.30524998903274536,0.30924999713897705,487504000
2013-02-27 00:00:00-05:00,0.30924999713897705,0.31725001335144043,0.3084999918937683,0.3149999976158142,476980000
2013-02-28 00:00:00-05:00,0.3140000104904175,0.32124999165534973,0.3127500116825104,0.3165000081062317,591392000
2013-03-01 00:00:00-05:00,0.31424999237060547,0.3187499940395355,0.31150001287460327,0.3177500069141388,389396000
2013-03-04 00:00:00-05:00,0.3154999911785126,0.31949999928474426,0.31299999356269836,0.3165000081062317,353680000
2013-03-05 00:00:00-05:00,0.31825000047683716,0.320499986410141,0.3167499899864197,0.3199999928474426,366168000
2013-03-06 00:00:00-05:00,0.32199999690055847,0.32499998807907104,0.31825000047683716,0.31975001096725464,342928000
2013-03-07 00:00:00-05:00,0.3215000033378601,0.32475000619888306,0.31725001335144043,0.3190000057220459,314824000
2013-03-08 00:00:00-05:00,0.31975001096725464,0.32199999690055847,0.31825000047683716,0.320499986410141,246464000
2013-03-11 00:00:00-04:00,0.31725001335144043,0.3187499940395355,0.31474998593330383,0.3174999952316284,299748000
2013-03-12 00:00:00-04:00,0.31700000166893005,0.31949999928474426,0.3140000104904175,0.31850001215934753,310856000
2013-03-13 00:00:00-04:00,0.31850001215934753,0.3240000009536743,0.3154999911785126,0.31850001215934753,485840000
2013-03-14 00:00:00-04:00,0.320499986410141,0.3215000033378601,0.3167499899864197,0.3187499940395355,383304000
2013-03-15 00:00:00-04:00,0.3187499940395355,0.3187499940395355,0.31474998593330383,0.3160000145435333,355776000
2013-03-18 00:00:00-04:00,0.3140000104904175,0.3167499899864197,0.31150001287460327,0.3137499988079071,298312000
2013-03-19 00:00:00-04:00,0.3140000104904175,0.3154999911785126,0.3095000088214874,0.31174999475479126,355480000
2013-03-20 00:00:00-04:00,0.31474998593330383,0.3165000081062317,0.31200000643730164,0.3154999911785126,340588000
2013-03-21 00:00:00-04:00,0.3137499988079071,0.31424999237060547,0.3100000023841858,0.31049999594688416,339032000
2013-03-22 00:00:00-04:00,0.31150001287460327,0.31325000524520874,0.31025001406669617,0.31200000643730164,232476000
2013-03-25 00:00:00-04:00,0.3137499988079071,0.3140000104904175,0.30799999833106995,0.31025001406669617,362076000
2013-03-26 00:00:00-04:00,0.3109999895095825,0.3127500116825104,0.3097499907016754,0.3125,232540000
2013-03-27 00:00:00-04:00,0.3112500011920929,0.3179999887943268,0.31049999594688416,0.3162499964237213,254944000
2013-03-28 00:00:00-04:00,0.3154999911785126,0.32100000977516174,0.31325000524520874,0.32074999809265137,349276000
2013-04-01 00:00:00-04:00,0.3199999928474426,0.3199999928474426,0.30799999833106995,0.31025001406669617,442828000
2013-04-02 00:00:00-04:00,0.31049999594688416,0.3112500011920929,0.3050000071525574,0.3070000112056732,371524000
2013-04-03 00:00:00-04:00,0.30649998784065247,0.3082500100135803,0.3009999990463257,0.3032500147819519,353156000
2013-04-04 00:00:00-04:00,0.3022499978542328,0.3072499930858612,0.30125001072883606,0.3062500059604645,294676000
2013-04-05 00:00:00-04:00,0.3017500042915344,0.31150001287460327,0.3009999990463257,0.31150001287460327,551352000
2013-04-08 00:00:00-04:00,0.31174999475479126,0.31174999475479126,0.3050000071525574,0.31075000762939453,326660000
2013-04-09 00:00:00-04:00,0.3109999895095825,0.3179999887943268,0.3087500035762787,0.31575000286102295,380584000
2013-04-10 00:00:00-04:00,0.3160000145435333,0.32124999165534973,0.3152500092983246,0.32074999809265137,384688000
2013-04-11 00:00:00-04:00,0.3162499964237213,0.32124999165534973,0.3075000047683716,0.3192499876022339,969220000
2013-04-12 00:00:00-04:00,0.32074999809265137,0.3307499885559082,0.3179999887943268,0.32725000381469727,770548000
2013-04-15 00:00:00-04:00,0.32624998688697815,0.32725000381469727,0.31850001215934753,0.320499986410141,430420000
2013-04-16 00:00:00-04:00,0.32350000739097595,0.32624998688697815,0.3217499852180481,0.3240000009536743,468844000
2013-04-17 00:00:00-04:00,0.3215000033378601,0.3244999945163727,0.3177500069141388,0.31975001096725464,532948000
2013-04-18 00:00:00-04:00,0.320499986410141,0.32249999046325684,0.31349998712539673,0.31349998712539673,402548000
2013-04-19 00:00:00-04:00,0.31325000524520874,0.3152500092983246,0.30924999713897705,0.31424999237060547,303028000
2013-04-22 00:00:00-04:00,0.3140000104904175,0.3174999952316284,0.31150001287460327,0.31474998593330383,245568000
2013-04-23 00:00:00-04:00,0.3174999952316284,0.32624998688697815,0.31700000166893005,0.3230000138282776,376948000
2013-04-24 00:00:00-04:00,0.3240000009536743,0.33675000071525574,0.32374998927116394,0.33399999141693115,556556000
2013-04-25 00:00:00-04:00,0.335750013589859,0.3375000059604645,0.33274999260902405,0.33675000071525574,353224000
2013-04-26 00:00:00-04:00,0.3362500071525574,0.33675000071525574,0.3334999978542328,0.33524999022483826,324332000
2013-04-29 00:00:00-04:00,0.335750013589859,0.34049999713897705,0.33425000309944153,0.33924999833106995,269712000
2013-04-30 00:00:00-04:00,0.3400000035762787,0.34424999356269836,0.33774998784065247,0.34424999356269836,276712000
2013-05-01 00:00:00-04:00,0.34424999356269836,0.3465000092983246,0.3400000035762787,0.3412500023841858,341316000
2013-05-02 00:00:00-04:00,0.3409999907016754,0.3462499976158142,0.33899998664855957,0.3452500104904175,323480000
2013-05-03 00:00:00-04:00,0.3474999964237213,0.3492499887943268,0.34549999237060547,0.3467499911785126,293864000
2013-05-06 00:00:00-04:00,0.3467499911785126,0.3487499952316284,0.34375,0.34575000405311584,217116000
2013-05-07 00:00:00-04:00,0.34575000405311584,0.3465000092983246,0.33799999952316284,0.3412500023841858,448068000
2013-05-08 00:00:00-04:00,0.34174999594688416,0.34950000047683716,0.34049999713897705,0.3474999964237213,334032000
2013-05-09 00:00:00-04:00,0.3412500023841858,0.3492499887943268,0.3407500088214874,0.3477500081062317,566800000
2013-05-10 00:00:00-04:00,0.35499998927116394,0.36500000953674316,0.35499998927116394,0.3634999990463257,861136000
2013-05-13 00:00:00-04:00,0.3610000014305115,0.36250001192092896,0.3544999957084656,0.35600000619888306,289812000
2013-05-14 00:00:00-04:00,0.36024999618530273,0.3642500042915344,0.3567500114440918,0.36125001311302185,454140000
2013-05-15 00:00:00-04:00,0.359499990940094,0.3687500059604645,0.359499990940094,0.3675000071525574,313172000
2013-05-16 00:00:00-04:00,0.367000013589859,0.3707500100135803,0.3644999861717224,0.3657500147819519,308368000
2013-05-17 00:00:00-04:00,0.3675000071525574,0.37424999475479126,0.3647499978542328,0.37174999713897705,312116000
2013-05-20 00:00:00-04:00,0.37024998664855957,0.3725000023841858,0.36899998784065247,0.3709999918937683,236380000
2013-05-21 00:00:00-04:00,0.3712500035762787,0.37450000643730164,0.367000013589859,0.37299999594688416,357784000
2013-05-22 00:00:00-04:00,0.37450000643730164,0.37450000643730164,0.35850000381469727,0.36000001430511475,480404000
2013-05-23 00:00:00-04:00,0.3557499945163727,0.367000013589859,0.35475000739097595,0.3657500147819519,393884000
2013-05-24 00:00:00-04:00,0.36375001072883606,0.36675000190734863,0.359499990940094,0.3634999990463257,283304000
2013-05-28 00:00:00-04:00,0.36625000834465027,0.367249995470047,0.35975000262260437,0.3632499873638153,279300000
2013-05-29 00:00:00-04:00,0.3610000014305115,0.3632499873638153,0.359499990940094,0.3610000014305115,335052000
2013-05-30 00:00:00-04:00,0.3605000078678131,0.3695000112056732,0.359499990940094,0.3657500147819519,284504000
2013-05-31 00:00:00-04:00,0.36375001072883606,0.36899998784065247,0.3617500066757202,0.3617500066757202,577508000
2013-06-03 00:00:00-04:00,0.3622500002384186,0.36500000953674316,0.35374999046325684,0.36125001311302185,444468000
2013-06-04 00:00:00-04:00,0.3634999990463257,0.3700000047683716,0.359499990940094,0.3617500066757202,363676000
2013-06-05 00:00:00-04:00,0.36125001311302185,0.36399999260902405,0.3529999852180481,0.3540000021457672,464520000
2013-06-06 00:00:00-04:00,0.3540000021457672,0.35899999737739563,0.35374999046325684,0.35624998807907104,341044000
2013-06-07 00:00:00-04:00,0.35874998569488525,0.3634999990463257,0.35725000500679016,0.36125001311302185,274584000
2013-06-10 00:00:00-04:00,0.36024999618530273,0.3632499873638153,0.3582499921321869,0.3610000014305115,224148000
2013-06-11 00:00:00-04:00,0.35624998807907104,0.36125001311302185,0.3542500138282776,0.3542500138282776,296336000
2013-06-12 00:00:00-04:00,0.35600000619888306,0.35899999737739563,0.3492499887943268,0.3512499928474426,312588000
2013-06-13 00:00:00-04:00,0.3499999940395355,0.3610000014305115,0.34975001215934753,0.359250009059906,236256000
2013-06-14 00:00:00-04:00,0.3605000078678131,0.3610000014305115,0.35624998807907104,0.35874998569488525,236012000
2013-06-17 00:00:00-04:00,0.36149999499320984,0.36550000309944153,0.359499990940094,0.3622500002384186,255336000
2013-06-18 00:00:00-04:00,0.36399999260902405,0.36800000071525574,0.3569999933242798,0.36000001430511475,486772000
2013-06-19 00:00:00-04:00,0.3632499873638153,0.3869999945163727,0.3619999885559082,0.3709999918937683,1159588000
2013-06-20 00:00:00-04:00,0.36800000071525574,0.3684999942779541,0.35850000381469727,0.3610000014305115,628696000
2013-06-21 00:00:00-04:00,0.3630000054836273,0.3642500042915344,0.3544999957084656,0.3605000078678131,714228000
2013-06-24 00:00:00-04:00,0.3552500009536743,0.35975000262260437,0.3477500081062317,0.3529999852180481,580772000
2013-06-25 00:00:00-04:00,0.3567500114440918,0.35749998688697815,0.351749986410141,0.3555000126361847,457360000
2013-06-26 00:00:00-04:00,0.359499990940094,0.36000001430511475,0.35199999809265137,0.35350000858306885,579752000
2013-06-27 00:00:00-04:00,0.3544999957084656,0.35499998927116394,0.3465000092983246,0.3502500057220459,808036000
2013-06-28 00:00:00-04:00,0.3502500057220459,0.3544999957084656,0.34575000405311584,0.35100001096725464,431536000
2013-07-01 00:00:00-04:00,0.35350000858306885,0.3542500138282776,0.3502500057220459,0.35249999165534973,199524000
2013-07-02 00:00:00-04:00,0.3504999876022339,0.35749998688697815,0.3490000069141388,0.35225000977516174,256392000
2013-07-03 00:00:00-04:00,0.3492499887943268,0.35749998688697815,0.3492499887943268,0.35324999690055847,140388000
2013-07-05 00:00:00-04:00,0.3542500138282776,0.3567500114440918,0.35199999809265137,0.35600000619888306,184684000
2013-07-08 00:00:00-04:00,0.3569999933242798,0.35874998569488525,0.35225000977516174,0.3542500138282776,262084000
2013-07-09 00:00:00-04:00,0.35499998927116394,0.3582499921321869,0.3540000021457672,0.35600000619888306,157364000
2013-07-10 00:00:00-04:00,0.35600000619888306,0.3617500066757202,0.35499998927116394,0.3607499897480011,208468000
2013-07-11 00:00:00-04:00,0.36274999380111694,0.36625000834465027,0.3619999885559082,0.3657500147819519,239832000
2013-07-12 00:00:00-04:00,0.36500000953674316,0.3695000112056732,0.36375001072883606,0.3659999966621399,216360000
2013-07-15 00:00:00-04:00,0.36675000190734863,0.36675000190734863,0.359499990940094,0.36524999141693115,201332000
2013-07-16 00:00:00-04:00,0.36675000190734863,0.36924999952316284,0.36500000953674316,0.367249995470047,162560000
2013-07-17 00:00:00-04:00,0.367249995470047,0.3684999942779541,0.3642500042915344,0.36524999141693115,166100000
2013-07-18 00:00:00-04:00,0.3647499978542328,0.3659999966621399,0.35899999737739563,0.36375001072883606,344488000
2013-07-19 00:00:00-04:00,0.36149999499320984,0.3632499873638153,0.35225000977516174,0.35600000619888306,480532000
2013-07-22 00:00:00-04:00,0.35874998569488525,0.3619999885559082,0.3542500138282776,0.3557499945163727,292384000
2013-07-23 00:00:00-04:00,0.36024999618530273,0.36024999618530273,0.35350000858306885,0.3552500009536743,246792000
2013-07-24 00:00:00-04:00,0.35850000381469727,0.359499990940094,0.35475000739097595,0.3552500009536743,284252000
2013-07-25 00:00:00-04:00,0.35499998927116394,0.36125001311302185,0.35249999165534973,0.3564999997615814,243320000
2013-07-26 00:00:00-04:00,0.35225000977516174,0.35725000500679016,0.35225000977516174,0.35499998927116394,227360000
2013-07-29 00:00:00-04:00,0.3542500138282776,0.35874998569488525,0.35324999690055847,0.3542500138282776,179540000
2013-07-30 00:00:00-04:00,0.3555000126361847,0.36500000953674316,0.3552500009536743,0.36024999618530273,266076000
2013-07-31 00:00:00-04:00,0.35850000381469727,0.3644999861717224,0.3582499921321869,0.3610000014305115,270160000
2013-08-01 00:00:00-04:00,0.3622500002384186,0.36675000190734863,0.3580000102519989,0.3659999966621399,277648000
2013-08-02 00:00:00-04:00,0.36524999141693115,0.3697499930858612,0.36274999380111694,0.36899998784065247,209628000
2013-08-05 00:00:00-04:00,0.36800000071525574,0.3720000088214874,0.3659999966621399,0.3707500100135803,185188000
2013-08-06 00:00:00-04:00,0.3709999918937683,0.37174999713897705,0.3644999861717224,0.36524999141693115,206608000
2013-08-07 00:00:00-04:00,0.3632499873638153,0.3687500059604645,0.3630000054836273,0.36500000953674316,244380000
2013-08-08 00:00:00-04:00,0.367000013589859,0.36924999952316284,0.36274999380111694,0.3675000071525574,345696000
2013-08-09 00:00:00-04:00,0.3529999852180481,0.36774998903274536,0.3527500033378601,0.3622500002384186,906224000
2013-08-12 00:00:00-04:00,0.3474999964237213,0.3644999861717224,0.32774999737739563,0.359250009059906,257568000
2013-08-13 00:00:00-04:00,0.35975000262260437,0.3619999885559082,0.35749998688697815,0.3605000078678131,197468000
2013-08-14 00:00:00-04:00,0.35975000262260437,0.3779999911785126,0.359499990940094,0.37575000524520874,828508000
2013-08-15 00:00:00-04:00,0.37174999713897705,0.3812499940395355,0.37024998664855957,0.37825000286102295,723616000
2013-08-16 00:00:00-04:00,0.3774999976158142,0.38499999046325684,0.37674999237060547,0.37975001335144043,660456000
2013-08-19 00:00:00-04:00,0.3774999976158142,0.3787499964237213,0.3734999895095825,0.3737500011920929,393432000
2013-08-20 00:00:00-04:00,0.37174999713897705,0.3762499988079071,0.3712500035762787,0.3737500011920929,234192000
2013-08-21 00:00:00-04:00,0.3714999854564667,0.3762499988079071,0.37049999833106995,0.3720000088214874,261540000
2013-08-22 00:00:00-04:00,0.37174999713897705,0.3774999976158142,0.37174999713897705,0.37400001287460327,129016000
2013-08-23 00:00:00-04:00,0.37450000643730164,0.3774999976158142,0.37325000762939453,0.37400001287460327,245120000
2013-08-26 00:00:00-04:00,0.37424999475479126,0.37575000524520874,0.37325000762939453,0.3747499883174896,300152000
2013-08-27 00:00:00-04:00,0.3712500035762787,0.3737500011920929,0.3687500059604645,0.3700000047683716,277464000
2013-08-28 00:00:00-04:00,0.3707500100135803,0.3734999895095825,0.3684999942779541,0.3700000047683716,318824000
2013-08-29 00:00:00-04:00,0.3687500059604645,0.37275001406669617,0.36774998903274536,0.36924999952316284,276216000
2013-08-30 00:00:00-04:00,0.3695000112056732,0.37049999833106995,0.367000013589859,0.3687500059604645,378120000
2013-09-03 00:00:00-04:00,0.3697499930858612,0.37424999475479126,0.36675000190734863,0.36899998784065247,284680000
2013-09-04 00:00:00-04:00,0.36899998784065247,0.3747499883174896,0.3684999942779541,0.3725000023841858,222080000
2013-09-05 00:00:00-04:00,0.3709999918937683,0.375,0.3707500100135803,0.3734999895095825,174904000
2013-09-06 00:00:00-04:00,0.3737500011920929,0.37575000524520874,0.36924999952316284,0.3720000088214874,226756000
2013-09-09 00:00:00-04:00,0.375,0.37825000286102295,0.37400001287460327,0.37825000286102295,246408000
2013-09-10 00:00:00-04:00,0.38100001215934753,0.3865000009536743,0.3792499899864197,0.38624998927116394,292132000
2013-09-11 00:00:00-04:00,0.3857499957084656,0.39375001192092896,0.382999986410141,0.39274999499320984,396164000
2013-09-12 00:00:00-04:00,0.390749990940094,0.39750000834465027,0.390749990940094,0.39250001311302185,303808000
2013-09-13 00:00:00-04:00,0.39375001192092896,0.39675000309944153,0.39100000262260437,0.39500001072883606,159696000
2013-09-16 00:00:00-04:00,0.398250013589859,0.4009999930858612,0.39375001192092896,0.39524999260902405,231412000
2013-09-17 00:00:00-04:00,0.39675000309944153,0.3997499942779541,0.39500001072883606,0.39649999141693115,168608000
2013-09-18 00:00:00-04:00,0.39675000309944153,0.4009999930858612,0.3947499990463257,0.4000000059604645,268168000
2013-09-19 00:00:00-04:00,0.40174999833106995,0.4025000035762787,0.39649999141693115,0.398250013589859,227572000
2013-09-20 00:00:00-04:00,0.39925000071525574,0.40174999833106995,0.39399999380111694,0.3947499990463257,356036000
2013-09-23 00:00:00-04:00,0.3944999873638153,0.39774999022483826,0.38874998688697815,0.39100000262260437,271244000
2013-09-24 00:00:00-04:00,0.39125001430511475,0.39399999380111694,0.3889999985694885,0.39250001311302185,229732000
2013-09-25 00:00:00-04:00,0.3917500078678131,0.3959999978542328,0.38999998569488525,0.3930000066757202,233156000
2013-09-26 00:00:00-04:00,0.39399999380111694,0.3947499990463257,0.3894999921321869,0.3917500078678131,148816000
2013-09-27 00:00:00-04:00,0.38874998688697815,0.3919999897480011,0.38725000619888306,0.3894999921321869,151920000
2013-09-30 00:00:00-04:00,0.3855000138282776,0.3917500078678131,0.38324999809265137,0.3889999985694885,226640000
2013-10-01 00:00:00-04:00,0.3894999921321869,0.39125001430511475,0.3865000009536743,0.38874998688697815,226976000
2013-10-02 00:00:00-04:00,0.38475000858306885,0.38999998569488525,0.38475000858306885,0.38850000500679016,162036000
2013-10-03 00:00:00-04:00,0.38874998688697815,0.3922500014305115,0.382750004529953,0.38449999690055847,436768000
2013-10-04 00:00:00-04:00,0.3840000033378601,0.3930000066757202,0.382999986410141,0.38975000381469727,246228000
2013-10-07 00:00:00-04:00,0.3882499933242798,0.39250001311302185,0.38624998927116394,0.38975000381469727,169952000
2013-10-08 00:00:00-04:00,0.38874998688697815,0.3942500054836273,0.38350000977516174,0.3865000009536743,290712000
2013-10-09 00:00:00-04:00,0.3889999985694885,0.3892500102519989,0.3785000145435333,0.3804999887943268,275860000
2013-10-10 00:00:00-04:00,0.38324999809265137,0.3857499957084656,0.3804999887943268,0.38475000858306885,223484000
2013-10-11 00:00:00-04:00,0.3787499964237213,0.38350000977516174,0.3774999976158142,0.3815000057220459,213704000
2013-10-14 00:00:00-04:00,0.3804999887943268,0.38725000619888306,0.3804999887943268,0.38725000619888306,166628000
2013-10-15 00:00:00-04:00,0.38725000619888306,0.3894999921321869,0.38499999046325684,0.3852500021457672,208820000
2013-10-16 00:00:00-04:00,0.38749998807907104,0.39149999618530273,0.3869999945163727,0.38999998569488525,210072000
2013-10-17 00:00:00-04:00,0.3869999945163727,0.3917500078678131,0.3869999945163727,0.390749990940094,213324000
2013-10-18 00:00:00-04:00,0.38999998569488525,0.39649999141693115,0.38850000500679016,0.39524999260902405,255068000
2013-10-21 00:00:00-04:00,0.4000000059604645,0.40024998784065247,0.39500001072883606,0.39625000953674316,195008000
2013-10-22 00:00:00-04:00,0.39625000953674316,0.39649999141693115,0.390749990940094,0.3942500054836273,179452000
2013-10-23 00:00:00-04:00,0.3935000002384186,0.3935000002384186,0.38624998927116394,0.38749998807907104,252216000
2013-10-24 00:00:00-04:00,0.38850000500679016,0.39100000262260437,0.3840000033378601,0.38475000858306885,236436000
2013-10-25 00:00:00-04:00,0.3867500126361847,0.3869999945163727,0.37975001335144043,0.38100001215934753,330492000
2013-10-28 00:00:00-04:00,0.3804999887943268,0.38225001096725464,0.375,0.3802500069141388,394024000
2013-10-29 00:00:00-04:00,0.37975001335144043,0.3815000057220459,0.3762499988079071,0.38075000047683716,387952000
2013-10-30 00:00:00-04:00,0.38199999928474426,0.38374999165534973,0.37724998593330383,0.3804999887943268,204032000
2013-10-31 00:00:00-04:00,0.38100001215934753,0.38374999165534973,0.3790000081062317,0.37975001335144043,293368000
2013-11-01 00:00:00-04:00,0.3817499876022339,0.38324999809265137,0.3787499964237213,0.3815000057220459,206136000
2013-11-04 00:00:00-05:00,0.382750004529953,0.382750004529953,0.3697499930858612,0.37049999833106995,410264000
2013-11-05 00:00:00-05:00,0.3682500123977661,0.37174999713897705,0.3642500042915344,0.3700000047683716,422368000
2013-11-06 00:00:00-05:00,0.3700000047683716,0.37275001406669617,0.36625000834465027,0.3725000023841858,198044000
2013-11-07 00:00:00-05:00,0.3712500035762787,0.3722499907016754,0.3630000054836273,0.36375001072883606,553076000
2013-11-08 00:00:00-05:00,0.375,0.39024999737739563,0.3734999895095825,0.3889999985694885,734532000
2013-11-11 00:00:00-05:00,0.38749998807907104,0.3932499885559082,0.3867500126361847,0.3922500014305115,297624000
2013-11-12 00:00:00-05:00,0.39399999380111694,0.39625000953674316,0.38850000500679016,0.3930000066757202,316032000
2013-11-13 00:00:00-05:00,0.3919999897480011,0.4037500023841858,0.39125001430511475,0.4037500023841858,332792000
2013-11-14 00:00:00-05:00,0.4025000035762787,0.40799999237060547,0.4022499918937683,0.40549999475479126,307980000
2013-11-15 00:00:00-05:00,0.40700000524520874,0.4074999988079071,0.40024998784065247,0.40424999594688416,450332000
2013-11-18 00:00:00-05:00,0.3955000042915344,0.39899998903274536,0.3935000002384186,0.3944999873638153,316948000
2013-11-19 00:00:00-05:00,0.390500009059906,0.39399999380111694,0.3855000138282776,0.38600000739097595,206716000
2013-11-20 00:00:00-05:00,0.38624998927116394,0.38725000619888306,0.37950000166893005,0.3802500069141388,204776000
2013-11-21 00:00:00-05:00,0.38075000047683716,0.3840000033378601,0.3790000081062317,0.38324999809265137,213568000
2013-11-22 00:00:00-05:00,0.38374999165534973,0.38374999165534973,0.3787499964237213,0.37950000166893005,158668000
2013-11-25 00:00:00-05:00,0.37950000166893005,0.3882499933242798,0.37950000166893005,0.3877499997615814,248208000
2013-11-26 00:00:00-05:00,0.3919999897480011,0.39524999260902405,0.3894999921321869,0.39100000262260437,753176000
2013-11-27 00:00:00-05:00,0.390749990940094,0.39375001192092896,0.3882499933242798,0.39250001311302185,181272000
2013-11-29 00:00:00-05:00,0.39250001311302185,0.3935000002384186,0.38749998807907104,0.38999998569488525,116964000
2013-12-02 00:00:00-05:00,0.38850000500679016,0.39649999141693115,0.3877499997615814,0.39375001192092896,373872000
2013-12-03 00:00:00-05:00,0.39375001192092896,0.39899998903274536,0.39100000262260437,0.3935000002384186,290560000
2013-12-04 00:00:00-05:00,0.39250001311302185,0.3997499942779541,0.39149999618530273,0.39899998903274536,493176000
2013-12-05 00:00:00-05:00,0.3997499942779541,0.3997499942779541,0.3919999897480011,0.39250001311302185,271812000
2013-12-06 00:00:00-05:00,0.3972499966621399,0.3972499966621399,0.3857499957084656,0.3867500126361847,281000000
2013-12-09 00:00:00-05:00,0.3867500126361847,0.3880000114440918,0.37950000166893005,0.3802500069141388,385220000
2013-12-10 00:00:00-05:00,0.3802500069141388,0.390749990940094,0.37975001335144043,0.3889999985694885,524268000
2013-12-11 00:00:00-05:00,0.38975000381469727,0.39024999737739563,0.38449999690055847,0.3852500021457672,414156000
2013-12-12 00:00:00-05:00,0.3840000033378601,0.38600000739097595,0.37700000405311584,0.3777500092983246,258724000
2013-12-13 00:00:00-05:00,0.3785000145435333,0.3812499940395355,0.375,0.37549999356269836,184588000
2013-12-16 00:00:00-05:00,0.37575000524520874,0.3792499899864197,0.37549999356269836,0.37599998712539673,237620000
2013-12-17 00:00:00-05:00,0.37575000524520874,0.3787499964237213,0.3725000023841858,0.3777500092983246,274104000
2013-12-18 00:00:00-05:00,0.3785000145435333,0.38374999165534973,0.3737500011920929,0.382999986410141,426232000
2013-12-19 00:00:00-05:00,0.3824999928474426,0.38499999046325684,0.3799999952316284,0.38449999690055847,258544000
2013-12-20 00:00:00-05:00,0.3852500021457672,0.39250001311302185,0.3842499852180481,0.3922500014305115,382080000
2013-12-23 00:00:00-05:00,0.3944999873638153,0.39774999022483826,0.39125001430511475,0.3944999873638153,168568000
2013-12-24 00:00:00-05:00,0.39675000309944153,0.39675000309944153,0.39149999618530273,0.3955000042915344,79600000
2013-12-26 00:00:00-05:00,0.3970000147819519,0.398250013589859,0.390749990940094,0.3917500078678131,168920000
2013-12-27 00:00:00-05:00,0.39375001192092896,0.3947499990463257,0.39149999618530273,0.39399999380111694,210976000
2013-12-30 00:00:00-05:00,0.3942500054836273,0.3995000123977661,0.39375001192092896,0.39925000071525574,248180000
2013-12-31 00:00:00-05:00,0.4000000059604645,0.4025000035762787,0.39750000834465027,0.40049999952316284,235776000
2014-01-02 00:00:00-05:00,0.39800000190734863,0.3995000123977661,0.3930000066757202,0.39649999141693115,260092000
2014-01-03 00:00:00-05:00,0.3972499966621399,0.39800000190734863,0.390500009059906,0.3917500078678131,259332000
2014-01-06 00:00:00-05:00,0.3957499861717224,0.4000000059604645,0.3919999897480011,0.3970000147819519,409492000
2014-01-07 00:00:00-05:00,0.4009999930858612,0.4050000011920929,0.398250013589859,0.4034999907016754,333288000
2014-01-08 00:00:00-05:00,0.4050000011920929,0.41100001335144043,0.4034999907016754,0.4090000092983246,308192000
2014-01-09 00:00:00-05:00,0.4027499854564667,0.4034999907016754,0.39250001311302185,0.39375001192092896,292172000
2014-01-10 00:00:00-05:00,0.39500001072883606,0.39774999022483826,0.38975000381469727,0.3932499885559082,218492000
2014-01-13 00:00:00-05:00,0.3932499885559082,0.3957499861717224,0.38324999809265137,0.3840000033378601,243332000
2014-01-14 00:00:00-05:00,0.38600000739097595,0.39675000309944153,0.3842499852180481,0.3959999978542328,241828000
2014-01-15 00:00:00-05:00,0.39774999022483826,0.40174999833106995,0.3959999978542328,0.40024998784065247,175044000
2014-01-16 00:00:00-05:00,0.40024998784065247,0.4022499918937683,0.398499995470047,0.40149998664855957,220652000
2014-01-17 00:00:00-05:00,0.40149998664855957,0.40625,0.3972499966621399,0.3997499942779541,340400000
2014-01-21 00:00:00-05:00,0.40024998784065247,0.4037500023841858,0.3970000147819519,0.4012500047683716,246076000
2014-01-22 00:00:00-05:00,0.4020000100135803,0.4025000035762787,0.3959999978542328,0.4007500112056732,337940000
2014-01-23 00:00:00-05:00,0.3995000123977661,0.4037500023841858,0.39625000953674316,0.39925000071525574,185028000
2014-01-24 00:00:00-05:00,0.3959999978542328,0.39750000834465027,0.3889999985694885,0.3889999985694885,246696000
2014-01-27 00:00:00-05:00,0.3889999985694885,0.3944999873638153,0.3842499852180481,0.3865000009536743,233812000
2014-01-28 00:00:00-05:00,0.3857499957084656,0.390500009059906,0.3842499852180481,0.39024999737739563,167996000
2014-01-29 00:00:00-05:00,0.38874998688697815,0.39100000262260437,0.38624998927116394,0.3865000009536743,162944000
2014-01-30 00:00:00-05:00,0.38874998688697815,0.39375001192092896,0.38749998807907104,0.3930000066757202,202896000
2014-01-31 00:00:00-05:00,0.38749998807907104,0.3947499990463257,0.38725000619888306,0.39250001311302185,335348000
2014-02-03 00:00:00-05:00,0.39524999260902405,0.3957499861717224,0.3857499957084656,0.38725000619888306,431728000
2014-02-04 00:00:00-05:00,0.3869999945163727,0.39024999737739563,0.38499999046325684,0.3894999921321869,280692000
2014-02-05 00:00:00-05:00,0.3867500126361847,0.3880000114440918,0.382999986410141,0.38600000739097595,214676000
2014-02-06 00:00:00-05:00,0.3865000009536743,0.3919999897480011,0.38600000739097595,0.39100000262260437,168380000
2014-02-07 00:00:00-05:00,0.3919999897480011,0.3972499966621399,0.38850000500679016,0.39675000309944153,157248000
2014-02-10 00:00:00-05:00,0.39625000953674316,0.4032500088214874,0.3959999978542328,0.39800000190734863,324372000
2014-02-11 00:00:00-05:00,0.40024998784065247,0.40724998712539673,0.398250013589859,0.40625,235384000
2014-02-12 00:00:00-05:00,0.4074999988079071,0.42375001311302185,0.4074999988079071,0.4207499921321869,744528000
2014-02-13 00:00:00-05:00,0.4312500059604645,0.43650001287460327,0.42375001311302185,0.4339999854564667,902836000
2014-02-14 00:00:00-05:00,0.4300000071525574,0.44874998927116394,0.429749995470047,0.4477500021457672,817536000
2014-02-18 00:00:00-05:00,0.4480000138282776,0.4494999945163727,0.4437499940395355,0.44749999046325684,428988000
2014-02-19 00:00:00-05:00,0.44749999046325684,0.45750001072883606,0.445499986410141,0.45350000262260437,450340000
2014-02-20 00:00:00-05:00,0.4544999897480011,0.47049999237060547,0.45375001430511475,0.46950000524520874,398088000
2014-02-21 00:00:00-05:00,0.46875,0.47475001215934753,0.46299999952316284,0.4659999907016754,451052000
2014-02-24 00:00:00-05:00,0.4650000035762787,0.4762499928474426,0.460750013589859,0.4727500081062317,403112000
2014-02-25 00:00:00-05:00,0.4699999988079071,0.47200000286102295,0.4634999930858612,0.4684999883174896,242184000
2014-02-26 00:00:00-05:00,0.4675000011920929,0.47450000047683716,0.4662500023841858,0.46775001287460327,360884000
2014-02-27 00:00:00-05:00,0.46775001287460327,0.4724999964237213,0.4612500071525574,0.4625000059604645,388848000
2014-02-28 00:00:00-05:00,0.46000000834465027,0.4645000100135803,0.45274999737739563,0.4595000147819519,321692000
2014-03-03 00:00:00-05:00,0.4492500126361847,0.4572499990463257,0.445250004529953,0.4572499990463257,375948000
2014-03-04 00:00:00-05:00,0.4595000147819519,0.4650000035762787,0.45875000953674316,0.4620000123977661,260344000
2014-03-05 00:00:00-05:00,0.46149998903274536,0.4662500023841858,0.4595000147819519,0.4659999907016754,241472000
2014-03-06 00:00:00-05:00,0.46674999594688416,0.46924999356269836,0.45875000953674316,0.4595000147819519,290144000
2014-03-07 00:00:00-05:00,0.46149998903274536,0.4622499942779541,0.4555000066757202,0.45899999141693115,268452000
2014-03-10 00:00:00-04:00,0.45750001072883606,0.4595000147819519,0.4502499997615814,0.45225000381469727,300888000
2014-03-11 00:00:00-04:00,0.4544999897480011,0.460750013589859,0.453000009059906,0.4567500054836273,297220000
2014-03-12 00:00:00-04:00,0.4544999897480011,0.460750013589859,0.45274999737739563,0.4580000042915344,239428000
2014-03-13 00:00:00-04:00,0.45899999141693115,0.460750013589859,0.4412499964237213,0.44350001215934753,385172000
2014-03-14 00:00:00-04:00,0.4390000104904175,0.4494999945163727,0.4390000104904175,0.445499986410141,460048000
2014-03-17 00:00:00-04:00,0.4467499852180481,0.44999998807907104,0.4449999928474426,0.445499986410141,299656000
2014-03-18 00:00:00-04:00,0.44725000858306885,0.45899999141693115,0.445250004529953,0.4560000002384186,293904000
2014-03-19 00:00:00-04:00,0.4595000147819519,0.4727500081062317,0.4582499861717224,0.46399998664855957,366168000
2014-03-20 00:00:00-04:00,0.46149998903274536,0.46825000643730164,0.4595000147819519,0.46424999833106995,191800000
2014-03-21 00:00:00-04:00,0.46825000643730164,0.47200000286102295,0.460999995470047,0.4634999930858612,566116000
2014-03-24 00:00:00-04:00,0.4637500047683716,0.4675000011920929,0.4544999897480011,0.4612500071525574,306096000
2014-03-25 00:00:00-04:00,0.4662500023841858,0.46674999594688416,0.45774999260902405,0.4612500071525574,304424000
2014-03-26 00:00:00-04:00,0.46549999713897705,0.4742499887943268,0.4467499852180481,0.4507499933242798,557756000
2014-03-27 00:00:00-04:00,0.44975000619888306,0.45350000262260437,0.43974998593330383,0.44475001096725464,540728000
2014-03-28 00:00:00-04:00,0.4440000057220459,0.4502499997615814,0.4427500069141388,0.44749999046325684,398820000
2014-03-31 00:00:00-04:00,0.4482499957084656,0.45225000381469727,0.445250004529953,0.4477500021457672,273404000
2014-04-01 00:00:00-04:00,0.4620000123977661,0.4717499911785126,0.45649999380111694,0.4662500023841858,656272000
2014-04-02 00:00:00-04:00,0.4662500023841858,0.4672499895095825,0.4612500071525574,0.4632500112056732,239948000
2014-04-03 00:00:00-04:00,0.46424999833106995,0.4794999957084656,0.46399998664855957,0.46825000643730164,599548000
2014-04-04 00:00:00-04:00,0.47075000405311584,0.47350001335144043,0.4517500102519989,0.45375001430511475,368032000
2014-04-07 00:00:00-04:00,0.45399999618530273,0.46399998664855957,0.4514999985694885,0.45524999499320984,428576000
2014-04-08 00:00:00-04:00,0.45524999499320984,0.4727500081062317,0.4544999897480011,0.4715000092983246,470692000
2014-04-09 00:00:00-04:00,0.4737499952316284,0.4777500033378601,0.4672499895095825,0.47099998593330383,421968000
2014-04-10 00:00:00-04:00,0.4690000116825104,0.4754999876022339,0.4580000042915344,0.4595000147819519,372748000
2014-04-11 00:00:00-04:00,0.4560000002384186,0.46299999952316284,0.44699999690055847,0.453000009059906,353112000
2014-04-14 00:00:00-04:00,0.4560000002384186,0.4597499966621399,0.453000009059906,0.4580000042915344,290184000
2014-04-15 00:00:00-04:00,0.4584999978542328,0.4637500047683716,0.45399999618530273,0.4612500071525574,304636000
2014-04-16 00:00:00-04:00,0.4634999930858612,0.46399998664855957,0.45649999380111694,0.4622499942779541,235136000
2014-04-17 00:00:00-04:00,0.46050000190734863,0.46825000643730164,0.4595000147819519,0.46399998664855957,153532000
2014-04-21 00:00:00-04:00,0.46424999833106995,0.4690000116825104,0.4612500071525574,0.46775001287460327,117004000
2014-04-22 00:00:00-04:00,0.4684999883174896,0.47475001215934753,0.4659999907016754,0.4717499911785126,255120000
2014-04-23 00:00:00-04:00,0.4724999964237213,0.47850000858306885,0.4717499911785126,0.47725000977516174,261580000
2014-04-24 00:00:00-04:00,0.4805000126361847,0.48649999499320984,0.4805000126361847,0.4814999997615814,391492000
2014-04-25 00:00:00-04:00,0.4805000126361847,0.48500001430511475,0.4672499895095825,0.46825000643730164,313600000
2014-04-28 00:00:00-04:00,0.47200000286102295,0.47450000047683716,0.46050000190734863,0.4662500023841858,226788000
2014-04-29 00:00:00-04:00,0.46799999475479126,0.4690000116825104,0.4620000123977661,0.4672499895095825,171300000
2014-04-30 00:00:00-04:00,0.46650001406669617,0.46700000762939453,0.460750013589859,0.46175000071525574,305740000
2014-05-01 00:00:00-04:00,0.46875,0.46974998712539673,0.46050000190734863,0.46424999833106995,198104000
2014-05-02 00:00:00-04:00,0.46650001406669617,0.46650001406669617,0.4580000042915344,0.460750013589859,156376000
2014-05-05 00:00:00-04:00,0.46024999022483826,0.46924999356269836,0.4597499966621399,0.4657500088214874,239260000
2014-05-06 00:00:00-04:00,0.4702500104904175,0.4742499887943268,0.45500001311302185,0.45625001192092896,416188000
2014-05-07 00:00:00-04:00,0.45625001192092896,0.46050000190734863,0.4517500102519989,0.4567500054836273,293900000
2014-05-08 00:00:00-04:00,0.45500001311302185,0.46974998712539673,0.45274999737739563,0.4625000059604645,432728000
2014-05-09 00:00:00-04:00,0.44850000739097595,0.45274999737739563,0.4427500069141388,0.45124998688697815,539532000
2014-05-12 00:00:00-04:00,0.45225000381469727,0.46549999713897705,0.4519999921321869,0.4645000100135803,299856000
2014-05-13 00:00:00-04:00,0.4582499861717224,0.4657500088214874,0.4555000066757202,0.4569999873638153,221104000
2014-05-14 00:00:00-04:00,0.4572499990463257,0.45899999141693115,0.45225000381469727,0.45249998569488525,214320000
2014-05-15 00:00:00-04:00,0.4514999985694885,0.45399999618530273,0.445499986410141,0.44999998807907104,325896000
2014-05-16 00:00:00-04:00,0.4465000033378601,0.45225000381469727,0.4465000033378601,0.4490000009536743,283960000
2014-05-19 00:00:00-04:00,0.45375001430511475,0.4659999907016754,0.4517500102519989,0.4634999930858612,360076000
2014-05-20 00:00:00-04:00,0.46149998903274536,0.46274998784065247,0.45375001430511475,0.4560000002384186,256200000
2014-05-21 00:00:00-04:00,0.45774999260902405,0.46175000071525574,0.453249990940094,0.4560000002384186,216712000
2014-05-22 00:00:00-04:00,0.45500001311302185,0.46050000190734863,0.45500001311302185,0.4580000042915344,130364000
2014-05-23 00:00:00-04:00,0.46050000190734863,0.4645000100135803,0.45774999260902405,0.4622499942779541,182656000
2014-05-27 00:00:00-04:00,0.4650000035762787,0.47049999237060547,0.4634999930858612,0.47049999237060547,209680000
2014-05-28 00:00:00-04:00,0.4722500145435333,0.47749999165534973,0.46775001287460327,0.47450000047683716,224676000
2014-05-29 00:00:00-04:00,0.4742499887943268,0.47824999690055847,0.4727500081062317,0.4737499952316284,171884000
2014-05-30 00:00:00-04:00,0.4737499952316284,0.4762499928474426,0.4712499976158142,0.4749999940395355,239128000
2014-06-02 00:00:00-04:00,0.476500004529953,0.4794999957084656,0.46950000524520874,0.47350001335144043,181500000
2014-06-03 00:00:00-04:00,0.47450000047683716,0.4749999940395355,0.4652499854564667,0.4715000092983246,243212000
2014-06-04 00:00:00-04:00,0.4702500104904175,0.4754999876022339,0.4699999988079071,0.47200000286102295,161236000
2014-06-05 00:00:00-04:00,0.4727500081062317,0.4754999876022339,0.4699999988079071,0.4740000069141388,188696000
2014-06-06 00:00:00-04:00,0.4762499928474426,0.47999998927116394,0.47450000047683716,0.47574999928474426,161052000
2014-06-09 00:00:00-04:00,0.4752500057220459,0.4807499945163727,0.47200000286102295,0.4762499928474426,247456000
2014-06-10 00:00:00-04:00,0.47450000047683716,0.48100000619888306,0.4724999964237213,0.47874999046325684,217608000
2014-06-11 00:00:00-04:00,0.47699999809265137,0.48625001311302185,0.47699999809265137,0.48500001430511475,266228000
2014-06-12 00:00:00-04:00,0.48500001430511475,0.49024999141693115,0.4807499945163727,0.4880000054836273,337148000
2014-06-13 00:00:00-04:00,0.49300000071525574,0.4932500123977661,0.48374998569488525,0.4884999990463257,227852000
2014-06-16 00:00:00-04:00,0.48625001311302185,0.49024999141693115,0.4827499985694885,0.4869999885559082,198620000
2014-06-17 00:00:00-04:00,0.48750001192092896,0.492249995470047,0.48500001430511475,0.49024999141693115,157608000
2014-06-18 00:00:00-04:00,0.48899999260902405,0.492000013589859,0.484499990940094,0.4897499978542328,215536000
2014-06-19 00:00:00-04:00,0.4807499945163727,0.4832499921321869,0.4749999940395355,0.47850000858306885,474592000
2014-06-20 00:00:00-04:00,0.47975000739097595,0.4814999997615814,0.46950000524520874,0.47325000166893005,353148000
2014-06-23 00:00:00-04:00,0.46700000762939453,0.46799999475479126,0.46149998903274536,0.46775001287460327,414200000
2014-06-24 00:00:00-04:00,0.46700000762939453,0.47075000405311584,0.4584999978542328,0.46050000190734863,275780000
2014-06-25 00:00:00-04:00,0.46175000071525574,0.46549999713897705,0.45750001072883606,0.4652499854564667,215420000
2014-06-26 00:00:00-04:00,0.4652499854564667,0.46549999713897705,0.45750001072883606,0.45899999141693115,256908000
2014-06-27 00:00:00-04:00,0.4584999978542328,0.4622499942779541,0.4557499885559082,0.4595000147819519,302820000
2014-06-30 00:00:00-04:00,0.45774999260902405,0.4647499918937683,0.45774999260902405,0.4634999930858612,180512000
2014-07-01 00:00:00-04:00,0.46299999952316284,0.4715000092983246,0.46149998903274536,0.46875,321180000
2014-07-02 00:00:00-04:00,0.46700000762939453,0.4690000116825104,0.46424999833106995,0.46700000762939453,179284000
2014-07-03 00:00:00-04:00,0.46274998784065247,0.4724999964237213,0.46274998784065247,0.4712499976158142,136892000
2014-07-07 00:00:00-04:00,0.47200000286102295,0.4722500145435333,0.46674999594688416,0.4675000011920929,127496000
2014-07-08 00:00:00-04:00,0.4662500023841858,0.46825000643730164,0.45925000309944153,0.4637500047683716,221940000
2014-07-09 00:00:00-04:00,0.46775001287460327,0.47975000739097595,0.46424999833106995,0.4777500033378601,387668000
2014-07-10 00:00:00-04:00,0.46875,0.47725000977516174,0.4650000035762787,0.4752500057220459,266308000
2014-07-11 00:00:00-04:00,0.47574999928474426,0.4777500033378601,0.4740000069141388,0.4762499928474426,191188000
2014-07-14 00:00:00-04:00,0.47824999690055847,0.48350000381469727,0.476500004529953,0.48225000500679016,272636000
2014-07-15 00:00:00-04:00,0.4830000102519989,0.4855000078678131,0.47975000739097595,0.484250009059906,395440000
2014-07-16 00:00:00-04:00,0.48625001311302185,0.49000000953674316,0.48100000619888306,0.48374998569488525,319728000
2014-07-17 00:00:00-04:00,0.47824999690055847,0.48750001192092896,0.47824999690055847,0.48249998688697815,324832000
2014-07-18 00:00:00-04:00,0.4724999964237213,0.4762499928474426,0.46024999022483826,0.460999995470047,567816000
2014-07-21 00:00:00-04:00,0.45925000309944153,0.46700000762939453,0.45925000309944153,0.4637500047683716,243364000
2014-07-22 00:00:00-04:00,0.4672499895095825,0.46974998712539673,0.460750013589859,0.46175000071525574,298816000
2014-07-23 00:00:00-04:00,0.4620000123977661,0.4622499942779541,0.4514999985694885,0.4519999921321869,297352000
2014-07-24 00:00:00-04:00,0.4544999897480011,0.4557499885559082,0.4494999945163727,0.45274999737739563,254576000
2014-07-25 00:00:00-04:00,0.45124998688697815,0.45225000381469727,0.4440000057220459,0.44475001096725464,266132000
2014-07-28 00:00:00-04:00,0.4467499852180481,0.4467499852180481,0.43549999594688416,0.4429999887943268,330352000
2014-07-29 00:00:00-04:00,0.44325000047683716,0.4505000114440918,0.4429999887943268,0.44449999928474426,217972000
2014-07-30 00:00:00-04:00,0.44725000858306885,0.453249990940094,0.44600000977516174,0.4519999921321869,246184000
2014-07-31 00:00:00-04:00,0.4465000033378601,0.44999998807907104,0.43674999475479126,0.4375,401880000
2014-08-01 00:00:00-04:00,0.4375,0.44475001096725464,0.4359999895095825,0.44225001335144043,219884000
2014-08-04 00:00:00-04:00,0.4417499899864197,0.445499986410141,0.4390000104904175,0.4412499964237213,241724000
2014-08-05 00:00:00-04:00,0.4399999976158142,0.4480000138282776,0.4362500011920929,0.4415000081062317,298136000
2014-08-06 00:00:00-04:00,0.43849998712539673,0.4465000033378601,0.43525001406669617,0.4410000145435333,223456000
2014-08-07 00:00:00-04:00,0.44475001096725464,0.44874998927116394,0.4334999918937683,0.43650001287460327,407696000
2014-08-08 00:00:00-04:00,0.4555000066757202,0.47749999165534973,0.4555000066757202,0.4749999940395355,894348000
2014-08-11 00:00:00-04:00,0.4754999876022339,0.47749999165534973,0.4712499976158142,0.4724999964237213,344624000
2014-08-12 00:00:00-04:00,0.4722500145435333,0.4749999940395355,0.4672499895095825,0.4724999964237213,296152000
2014-08-13 00:00:00-04:00,0.47325000166893005,0.4792500138282776,0.4702500104904175,0.4752500057220459,256596000
2014-08-14 00:00:00-04:00,0.47699999809265137,0.47699999809265137,0.46799999475479126,0.4699999988079071,255992000
2014-08-15 00:00:00-04:00,0.4715000092983246,0.47874999046325684,0.46700000762939453,0.47600001096725464,369796000
2014-08-18 00:00:00-04:00,0.4779999852180481,0.4830000102519989,0.47325000166893005,0.48249998688697815,284076000
2014-08-19 00:00:00-04:00,0.4805000126361847,0.4867500066757202,0.47874999046325684,0.484250009059906,248260000
2014-08-20 00:00:00-04:00,0.48249998688697815,0.48475000262260437,0.47999998927116394,0.48124998807907104,221468000
2014-08-21 00:00:00-04:00,0.47999998927116394,0.48249998688697815,0.47600001096725464,0.476749986410141,272796000
2014-08-22 00:00:00-04:00,0.4762499928474426,0.48100000619888306,0.47325000166893005,0.47699999809265137,251224000
2014-08-25 00:00:00-04:00,0.4790000021457672,0.48225000500679016,0.476749986410141,0.4777500033378601,153380000
2014-08-26 00:00:00-04:00,0.4790000021457672,0.4872500002384186,0.47725000977516174,0.48625001311302185,269636000
2014-08-27 00:00:00-04:00,0.4832499921321869,0.4869999885559082,0.47999998927116394,0.4807499945163727,182972000
2014-08-28 00:00:00-04:00,0.47975000739097595,0.4857499897480011,0.47824999690055847,0.48475000262260437,179704000
2014-08-29 00:00:00-04:00,0.48649999499320984,0.4872500002384186,0.48124998807907104,0.48625001311302185,207932000
2014-09-02 00:00:00-04:00,0.48750001192092896,0.48750001192092896,0.4830000102519989,0.48750001192092896,192636000
2014-09-03 00:00:00-04:00,0.49000000953674316,0.4937500059604645,0.4867500066757202,0.492000013589859,259456000
2014-09-04 00:00:00-04:00,0.49125000834465027,0.5037500262260437,0.4909999966621399,0.5007500052452087,491832000
2014-09-05 00:00:00-04:00,0.500249981880188,0.5024999976158142,0.4959999918937683,0.49924999475479126,253792000
2014-09-08 00:00:00-04:00,0.4987500011920929,0.4997499883174896,0.49274998903274536,0.4947499930858612,319288000
2014-09-09 00:00:00-04:00,0.4925000071525574,0.4957500100135803,0.4880000054836273,0.4884999990463257,198588000
2014-09-10 00:00:00-04:00,0.49125000834465027,0.492000013589859,0.4857499897480011,0.49024999141693115,172376000
2014-09-11 00:00:00-04:00,0.4867500066757202,0.4884999990463257,0.47999998927116394,0.48524999618530273,250720000
2014-09-12 00:00:00-04:00,0.4882499873638153,0.4882499873638153,0.47749999165534973,0.4779999852180481,262536000
2014-09-15 00:00:00-04:00,0.4794999957084656,0.4802500009536743,0.46950000524520874,0.4715000092983246,294152000
2014-09-16 00:00:00-04:00,0.4702500104904175,0.48100000619888306,0.46875,0.47850000858306885,219936000
2014-09-17 00:00:00-04:00,0.47725000977516174,0.4832499921321869,0.4749999940395355,0.47874999046325684,173584000
2014-09-18 00:00:00-04:00,0.4817500114440918,0.48649999499320984,0.4802500009536743,0.4860000014305115,219604000
2014-09-19 00:00:00-04:00,0.48750001192092896,0.4880000054836273,0.4762499928474426,0.47699999809265137,601316000
2014-09-22 00:00:00-04:00,0.4867500066757202,0.4867500066757202,0.4717499911785126,0.4722500145435333,221464000
2014-09-23 00:00:00-04:00,0.46974998712539673,0.4754999876022339,0.46799999475479126,0.4702500104904175,196144000
2014-09-24 00:00:00-04:00,0.4699999988079071,0.47450000047683716,0.46950000524520874,0.4729999899864197,159592000
2014-09-25 00:00:00-04:00,0.4724999964237213,0.4737499952316284,0.46175000071525574,0.46274998784065247,298440000
2014-09-26 00:00:00-04:00,0.46424999833106995,0.4672499895095825,0.4622499942779541,0.4637500047683716,241188000
2014-09-29 00:00:00-04:00,0.46000000834465027,0.4662500023841858,0.4555000066757202,0.46299999952316284,208540000
2014-09-30 00:00:00-04:00,0.460999995470047,0.4645000100135803,0.4557499885559082,0.4612500071525574,277204000
2014-10-01 00:00:00-04:00,0.4620000123977661,0.4652499854564667,0.4555000066757202,0.4567500054836273,350976000
2014-10-02 00:00:00-04:00,0.4560000002384186,0.4582499861717224,0.4442499876022339,0.4547500014305115,288996000
2014-10-03 00:00:00-04:00,0.45750001072883606,0.4637500047683716,0.4557499885559082,0.4557499885559082,239140000
2014-10-06 00:00:00-04:00,0.45750001072883606,0.4612500071525574,0.44999998807907104,0.453000009059906,199032000
2014-10-07 00:00:00-04:00,0.45100000500679016,0.4555000066757202,0.4477500021457672,0.4482499957084656,301896000
2014-10-08 00:00:00-04:00,0.4477500021457672,0.45875000953674316,0.4442499876022339,0.45649999380111694,260172000
2014-10-09 00:00:00-04:00,0.4544999897480011,0.45500001311302185,0.4440000057220459,0.4477500021457672,306956000
2014-10-10 00:00:00-04:00,0.4442499876022339,0.44574999809265137,0.42100000381469727,0.42124998569488525,691376000
2014-10-13 00:00:00-04:00,0.42399999499320984,0.4325000047683716,0.4192500114440918,0.41975000500679016,397628000
2014-10-14 00:00:00-04:00,0.4255000054836273,0.4412499964237213,0.4230000078678131,0.429500013589859,376620000
2014-10-15 00:00:00-04:00,0.4232499897480011,0.43825000524520874,0.4205000102519989,0.4359999895095825,404428000
2014-10-16 00:00:00-04:00,0.4282500147819519,0.4412499964237213,0.4272499978542328,0.4362500011920929,351116000
2014-10-17 00:00:00-04:00,0.4415000081062317,0.4465000033378601,0.4337500035762787,0.43549999594688416,290716000
2014-10-20 00:00:00-04:00,0.43549999594688416,0.44325000047683716,0.4325000047683716,0.43924999237060547,200336000
2014-10-21 00:00:00-04:00,0.4424999952316284,0.4584999978542328,0.4412499964237213,0.4580000042915344,351092000
2014-10-22 00:00:00-04:00,0.4572499990463257,0.45875000953674316,0.44725000858306885,0.44725000858306885,239512000
2014-10-23 00:00:00-04:00,0.45500001311302185,0.46050000190734863,0.4517500102519989,0.4572499990463257,214476000
2014-10-24 00:00:00-04:00,0.46000000834465027,0.4647499918937683,0.4572499990463257,0.4620000123977661,210156000
2014-10-27 00:00:00-04:00,0.46175000071525574,0.46399998664855957,0.4567500054836273,0.4622499942779541,145092000
2014-10-28 00:00:00-04:00,0.460999995470047,0.4737499952316284,0.46050000190734863,0.47325000166893005,192580000
2014-10-29 00:00:00-04:00,0.4712499976158142,0.4740000069141388,0.4659999907016754,0.4702500104904175,168340000
2014-10-30 00:00:00-04:00,0.4690000116825104,0.47099998593330383,0.4612500071525574,0.4672499895095825,170260000
2014-10-31 00:00:00-04:00,0.4779999852180481,0.48875001072883606,0.4754999876022339,0.4884999990463257,256316000
2014-11-03 00:00:00-05:00,0.4997499883174896,0.5015000104904175,0.49424999952316284,0.49674999713897705,308732000
2014-11-04 00:00:00-05:00,0.5,0.5049999952316284,0.49175000190734863,0.503250002861023,360196000
2014-11-05 00:00:00-05:00,0.5062500238418579,0.5065000057220459,0.49950000643730164,0.503250002861023,335652000
2014-11-06 00:00:00-05:00,0.5042499899864197,0.5062500238418579,0.4964999854564667,0.5055000185966492,394088000
2014-11-07 00:00:00-05:00,0.5112500190734863,0.5172500014305115,0.4897499978542328,0.4947499930858612,450800000
2014-11-10 00:00:00-05:00,0.49424999952316284,0.5037500262260437,0.49300000071525574,0.5005000233650208,293388000
2014-11-11 00:00:00-05:00,0.4975000023841858,0.500249981880188,0.49024999141693115,0.4945000112056732,212992000
2014-11-12 00:00:00-05:00,0.49274998903274536,0.49399998784065247,0.484499990940094,0.49125000834465027,204584000
2014-11-13 00:00:00-05:00,0.49300000071525574,0.4937500059604645,0.48475000262260437,0.48875001072883606,225328000
2014-11-14 00:00:00-05:00,0.4892500042915344,0.4947499930858612,0.484499990940094,0.4947499930858612,160248000
2014-11-17 00:00:00-05:00,0.4925000071525574,0.49775001406669617,0.4892500042915344,0.4925000071525574,158732000
2014-11-18 00:00:00-05:00,0.49274998903274536,0.5055000185966492,0.49149999022483826,0.5042499899864197,207772000
2014-11-19 00:00:00-05:00,0.5024999976158142,0.5040000081062317,0.4950000047683716,0.500249981880188,240300000
2014-11-20 00:00:00-05:00,0.49674999713897705,0.5090000033378601,0.49524998664855957,0.5084999799728394,220968000
2014-11-21 00:00:00-05:00,0.5130000114440918,0.5137500166893005,0.5070000290870667,0.5112500190734863,198976000
2014-11-24 00:00:00-05:00,0.512499988079071,0.5167499780654907,0.5105000138282776,0.5145000219345093,136004000
2014-11-25 00:00:00-05:00,0.5134999752044678,0.5180000066757202,0.512499988079071,0.5142499804496765,190240000
2014-11-26 00:00:00-05:00,0.5112500190734863,0.5235000252723694,0.5109999775886536,0.5230000019073486,219264000
2014-11-28 00:00:00-05:00,0.5247499942779541,0.5272499918937683,0.5199999809265137,0.5242499709129333,124832000
2014-12-01 00:00:00-05:00,0.5220000147819519,0.5249999761581421,0.5137500166893005,0.5145000219345093,190060000
2014-12-02 00:00:00-05:00,0.5139999985694885,0.5174999833106995,0.5092499852180481,0.515250027179718,245952000
2014-12-03 00:00:00-05:00,0.5177500247955322,0.5287500023841858,0.5162500143051147,0.5285000205039978,284424000
2014-12-04 00:00:00-05:00,0.5277500152587891,0.5297499895095825,0.5202500224113464,0.5237500071525574,185332000
2014-12-05 00:00:00-05:00,0.5239999890327454,0.5295000076293945,0.5237500071525574,0.5267500281333923,165680000
2014-12-08 00:00:00-05:00,0.5260000228881836,0.53125,0.515749990940094,0.5199999809265137,226944000
2014-12-09 00:00:00-05:00,0.5167499780654907,0.5195000171661377,0.5090000033378601,0.5182499885559082,239448000
2014-12-10 00:00:00-05:00,0.5167499780654907,0.518750011920929,0.5062500238418579,0.5067499876022339,204364000
2014-12-11 00:00:00-05:00,0.5097500085830688,0.5132499933242798,0.5055000185966492,0.5065000057220459,135652000
2014-12-12 00:00:00-05:00,0.4997499883174896,0.5042499899864197,0.49024999141693115,0.4907500147819519,323964000
2014-12-15 00:00:00-05:00,0.4964999854564667,0.5055000185966492,0.48774999380111694,0.4892500042915344,254696000
2014-12-16 00:00:00-05:00,0.48875001072883606,0.4964999854564667,0.48350000381469727,0.48374998569488525,185308000
2014-12-17 00:00:00-05:00,0.4934999942779541,0.5042499899864197,0.47749999165534973,0.5034999847412109,345596000
2014-12-18 00:00:00-05:00,0.5097500085830688,0.515749990940094,0.5007500052452087,0.5055000185966492,226156000
2014-12-19 00:00:00-05:00,0.5090000033378601,0.512499988079071,0.5042499899864197,0.5105000138282776,325528000
2014-12-22 00:00:00-05:00,0.5099999904632568,0.5195000171661377,0.5082499980926514,0.5195000171661377,148976000
2014-12-23 00:00:00-05:00,0.5235000252723694,0.5260000228881836,0.515749990940094,0.5162500143051147,109280000
2014-12-24 00:00:00-05:00,0.5174999833106995,0.5182499885559082,0.5137500166893005,0.5142499804496765,45644000
2014-12-26 00:00:00-05:00,0.5142499804496765,0.5174999833106995,0.5130000114440918,0.5147500038146973,52636000
2014-12-29 00:00:00-05:00,0.5132499933242798,0.5174999833106995,0.5107499957084656,0.5139999985694885,82944000
2014-12-30 00:00:00-05:00,0.5105000138282776,0.5130000114440918,0.5084999799728394,0.5092499852180481,112120000
2014-12-31 00:00:00-05:00,0.5099999904632568,0.5127500295639038,0.4997499883174896,0.5012500286102295,166300000
2015-01-02 00:00:00-05:00,0.503250002861023,0.5070000290870667,0.49524998664855957,0.503250002861023,113680000
2015-01-05 00:00:00-05:00,0.503250002861023,0.5047500133514404,0.4925000071525574,0.4947499930858612,197952000
2015-01-06 00:00:00-05:00,0.49549999833106995,0.4959999918937683,0.4792500138282776,0.47975000739097595,197764000
2015-01-07 00:00:00-05:00,0.4832499921321869,0.48750001192092896,0.47699999809265137,0.47850000858306885,321808000
2015-01-08 00:00:00-05:00,0.48399999737739563,0.49950000643730164,0.48374998569488525,0.4964999854564667,283780000
2015-01-09 00:00:00-05:00,0.49825000762939453,0.5022500157356262,0.49149999022483826,0.4984999895095825,209540000
2015-01-12 00:00:00-05:00,0.4997499883174896,0.5,0.48774999380111694,0.492249995470047,190732000
2015-01-13 00:00:00-05:00,0.4959999918937683,0.5059999823570251,0.4880000054836273,0.49149999022483826,236720000
2015-01-14 00:00:00-05:00,0.48625001311302185,0.4950000047683716,0.48500001430511475,0.4934999942779541,155260000
2015-01-15 00:00:00-05:00,0.4970000088214874,0.5,0.4897499978542328,0.49000000953674316,188932000
2015-01-16 00:00:00-05:00,0.4892500042915344,0.49950000643730164,0.48774999380111694,0.49900001287460327,181512000
2015-01-20 00:00:00-05:00,0.5024999976158142,0.5052499771118164,0.49424999952316284,0.5005000233650208,140308000
2015-01-21 00:00:00-05:00,0.49775001406669617,0.5087500214576721,0.49424999952316284,0.5074999928474426,144780000
2015-01-22 00:00:00-05:00,0.5084999799728394,0.5177500247955322,0.503250002861023,0.5162500143051147,159712000
2015-01-23 00:00:00-05:00,0.5167499780654907,0.518750011920929,0.512499988079071,0.5177500247955322,120416000
2015-01-26 00:00:00-05:00,0.515500009059906,0.5180000066757202,0.5122500061988831,0.515500009059906,133240000
2015-01-27 00:00:00-05:00,0.5074999928474426,0.5080000162124634,0.4897499978542328,0.4907500147819519,357948000
2015-01-28 00:00:00-05:00,0.49674999713897705,0.4987500011920929,0.48249998688697815,0.4827499985694885,272728000
2015-01-29 00:00:00-05:00,0.4830000102519989,0.4972499907016754,0.4807499945163727,0.4945000112056732,235340000
2015-01-30 00:00:00-05:00,0.4909999966621399,0.49674999713897705,0.4792500138282776,0.47999998927116394,298200000
2015-02-02 00:00:00-05:00,0.4830000102519989,0.4925000071525574,0.47350001335144043,0.49050000309944153,259604000
2015-02-03 00:00:00-05:00,0.49399998784065247,0.503250002861023,0.49149999022483826,0.5027499794960022,183468000
2015-02-04 00:00:00-05:00,0.5012500286102295,0.5097500085830688,0.4997499883174896,0.5040000081062317,181516000
2015-02-05 00:00:00-05:00,0.5044999718666077,0.512499988079071,0.5040000081062317,0.5122500061988831,140448000
2015-02-06 00:00:00-05:00,0.5117499828338623,0.5177500247955322,0.5077499747276306,0.5099999904632568,210524000
2015-02-09 00:00:00-05:00,0.5070000290870667,0.5109999775886536,0.5037500262260437,0.5095000267028809,273944000
2015-02-10 00:00:00-05:00,0.5099999904632568,0.5239999890327454,0.5077499747276306,0.5237500071525574,226204000
2015-02-11 00:00:00-05:00,0.5249999761581421,0.5249999761581421,0.5167499780654907,0.5202500224113464,320832000
2015-02-12 00:00:00-05:00,0.550000011920929,0.5625,0.546750009059906,0.5575000047683716,676904000
2015-02-13 00:00:00-05:00,0.5562499761581421,0.5584999918937683,0.5477499961853027,0.5577499866485596,310084000
2015-02-17 00:00:00-05:00,0.5567499995231628,0.562250018119812,0.5532500147819519,0.559499979019165,203340000
2015-02-18 00:00:00-05:00,0.5587499737739563,0.5597500205039978,0.5519999861717224,0.5529999732971191,170948000
2015-02-19 00:00:00-05:00,0.5600000023841858,0.5609999895095825,0.5519999861717224,0.5544999837875366,169432000
2015-02-20 00:00:00-05:00,0.5540000200271606,0.5587499737739563,0.550000011920929,0.5584999918937683,157752000
2015-02-23 00:00:00-05:00,0.5582500100135803,0.5582500100135803,0.5512499809265137,0.5540000200271606,125008000
2015-02-24 00:00:00-05:00,0.5540000200271606,0.5577499866485596,0.5490000247955322,0.5577499866485596,149356000
2015-02-25 00:00:00-05:00,0.5554999709129333,0.5580000281333923,0.5509999990463257,0.5534999966621399,123820000
2015-02-26 00:00:00-05:00,0.5540000200271606,0.5582500100135803,0.5504999756813049,0.5550000071525574,152864000
2015-02-27 00:00:00-05:00,0.5534999966621399,0.5547500252723694,0.5494999885559082,0.5515000224113464,157492000
2015-03-02 00:00:00-05:00,0.550000011920929,0.5680000185966492,0.5492500066757202,0.5649999976158142,301512000
2015-03-03 00:00:00-05:00,0.5607500076293945,0.5634999871253967,0.5527499914169312,0.5544999837875366,160344000
2015-03-04 00:00:00-05:00,0.5525000095367432,0.5619999766349792,0.5502499938011169,0.5607500076293945,226840000
2015-03-05 00:00:00-05:00,0.5607500076293945,0.5724999904632568,0.559249997138977,0.5715000033378601,323056000
2015-03-06 00:00:00-05:00,0.5682500004768372,0.5709999799728394,0.5632500052452087,0.5637500286102295,257392000
2015-03-09 00:00:00-04:00,0.5640000104904175,0.5695000290870667,0.562749981880188,0.5652499794960022,222388000
2015-03-10 00:00:00-04:00,0.5677499771118164,0.5787500143051147,0.5667499899864197,0.574999988079071,527212000
2015-03-11 00:00:00-04:00,0.574999988079071,0.5824999809265137,0.5705000162124634,0.5720000267028809,262120000
2015-03-12 00:00:00-04:00,0.5665000081062317,0.5707499980926514,0.5559999942779541,0.5667499899864197,406972000
2015-03-13 00:00:00-04:00,0.5640000104904175,0.5690000057220459,0.5562499761581421,0.5674999952316284,359288000
2015-03-16 00:00:00-04:00,0.5720000267028809,0.577750027179718,0.5682500004768372,0.5742499828338623,236956000
2015-03-17 00:00:00-04:00,0.5730000138282776,0.5814999938011169,0.5690000057220459,0.581250011920929,299900000
2015-03-18 00:00:00-04:00,0.581250011920929,0.5842499732971191,0.5665000081062317,0.5717499852180481,413844000
2015-03-19 00:00:00-04:00,0.5737500190734863,0.5824999809265137,0.5695000290870667,0.5805000066757202,310756000
2015-03-20 00:00:00-04:00,0.5852500200271606,0.5902500152587891,0.5797500014305115,0.5867499709129333,462084000
2015-03-23 00:00:00-04:00,0.5692499876022339,0.5767499804496765,0.5674999952316284,0.5677499771118164,426012000
2015-03-24 00:00:00-04:00,0.5659999847412109,0.5699999928474426,0.5575000047683716,0.5600000023841858,330480000
2015-03-25 00:00:00-04:00,0.5597500205039978,0.5597500205039978,0.5242499709129333,0.5260000228881836,542552000
2015-03-26 00:00:00-04:00,0.515250027179718,0.5264999866485596,0.5115000009536743,0.5242499709129333,311920000
2015-03-27 00:00:00-04:00,0.5272499918937683,0.5364999771118164,0.518750011920929,0.534500002861023,318288000
2015-03-30 00:00:00-04:00,0.5370000004768372,0.5394999980926514,0.5299999713897705,0.5367500185966492,253252000
2015-03-31 00:00:00-04:00,0.5352500081062317,0.5357499718666077,0.5227500200271606,0.5232499837875366,357276000
2015-04-01 00:00:00-04:00,0.5252500176429749,0.5270000100135803,0.5162500143051147,0.5252500176429749,330768000
2015-04-02 00:00:00-04:00,0.528249979019165,0.5297499895095825,0.5220000147819519,0.5264999866485596,192204000
2015-04-06 00:00:00-04:00,0.5242499709129333,0.5435000061988831,0.518750011920929,0.5417500138282776,515864000
2015-04-07 00:00:00-04:00,0.5417500138282776,0.5525000095367432,0.5387499928474426,0.546500027179718,413964000
2015-04-08 00:00:00-04:00,0.546999990940094,0.5525000095367432,0.5417500138282776,0.5504999756813049,366432000
2015-04-09 00:00:00-04:00,0.5462499856948853,0.5649999976158142,0.5460000038146973,0.5632500052452087,379432000
2015-04-10 00:00:00-04:00,0.5637500286102295,0.5692499876022339,0.5617499947547913,0.5690000057220459,258728000
2015-04-13 00:00:00-04:00,0.5677499771118164,0.5709999799728394,0.5612499713897705,0.5637500286102295,236724000
2015-04-14 00:00:00-04:00,0.5615000128746033,0.5637500286102295,0.5534999966621399,0.5590000152587891,220276000
2015-04-15 00:00:00-04:00,0.5605000257492065,0.5699999928474426,0.5577499866485596,0.565750002861023,243560000
2015-04-16 00:00:00-04:00,0.5625,0.5672500133514404,0.5582500100135803,0.562250018119812,155284000
2015-04-17 00:00:00-04:00,0.5504999756813049,0.5605000257492065,0.5502499938011169,0.5550000071525574,293636000
2015-04-20 00:00:00-04:00,0.5575000047683716,0.5609999895095825,0.5512499809265137,0.5522500276565552,231624000
2015-04-21 00:00:00-04:00,0.5590000152587891,0.5590000152587891,0.5487499833106995,0.5515000224113464,230456000
2015-04-22 00:00:00-04:00,0.5547500252723694,0.5584999918937683,0.5462499856948853,0.5577499866485596,207420000
2015-04-23 00:00:00-04:00,0.5475000143051147,0.5607500076293945,0.5412499904632568,0.5554999709129333,259380000
2015-04-24 00:00:00-04:00,0.5552499890327454,0.5554999709129333,0.5444999933242798,0.5507500171661377,240960000
2015-04-27 00:00:00-04:00,0.5525000095367432,0.5647500157356262,0.5477499961853027,0.5550000071525574,248456000
2015-04-28 00:00:00-04:00,0.5540000200271606,0.5597500205039978,0.5487499833106995,0.5577499866485596,234484000
2015-04-29 00:00:00-04:00,0.5537499785423279,0.559249997138977,0.5512499809265137,0.5534999966621399,195156000
2015-04-30 00:00:00-04:00,0.5507500171661377,0.5577499866485596,0.5494999885559082,0.5550000071525574,218844000
2015-05-01 00:00:00-04:00,0.559499979019165,0.5705000162124634,0.5569999814033508,0.5687500238418579,256968000
2015-05-04 00:00:00-04:00,0.5682500004768372,0.5720000267028809,0.5634999871253967,0.5652499794960022,200720000
2015-05-05 00:00:00-04:00,0.5632500052452087,0.5640000104904175,0.5482500195503235,0.5507500171661377,292928000
2015-05-06 00:00:00-04:00,0.5537499785423279,0.5590000152587891,0.5452499985694885,0.5525000095367432,316484000
2015-05-07 00:00:00-04:00,0.5502499938011169,0.5640000104904175,0.5485000014305115,0.562250018119812,534564000
2015-05-08 00:00:00-04:00,0.5252500176429749,0.5460000038146973,0.5122500061988831,0.5207499861717224,1146552000
2015-05-11 00:00:00-04:00,0.5134999752044678,0.5210000276565552,0.5095000267028809,0.515749990940094,544144000
2015-05-12 00:00:00-04:00,0.5120000243186951,0.5249999761581421,0.5117499828338623,0.5207499861717224,388800000
2015-05-13 00:00:00-04:00,0.5245000123977661,0.5285000205039978,0.518750011920929,0.5237500071525574,308524000
2015-05-14 00:00:00-04:00,0.5252500176429749,0.5350000262260437,0.5239999890327454,0.5322499871253967,293052000
2015-05-15 00:00:00-04:00,0.534500002861023,0.5370000004768372,0.5292500257492065,0.5325000286102295,215824000
2015-05-18 00:00:00-04:00,0.53125,0.5350000262260437,0.5287500023841858,0.5317500233650208,324972000
2015-05-19 00:00:00-04:00,0.5299999713897705,0.5317500233650208,0.5249999761581421,0.5260000228881836,253808000
2015-05-20 00:00:00-04:00,0.5262500047683716,0.5325000286102295,0.5254999995231628,0.5260000228881836,196824000
2015-05-21 00:00:00-04:00,0.5262500047683716,0.5285000205039978,0.5217499732971191,0.5222499966621399,239692000
2015-05-22 00:00:00-04:00,0.5235000252723694,0.5254999995231628,0.5202500224113464,0.5214999914169312,212592000
2015-05-26 00:00:00-04:00,0.5189999938011169,0.5224999785423279,0.5142499804496765,0.5182499885559082,259732000
2015-05-27 00:00:00-04:00,0.5217499732971191,0.5485000014305115,0.5199999809265137,0.5460000038146973,432332000
2015-05-28 00:00:00-04:00,0.5460000038146973,0.5552499890327454,0.5450000166893005,0.5534999966621399,327656000
2015-05-29 00:00:00-04:00,0.5534999966621399,0.5569999814033508,0.5525000095367432,0.5532500147819519,335168000
2015-06-01 00:00:00-04:00,0.5567499995231628,0.5649999976158142,0.5532500147819519,0.559499979019165,372660000
2015-06-02 00:00:00-04:00,0.5559999942779541,0.5590000152587891,0.5479999780654907,0.5485000014305115,224304000
2015-06-03 00:00:00-04:00,0.550000011920929,0.5542500019073486,0.5414999723434448,0.5425000190734863,250788000
2015-06-04 00:00:00-04:00,0.5392500162124634,0.5540000200271606,0.5392500162124634,0.5522500276565552,323712000
2015-06-05 00:00:00-04:00,0.5504999756813049,0.5590000152587891,0.5447499752044678,0.5565000176429749,313320000
2015-06-08 00:00:00-04:00,0.5547500252723694,0.5584999918937683,0.5375000238418579,0.543749988079071,342812000
2015-06-09 00:00:00-04:00,0.5442500114440918,0.5504999756813049,0.5432500243186951,0.546500027179718,256888000
2015-06-10 00:00:00-04:00,0.5400000214576721,0.5435000061988831,0.5337499976158142,0.5367500185966492,529460000
2015-06-11 00:00:00-04:00,0.5367500185966492,0.5462499856948853,0.5367500185966492,0.5425000190734863,283052000
2015-06-12 00:00:00-04:00,0.5389999747276306,0.5422499775886536,0.5264999866485596,0.5277500152587891,323728000
2015-06-15 00:00:00-04:00,0.5249999761581421,0.5292500257492065,0.5210000276565552,0.5267500281333923,306548000
2015-06-16 00:00:00-04:00,0.5257499814033508,0.5339999794960022,0.5205000042915344,0.5332499742507935,256892000
2015-06-17 00:00:00-04:00,0.5329999923706055,0.5425000190734863,0.5317500233650208,0.5394999980926514,233544000
2015-06-18 00:00:00-04:00,0.5440000295639038,0.5519999861717224,0.5425000190734863,0.5485000014305115,299404000
2015-06-19 00:00:00-04:00,0.5485000014305115,0.5529999732971191,0.5417500138282776,0.546750009059906,355656000
2015-06-22 00:00:00-04:00,0.5477499961853027,0.5507500171661377,0.5362499952316284,0.5444999933242798,514236000
2015-06-23 00:00:00-04:00,0.5454999804496765,0.5497499704360962,0.5262500047683716,0.5304999947547913,414064000
2015-06-24 00:00:00-04:00,0.5297499895095825,0.5325000286102295,0.5227500200271606,0.5252500176429749,253368000
2015-06-25 00:00:00-04:00,0.5252500176429749,0.5325000286102295,0.5252500176429749,0.5292500257492065,350460000
2015-06-26 00:00:00-04:00,0.5249999761581421,0.5254999995231628,0.5162500143051147,0.5184999704360962,421296000
2015-06-29 00:00:00-04:00,0.512499988079071,0.5177500247955322,0.5022500157356262,0.503000020980835,391724000
2015-06-30 00:00:00-04:00,0.5059999823570251,0.5082499980926514,0.49924999475479126,0.5027499794960022,315916000
2015-07-01 00:00:00-04:00,0.515250027179718,0.5224999785423279,0.5055000185966492,0.5099999904632568,302892000
2015-07-02 00:00:00-04:00,0.5097500085830688,0.5137500166893005,0.5072500109672546,0.5105000138282776,145764000
2015-07-06 00:00:00-04:00,0.5062500238418579,0.5132499933242798,0.5005000233650208,0.5042499899864197,214776000
2015-07-07 00:00:00-04:00,0.5012500286102295,0.503250002861023,0.4790000021457672,0.4947499930858612,594252000
2015-07-08 00:00:00-04:00,0.492000013589859,0.4950000047683716,0.4872500002384186,0.49125000834465027,332492000
2015-07-09 00:00:00-04:00,0.49900001287460327,0.5012500286102295,0.48225000500679016,0.48524999618530273,357588000
2015-07-10 00:00:00-04:00,0.49149999022483826,0.49825000762939453,0.49024999141693115,0.4937500059604645,216708000
2015-07-13 00:00:00-04:00,0.4987500011920929,0.4997499883174896,0.4937500059604645,0.4970000088214874,212472000
2015-07-14 00:00:00-04:00,0.49775001406669617,0.49825000762939453,0.4907500147819519,0.4972499907016754,249216000
2015-07-15 00:00:00-04:00,0.4959999918937683,0.49924999475479126,0.4892500042915344,0.4937500059604645,265732000
2015-07-16 00:00:00-04:00,0.49674999713897705,0.5047500133514404,0.4950000047683716,0.5047500133514404,282848000
2015-07-17 00:00:00-04:00,0.503000020980835,0.5034999847412109,0.49524998664855957,0.5017499923706055,220372000
2015-07-20 00:00:00-04:00,0.5017499923706055,0.5037500262260437,0.49125000834465027,0.4925000071525574,188412000
2015-07-21 00:00:00-04:00,0.49149999022483826,0.5017499923706055,0.49149999022483826,0.4947499930858612,149720000
2015-07-22 00:00:00-04:00,0.49125000834465027,0.49125000834465027,0.4792500138282776,0.48524999618530273,356472000
2015-07-23 00:00:00-04:00,0.48625001311302185,0.4984999895095825,0.48524999618530273,0.49125000834465027,169916000
2015-07-24 00:00:00-04:00,0.4947499930858612,0.49524998664855957,0.48350000381469727,0.4855000078678131,188844000
2015-07-27 00:00:00-04:00,0.48124998807907104,0.4882499873638153,0.47725000977516174,0.4827499985694885,192420000
2015-07-28 00:00:00-04:00,0.48399999737739563,0.4964999854564667,0.4790000021457672,0.4932500123977661,198308000
2015-07-29 00:00:00-04:00,0.492249995470047,0.503250002861023,0.49024999141693115,0.49924999475479126,232680000
2015-07-30 00:00:00-04:00,0.49799999594688416,0.5055000185966492,0.49799999594688416,0.5005000233650208,190180000
2015-07-31 00:00:00-04:00,0.5024999976158142,0.5027499794960022,0.4957500100135803,0.4987500011920929,218340000
2015-08-03 00:00:00-04:00,0.5027499794960022,0.5077499747276306,0.4962500035762787,0.5072500109672546,397132000
2015-08-04 00:00:00-04:00,0.5055000185966492,0.5107499957084656,0.5034999847412109,0.5092499852180481,260100000
2015-08-05 00:00:00-04:00,0.5217499732971191,0.5222499966621399,0.5134999752044678,0.5145000219345093,234628000
2015-08-06 00:00:00-04:00,0.5132499933242798,0.5170000195503235,0.5027499794960022,0.5112500190734863,655676000
2015-08-07 00:00:00-04:00,0.5615000128746033,0.5842499732971191,0.546999990940094,0.5745000243186951,1405248000
2015-08-10 00:00:00-04:00,0.5705000162124634,0.5987499952316284,0.5669999718666077,0.5945000052452087,662304000
2015-08-11 00:00:00-04:00,0.5857499837875366,0.5972499847412109,0.5857499837875366,0.5914999842643738,435008000
2015-08-12 00:00:00-04:00,0.5820000171661377,0.5972499847412109,0.5820000171661377,0.5929999947547913,384048000
2015-08-13 00:00:00-04:00,0.59375,0.5950000286102295,0.5864999890327454,0.5879999995231628,276884000
2015-08-14 00:00:00-04:00,0.5874999761581421,0.5920000076293945,0.5839999914169312,0.5885000228881836,214652000
2015-08-17 00:00:00-04:00,0.5874999761581421,0.5874999761581421,0.5774999856948853,0.5847499966621399,273880000
2015-08-18 00:00:00-04:00,0.5805000066757202,0.5845000147819519,0.5724999904632568,0.5770000219345093,287084000
2015-08-19 00:00:00-04:00,0.5762500166893005,0.5827500224113464,0.5684999823570251,0.5747500061988831,249248000
2015-08-20 00:00:00-04:00,0.5682500004768372,0.5709999799728394,0.5512499809265137,0.5540000200271606,426932000
2015-08-21 00:00:00-04:00,0.550000011920929,0.559249997138977,0.5362499952316284,0.5367500185966492,382664000
2015-08-24 00:00:00-04:00,0.5067499876022339,0.5457500219345093,0.5,0.5177500247955322,682284000
2015-08-25 00:00:00-04:00,0.5404999852180481,0.5425000190734863,0.5070000290870667,0.5070000290870667,622684000
2015-08-26 00:00:00-04:00,0.5235000252723694,0.5457500219345093,0.5195000171661377,0.5452499985694885,614976000
2015-08-27 00:00:00-04:00,0.5509999990463257,0.5659999847412109,0.5477499961853027,0.565750002861023,463764000
2015-08-28 00:00:00-04:00,0.565750002861023,0.5717499852180481,0.5617499947547913,0.5682500004768372,320944000
2015-08-31 00:00:00-04:00,0.565500020980835,0.5695000290870667,0.5597500205039978,0.5619999766349792,219352000
2015-09-01 00:00:00-04:00,0.5457500219345093,0.5550000071525574,0.5350000262260437,0.5389999747276306,353408000
2015-09-02 00:00:00-04:00,0.5537499785423279,0.5554999709129333,0.5444999933242798,0.5552499890327454,344044000
2015-09-03 00:00:00-04:00,0.5634999871253967,0.5662500262260437,0.5557500123977661,0.5567499995231628,262556000
2015-09-04 00:00:00-04:00,0.547249972820282,0.5559999942779541,0.5435000061988831,0.543749988079071,287972000
2015-09-08 00:00:00-04:00,0.5569999814033508,0.5692499876022339,0.5547500252723694,0.5669999718666077,238448000
2015-09-09 00:00:00-04:00,0.5687500238418579,0.5734999775886536,0.5544999837875366,0.5557500123977661,289392000
2015-09-10 00:00:00-04:00,0.5525000095367432,0.5715000033378601,0.550000011920929,0.5644999742507935,357076000
2015-09-11 00:00:00-04:00,0.5582500100135803,0.5699999928474426,0.5559999942779541,0.5662500262260437,301584000
2015-09-14 00:00:00-04:00,0.5690000057220459,0.5707499980926514,0.5642499923706055,0.5672500133514404,192460000
2015-09-15 00:00:00-04:00,0.5674999952316284,0.5764999985694885,0.565750002861023,0.5734999775886536,327976000
2015-09-16 00:00:00-04:00,0.5724999904632568,0.5807499885559082,0.5682500004768372,0.5774999856948853,173508000
2015-09-17 00:00:00-04:00,0.5874999761581421,0.5927500128746033,0.5814999938011169,0.5827500224113464,268712000
2015-09-18 00:00:00-04:00,0.5747500061988831,0.5872499942779541,0.5712500214576721,0.5822499990463257,326412000
2015-09-21 00:00:00-04:00,0.5830000042915344,0.5895000100135803,0.5799999833106995,0.5882499814033508,281840000
2015-09-22 00:00:00-04:00,0.5755000114440918,0.5795000195503235,0.5692499876022339,0.5722500085830688,228356000
2015-09-23 00:00:00-04:00,0.5727499723434448,0.578499972820282,0.5705000162124634,0.574999988079071,161632000
2015-09-24 00:00:00-04:00,0.5715000033378601,0.5920000076293945,0.5625,0.5860000252723694,382440000
2015-09-25 00:00:00-04:00,0.5932499766349792,0.6017500162124634,0.5845000147819519,0.5902500152587891,369692000
2015-09-28 00:00:00-04:00,0.5902500152587891,0.593999981880188,0.5787500143051147,0.5824999809265137,395584000
2015-09-29 00:00:00-04:00,0.5887500047683716,0.59375,0.5805000066757202,0.5927500128746033,380736000
2015-09-30 00:00:00-04:00,0.5982499718666077,0.6169999837875366,0.5947499871253967,0.6162499785423279,556380000
2015-10-01 00:00:00-04:00,0.6162499785423279,0.6179999709129333,0.5867499709129333,0.6042500138282776,489296000
2015-10-02 00:00:00-04:00,0.6010000109672546,0.6200000047683716,0.5947499871253967,0.6200000047683716,386144000
2015-10-05 00:00:00-04:00,0.6240000128746033,0.6432499885559082,0.6207500100135803,0.6355000138282776,482024000
2015-10-06 00:00:00-04:00,0.6287500262260437,0.6464999914169312,0.6262500286102295,0.643750011920929,453216000
2015-10-07 00:00:00-04:00,0.6452500224113464,0.6570000052452087,0.6347500085830688,0.6504999995231628,310152000
2015-10-08 00:00:00-04:00,0.6477500200271606,0.656000018119812,0.6367499828338623,0.6542500257492065,460068000
2015-10-09 00:00:00-04:00,0.6507499814033508,0.6570000052452087,0.6395000219345093,0.6517500281333923,423248000
2015-10-12 00:00:00-04:00,0.6524999737739563,0.6625000238418579,0.6477500200271606,0.6587499976158142,227588000
2015-10-13 00:00:00-04:00,0.6535000205039978,0.6639999747276306,0.6512500047683716,0.6600000262260437,298444000
2015-10-14 00:00:00-04:00,0.6607499718666077,0.6947500109672546,0.6600000262260437,0.6840000152587891,612148000
2015-10-15 00:00:00-04:00,0.6852499842643738,0.6997500061988831,0.6782500147819519,0.6857500076293945,526048000
2015-10-16 00:00:00-04:00,0.6880000233650208,0.703000009059906,0.6862499713897705,0.6965000033378601,448396000
2015-10-19 00:00:00-04:00,0.6987500190734863,0.7020000219345093,0.687250018119812,0.6952499747276306,294712000
2015-10-20 00:00:00-04:00,0.6922500133514404,0.6974999904632568,0.6869999766349792,0.6942499876022339,264824000
2015-10-21 00:00:00-04:00,0.6984999775886536,0.702750027179718,0.6840000152587891,0.6852499842643738,386280000
2015-10-22 00:00:00-04:00,0.6932500004768372,0.7122499942779541,0.6922500133514404,0.7099999785423279,306884000
2015-10-23 00:00:00-04:00,0.7162500023841858,0.7195000052452087,0.7055000066757202,0.7147499918937683,381776000
2015-10-26 00:00:00-04:00,0.7152500152587891,0.7170000076293945,0.7049999833106995,0.7114999890327454,247436000
2015-10-27 00:00:00-04:00,0.7080000042915344,0.715499997138977,0.7074999809265137,0.7110000252723694,208268000
2015-10-28 00:00:00-04:00,0.715499997138977,0.7167500257492065,0.7049999833106995,0.7167500257492065,217036000
2015-10-29 00:00:00-04:00,0.7052500247955322,0.7124999761581421,0.690750002861023,0.6919999718666077,327168000
2015-10-30 00:00:00-04:00,0.6995000243186951,0.7142500281333923,0.6942499876022339,0.7092499732971191,301160000
2015-11-02 00:00:00-05:00,0.7114999890327454,0.7182499766349792,0.7072499990463257,0.7174999713897705,190088000
2015-11-03 00:00:00-05:00,0.7132499814033508,0.7172499895095825,0.7045000195503235,0.7124999761581421,376768000
2015-11-04 00:00:00-05:00,0.7105000019073486,0.715749979019165,0.6974999904632568,0.7007499933242798,442264000
2015-11-05 00:00:00-05:00,0.7042499780654907,0.706250011920929,0.690750002861023,0.6927499771118164,478800000
2015-11-06 00:00:00-05:00,0.7612500190734863,0.7985000014305115,0.7455000281333923,0.7887499928474426,1172272000
2015-11-09 00:00:00-05:00,0.781000018119812,0.7875000238418579,0.7742499709129333,0.7852500081062317,492568000
2015-11-10 00:00:00-05:00,0.7749999761581421,0.7792500257492065,0.7537500262260437,0.7702500224113464,552260000
2015-11-11 00:00:00-05:00,0.7707499861717224,0.7762500047683716,0.7599999904632568,0.7627500295639038,619896000
2015-11-12 00:00:00-05:00,0.7609999775886536,0.7680000066757202,0.7567499876022339,0.7599999904632568,291080000
2015-11-13 00:00:00-05:00,0.7607499957084656,0.7639999985694885,0.7412499785423279,0.7450000047683716,292940000
2015-11-16 00:00:00-05:00,0.7547500133514404,0.7605000138282776,0.7487499713897705,0.7599999904632568,344280000
2015-11-17 00:00:00-05:00,0.7620000243186951,0.7664999961853027,0.7567499876022339,0.7599999904632568,257048000
2015-11-18 00:00:00-05:00,0.7602499723434448,0.7767500281333923,0.7519999742507935,0.7757499814033508,350216000
2015-11-19 00:00:00-05:00,0.7785000205039978,0.7857499718666077,0.7722499966621399,0.777999997138977,254072000
2015-11-20 00:00:00-05:00,0.7837499976158142,0.7892500162124634,0.7789999842643738,0.7847499847412109,239744000
2015-11-23 00:00:00-05:00,0.7912499904632568,0.7912499904632568,0.7702500224113464,0.7730000019073486,242552000
2015-11-24 00:00:00-05:00,0.7730000019073486,0.7860000133514404,0.7695000171661377,0.7792500257492065,195428000
2015-11-25 00:00:00-05:00,0.7777500152587891,0.7870000004768372,0.7754999995231628,0.778249979019165,138300000
2015-11-27 00:00:00-05:00,0.7797499895095825,0.7872499823570251,0.7757499814033508,0.7847499847412109,86996000
2015-11-30 00:00:00-05:00,0.7854999899864197,0.796500027179718,0.7847499847412109,0.7929999828338623,327244000
2015-12-01 00:00:00-05:00,0.800000011920929,0.8195000290870667,0.7992500066757202,0.8187500238418579,409496000
2015-12-02 00:00:00-05:00,0.8199999928474426,0.828499972820282,0.8107500076293945,0.8125,294240000
2015-12-03 00:00:00-05:00,0.8190000057220459,0.8274999856948853,0.8067499995231628,0.8107500076293945,246656000
2015-12-04 00:00:00-05:00,0.8107500076293945,0.8452500104904175,0.8107500076293945,0.84375,458756000
2015-12-07 00:00:00-05:00,0.843500018119812,0.843500018119812,0.8252500295639038,0.827750027179718,333588000
2015-12-08 00:00:00-05:00,0.8174999952316284,0.8424999713897705,0.812250018119812,0.8389999866485596,314488000
2015-12-09 00:00:00-05:00,0.8387500047683716,0.84375,0.809249997138977,0.8177499771118164,372676000
2015-12-10 00:00:00-05:00,0.8202499747276306,0.8289999961853027,0.8174999952316284,0.8245000243186951,236596000
2015-12-11 00:00:00-05:00,0.8162500262260437,0.8220000267028809,0.8105000257492065,0.812250018119812,227320000
2015-12-14 00:00:00-05:00,0.8130000233650208,0.8187500238418579,0.8044999837875366,0.8142499923706055,275892000
2015-12-15 00:00:00-05:00,0.8234999775886536,0.8299999833106995,0.8190000057220459,0.8242499828338623,307296000
2015-12-16 00:00:00-05:00,0.8259999752044678,0.8320000171661377,0.8187500238418579,0.8292499780654907,236356000
2015-12-17 00:00:00-05:00,0.8305000066757202,0.8389999866485596,0.8162500262260437,0.8167499899864197,254160000
2015-12-18 00:00:00-05:00,0.8109999895095825,0.8192499876022339,0.8025000095367432,0.8034999966621399,395896000
2015-12-21 00:00:00-05:00,0.812250018119812,0.8232499957084656,0.8050000071525574,0.8224999904632568,284216000
2015-12-22 00:00:00-05:00,0.824999988079071,0.8314999938011169,0.8182500004768372,0.8232499957084656,130012000
2015-12-23 00:00:00-05:00,0.8245000243186951,0.8297500014305115,0.8230000138282776,0.8264999985694885,122524000
2015-12-24 00:00:00-05:00,0.8240000009536743,0.831250011920929,0.8227499723434448,0.8292499780654907,52448000
2015-12-28 00:00:00-05:00,0.8205000162124634,0.828499972820282,0.8090000152587891,0.828499972820282,142024000
2015-12-29 00:00:00-05:00,0.8289999961853027,0.8445000052452087,0.8267499804496765,0.8420000076293945,203660000
2015-12-30 00:00:00-05:00,0.8412500023841858,0.8485000133514404,0.8345000147819519,0.8347499966621399,180344000
2015-12-31 00:00:00-05:00,0.8335000276565552,0.8372499942779541,0.8240000009536743,0.8240000009536743,148528000
2016-01-04 00:00:00-05:00,0.8072500228881836,0.8144999742507935,0.8009999990463257,0.809249997138977,358076000
2016-01-05 00:00:00-05:00,0.8245000243186951,0.8360000252723694,0.8125,0.8222500085830688,490272000
2016-01-06 00:00:00-05:00,0.8087499737739563,0.8125,0.7789999842643738,0.7882500290870667,449344000
2016-01-07 00:00:00-05:00,0.7684999704360962,0.7737500071525574,0.746999979019165,0.7570000290870667,645304000
2016-01-08 00:00:00-05:00,0.7667499780654907,0.7674999833106995,0.7392500042915344,0.7407500147819519,398472000
2016-01-11 00:00:00-05:00,0.7415000200271606,0.7472500205039978,0.7287499904632568,0.7419999837875366,409372000
2016-01-12 00:00:00-05:00,0.7552499771118164,0.765500009059906,0.7492499947547913,0.7544999718666077,469356000
2016-01-13 00:00:00-05:00,0.7602499723434448,0.765250027179718,0.7307500243186951,0.7315000295639038,481672000
2016-01-14 00:00:00-05:00,0.7164999842643738,0.7250000238418579,0.6955000162124634,0.7167500257492065,600236000
2016-01-15 00:00:00-05:00,0.6880000233650208,0.6962500214576721,0.6660000085830688,0.6777499914169312,841452000
2016-01-19 00:00:00-05:00,0.6917499899864197,0.7112500071525574,0.6804999709129333,0.6832500100135803,457140000
2016-01-20 00:00:00-05:00,0.6702499985694885,0.6957499980926514,0.6612499952316284,0.6869999766349792,481180000
2016-01-21 00:00:00-05:00,0.6945000290870667,0.7057499885559082,0.6802499890327454,0.6949999928474426,481456000
2016-01-22 00:00:00-05:00,0.7082499861717224,0.7160000205039978,0.7067499756813049,0.7112500071525574,257996000
2016-01-25 00:00:00-05:00,0.7110000252723694,0.7192500233650208,0.7089999914169312,0.7105000019073486,270728000
2016-01-26 00:00:00-05:00,0.7120000123977661,0.7204999923706055,0.7047500014305115,0.7174999713897705,227944000
2016-01-27 00:00:00-05:00,0.7164999842643738,0.71875,0.6955000162124634,0.7089999914169312,231700000
2016-01-28 00:00:00-05:00,0.7147499918937683,0.7172499895095825,0.6875,0.7012500166893005,276776000
2016-01-29 00:00:00-05:00,0.7072499990463257,0.7337499856948853,0.7045000195503235,0.7322499752044678,310504000
2016-02-01 00:00:00-05:00,0.7315000295639038,0.7362499833106995,0.7252500057220459,0.7325000166893005,289884000
2016-02-02 00:00:00-05:00,0.7250000238418579,0.7287499904632568,0.6965000033378601,0.7014999985694885,341908000
2016-02-03 00:00:00-05:00,0.7070000171661377,0.7112500071525574,0.6887500286102295,0.7049999833106995,326772000
2016-02-04 00:00:00-05:00,0.7059999704360962,0.7212499976158142,0.6982499957084656,0.7052500247955322,348140000
2016-02-05 00:00:00-05:00,0.7005000114440918,0.7082499861717224,0.6587499976158142,0.6607499718666077,600428000
2016-02-08 00:00:00-05:00,0.6507499814033508,0.6539999842643738,0.6212499737739563,0.6305000185966492,608852000
2016-02-09 00:00:00-05:00,0.6230000257492065,0.6637499928474426,0.6200000047683716,0.6372500061988831,425372000
2016-02-10 00:00:00-05:00,0.6412500143051147,0.6597499847412109,0.6322500109672546,0.6357499957084656,335800000
2016-02-11 00:00:00-05:00,0.6194999814033508,0.6389999985694885,0.6194999814033508,0.6324999928474426,340144000
2016-02-12 00:00:00-05:00,0.6424999833106995,0.6445000171661377,0.6187499761581421,0.6432499885559082,340816000
2016-02-16 00:00:00-05:00,0.6524999737739563,0.6757500171661377,0.6504999995231628,0.6747499704360962,485352000
2016-02-17 00:00:00-05:00,0.6832500100135803,0.6980000138282776,0.6804999709129333,0.6915000081062317,771468000
2016-02-18 00:00:00-05:00,0.7482500076293945,0.7745000123977661,0.7475000023841858,0.7509999871253967,1068660000
2016-02-19 00:00:00-05:00,0.746999979019165,0.7677500247955322,0.7412499785423279,0.7609999775886536,525628000
2016-02-22 00:00:00-05:00,0.7720000147819519,0.796750009059906,0.7705000042915344,0.7879999876022339,449668000
2016-02-23 00:00:00-05:00,0.7817500233650208,0.7975000143051147,0.777999997138977,0.7900000214576721,369380000
2016-02-24 00:00:00-05:00,0.7867500185966492,0.796750009059906,0.7649999856948853,0.7954999804496765,336852000
2016-02-25 00:00:00-05:00,0.7985000014305115,0.8012499809265137,0.7829999923706055,0.797249972820282,349616000
2016-02-26 00:00:00-05:00,0.8009999990463257,0.8029999732971191,0.7839999794960022,0.7919999957084656,361964000
2016-02-29 00:00:00-05:00,0.7902500033378601,0.8004999756813049,0.7835000157356262,0.7839999794960022,323344000
2016-03-01 00:00:00-05:00,0.7860000133514404,0.8187500238418579,0.7847499847412109,0.8187500238418579,348700000
2016-03-02 00:00:00-05:00,0.8142499923706055,0.8264999985694885,0.812749981880188,0.8234999775886536,233812000
2016-03-03 00:00:00-05:00,0.8224999904632568,0.8259999752044678,0.8052499890327454,0.8162500262260437,302004000
2016-03-04 00:00:00-05:00,0.8224999904632568,0.8232499957084656,0.8075000047683716,0.8137500286102295,175304000
2016-03-07 00:00:00-05:00,0.809249997138977,0.8147500157356262,0.7979999780654907,0.8084999918937683,239968000
2016-03-08 00:00:00-05:00,0.8002499938011169,0.8050000071525574,0.7912499904632568,0.793749988079071,274940000
2016-03-09 00:00:00-05:00,0.8007500171661377,0.8019999861717224,0.7829999923706055,0.7932500243186951,222788000
2016-03-10 00:00:00-05:00,0.7979999780654907,0.8025000095367432,0.7760000228881836,0.7919999957084656,286084000
2016-03-11 00:00:00-05:00,0.8037499785423279,0.8057500123977661,0.7942500114440918,0.8054999709129333,277400000
2016-03-14 00:00:00-04:00,0.8017500042915344,0.8107500076293945,0.7979999780654907,0.8075000047683716,190312000
2016-03-15 00:00:00-04:00,0.8032500147819519,0.8084999918937683,0.7892500162124634,0.8034999966621399,226216000
2016-03-16 00:00:00-04:00,0.7975000143051147,0.8302500247955322,0.793749988079071,0.8274999856948853,363644000
2016-03-17 00:00:00-04:00,0.8245000243186951,0.828499972820282,0.809249997138977,0.8205000162124634,353680000
2016-03-18 00:00:00-04:00,0.8302500247955322,0.856249988079071,0.824999988079071,0.8452500104904175,545512000
2016-03-21 00:00:00-04:00,0.8377500176429749,0.8479999899864197,0.8287500143051147,0.8477500081062317,337780000
2016-03-22 00:00:00-04:00,0.8450000286102295,0.8522499799728394,0.8357499837875366,0.8462499976158142,242012000
2016-03-23 00:00:00-04:00,0.8500000238418579,0.8669999837875366,0.8462499976158142,0.8607500195503235,429008000
2016-03-24 00:00:00-04:00,0.8529999852180481,0.8634999990463257,0.8502500057220459,0.8619999885559082,244956000
2016-03-28 00:00:00-04:00,0.8604999780654907,0.8744999766349792,0.859499990940094,0.8707500100135803,265388000
2016-03-29 00:00:00-04:00,0.8669999837875366,0.8867499828338623,0.8650000095367432,0.8847500085830688,261812000
2016-03-30 00:00:00-04:00,0.8880000114440918,0.90625,0.887499988079071,0.8939999938011169,376700000
2016-03-31 00:00:00-04:00,0.8980000019073486,0.8999999761581421,0.8837500214576721,0.890749990940094,379884000
2016-04-01 00:00:00-04:00,0.8852499723434448,0.9042500257492065,0.8784999847412109,0.9037500023841858,348292000
2016-04-04 00:00:00-04:00,0.9112499952316284,0.9160000085830688,0.8914999961853027,0.8949999809265137,393940000
2016-04-05 00:00:00-04:00,0.8870000243186951,0.9020000100135803,0.8834999799728394,0.893750011920929,339568000
2016-04-06 00:00:00-04:00,0.8824999928474426,0.8955000042915344,0.8657500147819519,0.8949999809265137,453376000
2016-04-07 00:00:00-04:00,0.8892499804496765,0.8972499966621399,0.8820000290870667,0.8857499957084656,378104000
2016-04-08 00:00:00-04:00,0.8930000066757202,0.8987500071525574,0.8827499747276306,0.8914999961853027,255936000
2016-04-11 00:00:00-04:00,0.8967499732971191,0.9117500185966492,0.8939999938011169,0.8970000147819519,387524000
2016-04-12 00:00:00-04:00,0.8999999761581421,0.9012500047683716,0.8784999847412109,0.8960000276565552,292764000
2016-04-13 00:00:00-04:00,0.8999999761581421,0.918749988079071,0.8999999761581421,0.9185000061988831,350716000
2016-04-14 00:00:00-04:00,0.9160000085830688,0.925000011920929,0.9122499823570251,0.9210000038146973,416564000
2016-04-15 00:00:00-04:00,0.9207500219345093,0.9365000128746033,0.9177500009536743,0.9282500147819519,436972000
2016-04-18 00:00:00-04:00,0.9265000224113464,0.9265000224113464,0.9152500033378601,0.9242500066757202,307320000
2016-04-19 00:00:00-04:00,0.9277499914169312,0.9294999837875366,0.9020000100135803,0.9077500104904175,309152000
2016-04-20 00:00:00-04:00,0.90625,0.9167500138282776,0.9052500128746033,0.9112499952316284,200172000
2016-04-21 00:00:00-04:00,0.9114999771118164,0.9157500267028809,0.90625,0.9102500081062317,178280000
2016-04-22 00:00:00-04:00,0.9132500290870667,0.9194999933242798,0.9037500023841858,0.9067500233650208,223540000
2016-04-25 00:00:00-04:00,0.9070000052452087,0.9162499904632568,0.9045000076293945,0.9112499952316284,191972000
2016-04-26 00:00:00-04:00,0.9167500138282776,0.9272500276565552,0.9079999923706055,0.9120000004768372,214536000
2016-04-27 00:00:00-04:00,0.9097499847412109,0.9332500100135803,0.9079999923706055,0.9327499866485596,352396000
2016-04-28 00:00:00-04:00,0.9269999861717224,0.9325000047683716,0.9027500152587891,0.9049999713897705,381224000
2016-04-29 00:00:00-04:00,0.9012500047683716,0.903249979019165,0.8784999847412109,0.8882499933242798,321904000
2016-05-02 00:00:00-04:00,0.8967499732971191,0.9054999947547913,0.8924999833106995,0.8999999761581421,256076000
2016-05-03 00:00:00-04:00,0.8897500038146973,0.8934999704360962,0.8815000057220459,0.8892499804496765,224024000
2016-05-04 00:00:00-04:00,0.8784999847412109,0.8792499899864197,0.8600000143051147,0.8690000176429749,525764000
2016-05-05 00:00:00-04:00,0.8762500286102295,0.8845000267028809,0.8677499890327454,0.8742499947547913,246884000
2016-05-06 00:00:00-04:00,0.8727499842643738,0.8855000138282776,0.8709999918937683,0.8832499980926514,183240000
2016-05-09 00:00:00-04:00,0.8855000138282776,0.8892499804496765,0.874750018119812,0.8820000290870667,333336000
2016-05-10 00:00:00-04:00,0.887499988079071,0.9004999995231628,0.8790000081062317,0.8989999890327454,269676000
2016-05-11 00:00:00-04:00,0.9017500281333923,0.9114999771118164,0.8967499732971191,0.9014999866485596,328176000
2016-05-12 00:00:00-04:00,0.9079999923706055,0.9120000004768372,0.8732500076293945,0.8892499804496765,670540000
2016-05-13 00:00:00-04:00,0.9797499775886536,1.024999976158142,0.9750000238418579,1.0245000123977661,2110256000
2016-05-16 00:00:00-04:00,1.0167499780654907,1.0700000524520874,1.0134999752044678,1.0547499656677246,973032000
2016-05-17 00:00:00-04:00,1.0499999523162842,1.0644999742507935,1.0364999771118164,1.0570000410079956,628392000
2016-05-18 00:00:00-04:00,1.0499999523162842,1.096250057220459,1.0499999523162842,1.0839999914169312,541072000
2016-05-19 00:00:00-04:00,1.0797499418258667,1.096500039100647,1.0782500505447388,1.0887500047683716,398880000
2016-05-20 00:00:00-04:00,1.0954999923706055,1.1127500534057617,1.09375,1.1082500219345093,391084000
2016-05-23 00:00:00-04:00,1.1130000352859497,1.1172499656677246,1.1032500267028809,1.1100000143051147,413636000
2016-05-24 00:00:00-04:00,1.1104999780654907,1.1375000476837158,1.1074999570846558,1.1339999437332153,415788000
2016-05-25 00:00:00-04:00,1.1375000476837158,1.1422499418258667,1.1202499866485596,1.1292500495910645,458076000
2016-05-26 00:00:00-04:00,1.131250023841858,1.1495000123977661,1.128000020980835,1.1412500143051147,309964000
2016-05-27 00:00:00-04:00,1.1425000429153442,1.1492500305175781,1.1387499570846558,1.1475000381469727,277416000
2016-05-31 00:00:00-04:00,1.152500033378601,1.1705000400543213,1.1517499685287476,1.1679999828338623,412524000
2016-06-01 00:00:00-04:00,1.162500023841858,1.18149995803833,1.159000039100647,1.1702500581741333,387132000
2016-06-02 00:00:00-04:00,1.1764999628067017,1.1885000467300415,1.1649999618530273,1.1785000562667847,329208000
2016-06-03 00:00:00-04:00,1.1670000553131104,1.1684999465942383,1.1414999961853027,1.1619999408721924,461076000
2016-06-06 00:00:00-04:00,1.1649999618530273,1.1740000247955322,1.149999976158142,1.156000018119812,322512000
2016-06-07 00:00:00-04:00,1.1629999876022339,1.1694999933242798,1.1577500104904175,1.1582499742507935,193400000
2016-06-08 00:00:00-04:00,1.1584999561309814,1.162750005722046,1.1449999809265137,1.1545000076293945,234616000
2016-06-09 00:00:00-04:00,1.1505000591278076,1.1862499713897705,1.1480000019073486,1.184499979019165,472168000
2016-06-10 00:00:00-04:00,1.1705000400543213,1.180999994277954,1.153499960899353,1.1549999713897705,400024000
2016-06-13 00:00:00-04:00,1.15625,1.1924999952316284,1.15625,1.1697499752044678,475588000
2016-06-14 00:00:00-04:00,1.1670000553131104,1.1775000095367432,1.1540000438690186,1.1720000505447388,298344000
2016-06-15 00:00:00-04:00,1.1817500591278076,1.1942499876022339,1.1687500476837158,1.184000015258789,301036000
2016-06-16 00:00:00-04:00,1.1752500534057617,1.190750002861023,1.1637500524520874,1.1887500286102295,246456000
2016-06-17 00:00:00-04:00,1.190250039100647,1.190500020980835,1.1632499694824219,1.1679999828338623,471000000
2016-06-20 00:00:00-04:00,1.186750054359436,1.2042499780654907,1.1859999895095825,1.1890000104904175,293768000
2016-06-21 00:00:00-04:00,1.194000005722046,1.1972500085830688,1.1799999475479126,1.1817500591278076,212508000
2016-06-22 00:00:00-04:00,1.184249997138977,1.1920000314712524,1.1787500381469727,1.1807500123977661,202620000
2016-06-23 00:00:00-04:00,1.1920000314712524,1.2135000228881836,1.191249966621399,1.212249994277954,297880000
2016-06-24 00:00:00-04:00,1.162500023841858,1.184000015258789,1.1325000524520874,1.1432499885559082,1017684000
2016-06-27 00:00:00-04:00,1.1337499618530273,1.1425000429153442,1.1142499446868896,1.13100004196167,449088000
2016-06-28 00:00:00-04:00,1.152500033378601,1.153749942779541,1.1317499876022339,1.1475000381469727,381920000
2016-06-29 00:00:00-04:00,1.1575000286102295,1.1752500534057617,1.1545000076293945,1.1662499904632568,318932000
2016-06-30 00:00:00-04:00,1.1682499647140503,1.1825000047683716,1.158750057220459,1.1752500534057617,430940000
2016-07-01 00:00:00-04:00,1.1687500476837158,1.184000015258789,1.162500023841858,1.1664999723434448,218488000
2016-07-05 00:00:00-04:00,1.159999966621399,1.1857500076293945,1.1507500410079956,1.183750033378601,371084000
2016-07-06 00:00:00-04:00,1.1755000352859497,1.1982500553131104,1.1694999933242798,1.191249966621399,273104000
2016-07-07 00:00:00-04:00,1.1992499828338623,1.2265000343322754,1.193750023841858,1.222249984741211,395400000
2016-07-08 00:00:00-04:00,1.2352499961853027,1.277250051498413,1.2304999828338623,1.2712500095367432,481932000
2016-07-11 00:00:00-04:00,1.2894999980926514,1.309999942779541,1.2879999876022339,1.3005000352859497,448776000
2016-07-12 00:00:00-04:00,1.315000057220459,1.3320000171661377,1.2984999418258667,1.3200000524520874,436760000
2016-07-13 00:00:00-04:00,1.3224999904632568,1.3300000429153442,1.3174999952316284,1.3194999694824219,324604000
2016-07-14 00:00:00-04:00,1.3265000581741333,1.3450000286102295,1.315500020980835,1.3329999446868896,316892000
2016-07-15 00:00:00-04:00,1.315999984741211,1.3235000371932983,1.2960000038146973,1.3174999952316284,428616000
2016-07-18 00:00:00-04:00,1.3337500095367432,1.3357499837875366,1.3192499876022339,1.3242499828338623,252992000
2016-07-19 00:00:00-04:00,1.3235000371932983,1.343250036239624,1.3209999799728394,1.3380000591278076,382652000
2016-07-20 00:00:00-04:00,1.3424999713897705,1.3627500534057617,1.3370000123977661,1.3554999828338623,296460000
2016-07-21 00:00:00-04:00,1.3524999618530273,1.3567500114440918,1.3259999752044678,1.3305000066757202,361308000
2016-07-22 00:00:00-04:00,1.3352500200271606,1.3667500019073486,1.3255000114440918,1.3667500019073486,315768000
2016-07-25 00:00:00-04:00,1.375,1.3952499628067017,1.36899995803833,1.3919999599456787,312528000
2016-07-26 00:00:00-04:00,1.4042500257492065,1.4229999780654907,1.402250051498413,1.4157500267028809,514508000
2016-07-27 00:00:00-04:00,1.4279999732971191,1.4305000305175781,1.3930000066757202,1.4014999866485596,446676000
2016-07-28 00:00:00-04:00,1.4047499895095825,1.4149999618530273,1.40024995803833,1.4045000076293945,221916000
2016-07-29 00:00:00-04:00,1.409749984741211,1.431249976158142,1.3845000267028809,1.4275000095367432,409588000
2016-08-01 00:00:00-04:00,1.433500051498413,1.4387500286102295,1.409000039100647,1.4182499647140503,301120000
2016-08-02 00:00:00-04:00,1.4249999523162842,1.4257500171661377,1.3875000476837158,1.4010000228881836,282748000
2016-08-03 00:00:00-04:00,1.3992500305175781,1.4075000286102295,1.3914999961853027,1.4047499895095825,299828000
2016-08-04 00:00:00-04:00,1.4114999771118164,1.437250018119812,1.408750057220459,1.4307500123977661,272712000
2016-08-05 00:00:00-04:00,1.4472500085830688,1.4557499885559082,1.440250039100647,1.4550000429153442,371588000
2016-08-08 00:00:00-04:00,1.475000023841858,1.4785000085830688,1.4529999494552612,1.468500018119812,305064000
2016-08-09 00:00:00-04:00,1.4757499694824219,1.4865000247955322,1.468500018119812,1.472249984741211,372344000
2016-08-10 00:00:00-04:00,1.4852499961853027,1.4874999523162842,1.4579999446868896,1.46274995803833,375740000
2016-08-11 00:00:00-04:00,1.4704999923706055,1.4987499713897705,1.4674999713897705,1.4924999475479126,681064000
2016-08-12 00:00:00-04:00,1.5475000143051147,1.5844999551773071,1.5157500505447388,1.5759999752044678,1425744000
2016-08-15 00:00:00-04:00,1.5777499675750732,1.587499976158142,1.5532499551773071,1.5744999647140503,573304000
2016-08-16 00:00:00-04:00,1.5722500085830688,1.5747499465942383,1.5602500438690186,1.565000057220459,287652000
2016-08-17 00:00:00-04:00,1.565000057220459,1.56850004196167,1.5164999961853027,1.528749942779541,595212000
2016-08-18 00:00:00-04:00,1.5264999866485596,1.5549999475479126,1.5204999446868896,1.5525000095367432,331684000
2016-08-19 00:00:00-04:00,1.5517499446868896,1.5682499408721924,1.5449999570846558,1.55649995803833,291560000
2016-08-22 00:00:00-04:00,1.5612499713897705,1.565250039100647,1.5427500009536743,1.562999963760376,244748000
2016-08-23 00:00:00-04:00,1.5759999752044678,1.5829999446868896,1.5682499408721924,1.5727499723434448,339764000
2016-08-24 00:00:00-04:00,1.5782500505447388,1.5789999961853027,1.5412499904632568,1.5484999418258667,298448000
2016-08-25 00:00:00-04:00,1.5490000247955322,1.5497499704360962,1.5190000534057617,1.5382499694824219,406032000
2016-08-26 00:00:00-04:00,1.5422500371932983,1.559499979019165,1.5299999713897705,1.5507500171661377,300024000
2016-08-29 00:00:00-04:00,1.5570000410079956,1.563249945640564,1.5472500324249268,1.5497499704360962,274652000
2016-08-30 00:00:00-04:00,1.5477499961853027,1.555999994277954,1.5364999771118164,1.5407500267028809,285544000
2016-08-31 00:00:00-04:00,1.5437500476837158,1.5479999780654907,1.5290000438690186,1.5334999561309814,388544000
2016-09-01 00:00:00-04:00,1.534749984741211,1.5844999551773071,1.5334999561309814,1.5787500143051147,428492000
2016-09-02 00:00:00-04:00,1.5820000171661377,1.5837500095367432,1.5455000400543213,1.563249945640564,323148000
2016-09-06 00:00:00-04:00,1.568750023841858,1.5779999494552612,1.5607500076293945,1.5779999494552612,306812000
2016-09-07 00:00:00-04:00,1.5729999542236328,1.5807499885559082,1.5457500219345093,1.5547499656677246,397988000
2016-09-08 00:00:00-04:00,1.5532499551773071,1.56850004196167,1.5355000495910645,1.565999984741211,315808000
2016-09-09 00:00:00-04:00,1.5487500429153442,1.5575000047683716,1.475000023841858,1.4880000352859497,697760000
2016-09-12 00:00:00-04:00,1.468250036239624,1.5217499732971191,1.4329999685287476,1.5187499523162842,598260000
2016-09-13 00:00:00-04:00,1.5149999856948853,1.5325000286102295,1.4882500171661377,1.496749997138977,471768000
2016-09-14 00:00:00-04:00,1.500249981880188,1.5149999856948853,1.4877500534057617,1.5099999904632568,319048000
2016-09-15 00:00:00-04:00,1.5125000476837158,1.569000005722046,1.5089999437332153,1.5672500133514404,515212000
2016-09-16 00:00:00-04:00,1.5727499723434448,1.5812499523162842,1.5529999732971191,1.5709999799728394,902444000
2016-09-19 00:00:00-04:00,1.587499976158142,1.631500005722046,1.5802500247955322,1.5917500257492065,417128000
2016-09-20 00:00:00-04:00,1.6100000143051147,1.6100000143051147,1.56850004196167,1.5772500038146973,331112000
2016-09-21 00:00:00-04:00,1.5820000171661377,1.624500036239624,1.5817500352859497,1.621500015258789,336212000
2016-09-22 00:00:00-04:00,1.63100004196167,1.6360000371932983,1.6162500381469727,1.625499963760376,308732000
2016-09-23 00:00:00-04:00,1.627500057220459,1.6322499513626099,1.6165000200271606,1.6237499713897705,276132000
2016-09-26 00:00:00-04:00,1.6052500009536743,1.6150000095367432,1.5882500410079956,1.6085000038146973,230040000
2016-09-27 00:00:00-04:00,1.6022499799728394,1.6660000085830688,1.6015000343322754,1.6634999513626099,402752000
2016-09-28 00:00:00-04:00,1.6660000085830688,1.6707500219345093,1.6482499837875366,1.6694999933242798,319788000
2016-09-29 00:00:00-04:00,1.6667499542236328,1.690250039100647,1.6512500047683716,1.684999942779541,336684000
2016-09-30 00:00:00-04:00,1.6942499876022339,1.7297500371932983,1.684249997138977,1.7130000591278076,429932000
2016-10-03 00:00:00-04:00,1.7130000591278076,1.7377500534057617,1.7082500457763672,1.7112499475479126,242596000
2016-10-04 00:00:00-04:00,1.7137500047683716,1.7424999475479126,1.6947499513626099,1.7074999809265137,281624000
2016-10-05 00:00:00-04:00,1.722000002861023,1.7395000457763672,1.7005000114440918,1.7057499885559082,305440000
2016-10-06 00:00:00-04:00,1.6852500438690186,1.6957499980926514,1.656499981880188,1.683500051498413,360212000
2016-10-07 00:00:00-04:00,1.6947499513626099,1.6992499828338623,1.6664999723434448,1.6712499856948853,286260000
2016-10-10 00:00:00-04:00,1.6799999475479126,1.6890000104904175,1.6617499589920044,1.6775000095367432,287876000
2016-10-11 00:00:00-04:00,1.6720000505447388,1.6744999885559082,1.6404999494552612,1.653249979019165,388540000
2016-10-12 00:00:00-04:00,1.6464999914169312,1.6694999933242798,1.6327500343322754,1.6607500314712524,419920000
2016-10-13 00:00:00-04:00,1.6412500143051147,1.6449999809265137,1.5924999713897705,1.6337499618530273,390116000
2016-10-14 00:00:00-04:00,1.653749942779541,1.6649999618530273,1.6399999856948853,1.649749994277954,330636000
2016-10-17 00:00:00-04:00,1.6495000123977661,1.6649999618530273,1.6380000114440918,1.6402499675750732,195328000
2016-10-18 00:00:00-04:00,1.6629999876022339,1.6747499704360962,1.65625,1.6652499437332153,269372000
2016-10-19 00:00:00-04:00,1.6540000438690186,1.6694999933242798,1.6454999446868896,1.6617499589920044,199060000
2016-10-20 00:00:00-04:00,1.681249976158142,1.6987500190734863,1.6575000286102295,1.6932499408721924,312084000
2016-10-21 00:00:00-04:00,1.687250018119812,1.691499948501587,1.6725000143051147,1.6885000467300415,279508000
2016-10-24 00:00:00-04:00,1.7000000476837158,1.7697499990463257,1.6997499465942383,1.7677500247955322,339836000
2016-10-25 00:00:00-04:00,1.7647500038146973,1.8075000047683716,1.756250023841858,1.7967499494552612,397460000
2016-10-26 00:00:00-04:00,1.781749963760376,1.8237500190734863,1.7799999713897705,1.8040000200271606,333792000
2016-10-27 00:00:00-04:00,1.8177499771118164,1.8212499618530273,1.7597500085830688,1.7669999599456787,388664000
2016-10-28 00:00:00-04:00,1.7755000591278076,1.8025000095367432,1.7607500553131104,1.7640000581741333,290856000
2016-10-31 00:00:00-04:00,1.7697499990463257,1.7907500267028809,1.7687499523162842,1.7790000438690186,252388000
2016-11-01 00:00:00-04:00,1.7855000495910645,1.7952500581741333,1.7072499990463257,1.7262500524520874,473224000
2016-11-02 00:00:00-04:00,1.7395000457763672,1.7630000114440918,1.715999960899353,1.718999981880188,295848000
2016-11-03 00:00:00-04:00,1.7269999980926514,1.7285000085830688,1.6660000085830688,1.6990000009536743,309664000
2016-11-04 00:00:00-04:00,1.687749981880188,1.718250036239624,1.6644999980926514,1.6892499923706055,328780000
2016-11-07 00:00:00-05:00,1.7387499809265137,1.7929999828338623,1.7374999523162842,1.781749963760376,487580000
2016-11-08 00:00:00-05:00,1.7884999513626099,1.7942500114440918,1.7625000476837158,1.7790000438690186,429884000
2016-11-09 00:00:00-05:00,1.7307499647140503,1.7725000381469727,1.718000054359436,1.7489999532699585,456532000
2016-11-10 00:00:00-05:00,1.78725004196167,1.787500023841858,1.6690000295639038,1.6942499876022339,869280000
2016-11-11 00:00:00-05:00,1.9877500534057617,2.219249963760376,1.962499976158142,2.1992499828338623,2175344000
2016-11-14 00:00:00-05:00,2.2022500038146973,2.2047500610351562,2.0905001163482666,2.0910000801086426,1348796000
2016-11-15 00:00:00-05:00,2.1072499752044678,2.1862499713897705,2.098249912261963,2.154750108718872,626092000
2016-11-16 00:00:00-05:00,2.183500051498413,2.313999891281128,2.158750057220459,2.290750026702881,987984000
2016-11-17 00:00:00-05:00,2.3077499866485596,2.3697500228881836,2.266249895095825,2.3097500801086426,832988000
2016-11-18 00:00:00-05:00,2.3097500801086426,2.3582499027252197,2.2950000762939453,2.3340001106262207,576060000
2016-11-21 00:00:00-05:00,2.352250099182129,2.358750104904175,2.309999942779541,2.32450008392334,436436000
2016-11-22 00:00:00-05:00,2.3324999809265137,2.3434998989105225,2.309499979019165,2.341249942779541,330368000
2016-11-23 00:00:00-05:00,2.3429999351501465,2.3812499046325684,2.3192501068115234,2.349250078201294,443236000
2016-11-25 00:00:00-05:00,2.3605000972747803,2.377500057220459,2.335249900817871,2.3540000915527344,195564000
2016-11-28 00:00:00-05:00,2.346750020980835,2.368499994277954,2.3399999141693115,2.352750062942505,278736000
2016-11-29 00:00:00-05:00,2.3499999046325684,2.3610000610351562,2.3132500648498535,2.331249952316284,444568000
2016-11-30 00:00:00-05:00,2.3399999141693115,2.3540000915527344,2.302500009536743,2.305000066757202,440500000
2016-12-01 00:00:00-05:00,2.302500009536743,2.3042500019073486,2.1192500591278076,2.190999984741211,1035524000
2016-12-02 00:00:00-05:00,2.15625,2.2200000286102295,2.128000020980835,2.211250066757202,478292000
2016-12-05 00:00:00-05:00,2.2497498989105225,2.3152499198913574,2.2249999046325684,2.296999931335449,602284000
2016-12-06 00:00:00-05:00,2.3052499294281006,2.343250036239624,2.289249897003174,2.334749937057495,498796000
2016-12-07 00:00:00-05:00,2.321000099182129,2.382499933242798,2.302500009536743,2.3767499923706055,480804000
2016-12-08 00:00:00-05:00,2.3797500133514404,2.4154999256134033,2.3262500762939453,2.3369998931884766,381544000
2016-12-09 00:00:00-05:00,2.3550000190734863,2.356750011444092,2.2677500247955322,2.2955000400543213,382312000
2016-12-12 00:00:00-05:00,2.2462499141693115,2.2487499713897705,2.188499927520752,2.2397499084472656,601332000
2016-12-13 00:00:00-05:00,2.2522499561309814,2.3072500228881836,2.2512500286102295,2.279249906539917,387796000
2016-12-14 00:00:00-05:00,2.313499927520752,2.4277501106262207,2.289249897003174,2.411250114440918,983980000
2016-12-15 00:00:00-05:00,2.422499895095825,2.498500108718872,2.4149999618530273,2.467750072479248,746548000
2016-12-16 00:00:00-05:00,2.4957499504089355,2.5174999237060547,2.4432499408721924,2.5102500915527344,1089528000
2016-12-19 00:00:00-05:00,2.492500066757202,2.5612499713897705,2.4749999046325684,2.540750026702881,744656000
2016-12-20 00:00:00-05:00,2.614500045776367,2.653249979019165,2.6029999256134033,2.6292500495910645,848056000
2016-12-21 00:00:00-05:00,2.6410000324249268,2.648750066757202,2.592750072479248,2.645750045776367,576136000
2016-12-22 00:00:00-05:00,2.6705000400543213,2.721750020980835,2.663249969482422,2.6777501106262207,718612000
2016-12-23 00:00:00-05:00,2.6594998836517334,2.746000051498413,2.656749963760376,2.744499921798706,647692000
2016-12-27 00:00:00-05:00,2.801500082015991,2.934000015258789,2.7804999351501465,2.933000087738037,1194272000
2016-12-28 00:00:00-05:00,2.990000009536743,2.9982500076293945,2.717250108718872,2.731250047683716,2295764000
2016-12-29 00:00:00-05:00,2.622499942779541,2.78725004196167,2.569999933242798,2.785749912261963,2175368000
2016-12-30 00:00:00-05:00,2.783750057220459,2.7980000972747803,2.6575000286102295,2.6684999465942383,1212932000
2017-01-03 00:00:00-05:00,2.609999895095825,2.659250020980835,2.484499931335449,2.5502500534057617,1501996000
2017-01-04 00:00:00-05:00,2.5850000381469727,2.637500047683716,2.538249969482422,2.6097500324249268,1199220000
2017-01-05 00:00:00-05:00,2.6132500171661377,2.6454999446868896,2.526249885559082,2.5434999465942383,984296000
2017-01-06 00:00:00-05:00,2.5712499618530273,2.606250047683716,2.5299999713897705,2.577500104904175,822856000
2017-01-09 00:00:00-05:00,2.5875000953674316,2.700000047683716,2.5875000953674316,2.681999921798706,916248000
2017-01-10 00:00:00-05:00,2.6952500343322754,2.729749917984009,2.640749931335449,2.661750078201294,880920000
2017-01-11 00:00:00-05:00,2.6500000953674316,2.6549999713897705,2.603749990463257,2.628999948501587,525664000
2017-01-12 00:00:00-05:00,2.60575008392334,2.617500066757202,2.5404999256134033,2.5859999656677246,625616000
2017-01-13 00:00:00-05:00,2.5899999141693115,2.625,2.5764999389648438,2.585750102996826,457820000
2017-01-17 00:00:00-05:00,2.575000047683716,2.5799999237060547,2.5142500400543213,2.527750015258789,580612000
2017-01-18 00:00:00-05:00,2.50600004196167,2.580749988555908,2.477750062942505,2.5737500190734863,654424000
2017-01-19 00:00:00-05:00,2.5767500400543213,2.6614999771118164,2.57450008392334,2.628999948501587,644872000
2017-01-20 00:00:00-05:00,2.6519999504089355,2.6700000762939453,2.578000068664551,2.600250005722046,492024000
2017-01-23 00:00:00-05:00,2.5950000286102295,2.6475000381469727,2.5924999713897705,2.6272499561309814,369904000
2017-01-24 00:00:00-05:00,2.637500047683716,2.689500093460083,2.622499942779541,2.6832499504089355,428052000
2017-01-25 00:00:00-05:00,2.726249933242798,2.7325000762939453,2.658250093460083,2.6947500705718994,522760000
2017-01-26 00:00:00-05:00,2.697499990463257,2.7487499713897705,2.6675000190734863,2.7412500381469727,458800000
2017-01-27 00:00:00-05:00,2.7482500076293945,2.7972500324249268,2.721250057220459,2.794250011444092,471996000
2017-01-30 00:00:00-05:00,2.7730000019073486,2.77524995803833,2.6977500915527344,2.750499963760376,496004000
2017-01-31 00:00:00-05:00,2.723750114440918,2.7512500286102295,2.7049999237060547,2.7295000553131104,362756000
2017-02-01 00:00:00-05:00,2.7644999027252197,2.8529999256134033,2.746500015258789,2.848750114440918,590004000
2017-02-02 00:00:00-05:00,2.8324999809265137,2.8935000896453857,2.801500082015991,2.8847498893737793,483240000
2017-02-03 00:00:00-05:00,2.8862500190734863,2.8975000381469727,2.8475000858306885,2.859499931335449,372744000
2017-02-06 00:00:00-05:00,2.8499999046325684,2.9332499504089355,2.8499999046325684,2.9327499866485596,506768000
2017-02-07 00:00:00-05:00,2.9674999713897705,3.0230000019073486,2.947499990463257,2.978250026702881,746224000
2017-02-08 00:00:00-05:00,2.9600000381469727,2.9827499389648438,2.9094998836517334,2.965250015258789,449580000
2017-02-09 00:00:00-05:00,2.9714999198913574,2.9765000343322754,2.890000104904175,2.9094998836517334,842568000
2017-02-10 00:00:00-05:00,2.9982500076293945,3.0174999237060547,2.815000057220459,2.8405001163482666,1651092000
2017-02-13 00:00:00-05:00,2.834749937057495,2.8494999408721924,2.7049999237060547,2.7095000743865967,1180724000
2017-02-14 00:00:00-05:00,2.6997499465942383,2.7537500858306885,2.657249927520752,2.7195000648498535,850632000
2017-02-15 00:00:00-05:00,2.7225000858306885,2.744999885559082,2.694000005722046,2.7249999046325684,373020000
2017-02-16 00:00:00-05:00,2.7347500324249268,2.7360000610351562,2.6414999961853027,2.6812500953674316,647176000
2017-02-17 00:00:00-05:00,2.6675000190734863,2.6852500438690186,2.6197500228881836,2.6807498931884766,563740000
2017-02-21 00:00:00-05:00,2.705749988555908,2.780750036239624,2.7054998874664307,2.776750087738037,551952000
2017-02-22 00:00:00-05:00,2.7855000495910645,2.7950000762939453,2.7497498989105225,2.7690000534057617,433772000
2017-02-23 00:00:00-05:00,2.637500047683716,2.659749984741211,2.492000102996826,2.5122499465942383,1592888000
2017-02-24 00:00:00-05:00,2.4267499446868896,2.549999952316284,2.3924999237060547,2.5364999771118164,1029904000
2017-02-27 00:00:00-05:00,2.555000066757202,2.625499963760376,2.5390000343322754,2.6102499961853027,715400000
2017-02-28 00:00:00-05:00,2.619999885559082,2.630000114440918,2.5195000171661377,2.5369999408721924,625360000
2017-03-01 00:00:00-05:00,2.594749927520752,2.609250068664551,2.527750015258789,2.5697500705718994,504804000
2017-03-02 00:00:00-05:00,2.5567500591278076,2.571000099182129,2.472249984741211,2.4749999046325684,754332000
2017-03-03 00:00:00-05:00,2.464250087738037,2.469249963760376,2.4054999351501465,2.460750102996826,864692000
2017-03-06 00:00:00-05:00,2.4240000247955322,2.452500104904175,2.3792500495910645,2.4417500495910645,883568000
2017-03-07 00:00:00-05:00,2.4417500495910645,2.4882500171661377,2.4287500381469727,2.4684998989105225,603400000
2017-03-08 00:00:00-05:00,2.5174999237060547,2.5325000286102295,2.461750030517578,2.4639999866485596,638712000
2017-03-09 00:00:00-05:00,2.4477500915527344,2.4862499237060547,2.434999942779541,2.4635000228881836,478060000
2017-03-10 00:00:00-05:00,2.4902501106262207,2.5022499561309814,2.4595000743865967,2.4779999256134033,499740000
2017-03-13 00:00:00-04:00,2.4885001182556152,2.5562500953674316,2.4877500534057617,2.546250104904175,774136000
2017-03-14 00:00:00-04:00,2.5592501163482666,2.5687499046325684,2.5117499828338623,2.5445001125335693,522016000
2017-03-15 00:00:00-04:00,2.5562500953674316,2.5747499465942383,2.507999897003174,2.5637500286102295,615036000
2017-03-16 00:00:00-04:00,2.57450008392334,2.595750093460083,2.5602500438690186,2.595249891281128,523100000
2017-03-17 00:00:00-04:00,2.61299991607666,2.6530001163482666,2.595249891281128,2.651750087738037,1119688000
2017-03-20 00:00:00-04:00,2.6695001125335693,2.7402501106262207,2.653249979019165,2.7362499237060547,748568000
2017-03-21 00:00:00-04:00,2.71875,2.749000072479248,2.6397500038146973,2.647749900817871,913484000
2017-03-22 00:00:00-04:00,2.6364998817443848,2.7065000534057617,2.632499933242798,2.7017500400543213,616764000
2017-03-23 00:00:00-04:00,2.6937499046325684,2.7139999866485596,2.6675000190734863,2.6772499084472656,533940000
2017-03-24 00:00:00-04:00,2.724250078201294,2.7322499752044678,2.6605000495910645,2.6867499351501465,439500000
2017-03-27 00:00:00-04:00,2.6394999027252197,2.710249900817871,2.5894999504089355,2.706249952316284,506644000
2017-03-28 00:00:00-04:00,2.7074999809265137,2.722249984741211,2.6817500591278076,2.6922500133514404,432444000
2017-03-29 00:00:00-04:00,2.6997499465942383,2.712249994277954,2.6812500953674316,2.683500051498413,349992000
2017-03-30 00:00:00-04:00,2.6907498836517334,2.75,2.684999942779541,2.734999895095825,525532000
2017-03-31 00:00:00-04:00,2.725250005722046,2.7472500801086426,2.7100000381469727,2.723249912261963,440808000
2017-04-03 00:00:00-04:00,2.723750114440918,2.7412500381469727,2.685499906539917,2.7095000743865967,445232000
2017-04-04 00:00:00-04:00,2.5850000381469727,2.6105000972747803,2.508500099182129,2.5195000171661377,1271280000
2017-04-05 00:00:00-04:00,2.500499963760376,2.5592501163482666,2.487499952316284,2.5007500648498535,747048000
2017-04-06 00:00:00-04:00,2.50600004196167,2.53125,2.460249900817871,2.5190000534057617,635120000
2017-04-07 00:00:00-04:00,2.5255000591278076,2.54325008392334,2.493000030517578,2.5082499980926514,429068000
2017-04-10 00:00:00-04:00,2.509000062942505,2.515749931335449,2.440000057220459,2.4442501068115234,756332000
2017-04-11 00:00:00-04:00,2.413749933242798,2.4725000858306885,2.408750057220459,2.453000068664551,618148000
2017-04-12 00:00:00-04:00,2.453000068664551,2.4674999713897705,2.427500009536743,2.4327499866485596,414092000
2017-04-13 00:00:00-04:00,2.408250093460083,2.4302499294281006,2.3872499465942383,2.3872499465942383,506892000
2017-04-17 00:00:00-04:00,2.40024995803833,2.4809999465942383,2.3949999809265137,2.48075008392334,497292000
2017-04-18 00:00:00-04:00,2.466249942779541,2.4885001182556152,2.440000057220459,2.4822499752044678,370116000
2017-04-19 00:00:00-04:00,2.5,2.5244998931884766,2.4852499961853027,2.492000102996826,380828000
2017-04-20 00:00:00-04:00,2.5067501068115234,2.536250114440918,2.4852499961853027,2.5315001010894775,404016000
2017-04-21 00:00:00-04:00,2.5209999084472656,2.5447499752044678,2.509000062942505,2.5420000553131104,341896000
2017-04-24 00:00:00-04:00,2.5739998817443848,2.5869998931884766,2.5527501106262207,2.5737500190734863,371820000
2017-04-25 00:00:00-04:00,2.5885000228881836,2.6332499980926514,2.5667500495910645,2.618499994277954,388440000
2017-04-26 00:00:00-04:00,2.6322500705718994,2.6347498893737793,2.5985000133514404,2.6005001068115234,327004000
2017-04-27 00:00:00-04:00,2.6080000400543213,2.6494998931884766,2.589750051498413,2.6410000324249268,319700000
2017-04-28 00:00:00-04:00,2.634000062942505,2.6410000324249268,2.601749897003174,2.6075000762939453,348248000
2017-05-01 00:00:00-04:00,2.618499994277954,2.671250104904175,2.6112499237060547,2.6659998893737793,307732000
2017-05-02 00:00:00-04:00,2.6387500762939453,2.640000104904175,2.563999891281128,2.5869998931884766,629972000
2017-05-03 00:00:00-04:00,2.5799999237060547,2.615999937057495,2.565000057220459,2.606250047683716,336904000
2017-05-04 00:00:00-04:00,2.612499952316284,2.6237499713897705,2.588249921798706,2.596250057220459,209788000
2017-05-05 00:00:00-04:00,2.5845000743865967,2.603749990463257,2.5687499046325684,2.5964999198913574,228428000
2017-05-08 00:00:00-04:00,2.6085000038146973,2.609999895095825,2.5577499866485596,2.5692501068115234,365240000
2017-05-09 00:00:00-04:00,2.575000047683716,2.6232500076293945,2.566499948501587,2.573499917984009,847672000
2017-05-10 00:00:00-04:00,2.8572499752044678,3.0455000400543213,2.8505001068115234,3.032249927520752,2129096000
2017-05-11 00:00:00-04:00,3.0012500286102295,3.2607500553131104,2.9977500438690186,3.1624999046325684,1939792000
2017-05-12 00:00:00-04:00,3.165750026702881,3.240000009536743,3.1445000171661377,3.1972498893737793,962620000
2017-05-15 00:00:00-04:00,3.239000082015991,3.3602499961853027,3.234499931335449,3.3577499389648438,1087540000
2017-05-16 00:00:00-04:00,3.4094998836517334,3.436000108718872,3.3340001106262207,3.4202499389648438,1120700000
2017-05-17 00:00:00-04:00,3.3524999618530273,3.371500015258789,3.1887500286102295,3.193000078201294,1271368000
2017-05-18 00:00:00-04:00,3.237499952316284,3.335750102996826,3.1762499809265137,3.3267500400543213,1156032000
2017-05-19 00:00:00-04:00,3.4257500171661377,3.4554998874664307,3.380500078201294,3.4000000953674316,1018372000
2017-05-22 00:00:00-04:00,3.4442501068115234,3.486999988555908,3.4332499504089355,3.4725000858306885,836608000
2017-05-23 00:00:00-04:00,3.492500066757202,3.4947500228881836,3.3927500247955322,3.4257500171661377,681248000
2017-05-24 00:00:00-04:00,3.5239999294281006,3.526750087738037,3.4519999027252197,3.464250087738037,815996000
2017-05-25 00:00:00-04:00,3.5,3.5007500648498535,3.4110000133514404,3.4565000534057617,608228000
2017-05-26 00:00:00-04:00,3.4482500553131104,3.631999969482422,3.4277501106262207,3.5460000038146973,779140000
2017-05-30 00:00:00-04:00,3.5924999713897705,3.657249927520752,3.5762500762939453,3.6217501163482666,989652000
2017-05-31 00:00:00-04:00,3.667249917984009,3.674999952316284,3.5512499809265137,3.608750104904175,887316000
2017-06-01 00:00:00-04:00,3.6247498989105225,3.6257500648498535,3.562999963760376,3.6089999675750732,503340000
2017-06-02 00:00:00-04:00,3.6059999465942383,3.632499933242798,3.5850000381469727,3.5910000801086426,487456000
2017-06-05 00:00:00-04:00,3.57450008392334,3.713249921798706,3.5627501010894775,3.7002499103546143,817376000
2017-06-06 00:00:00-04:00,3.695499897003174,3.7422499656677246,3.6700000762939453,3.683500051498413,758728000
2017-06-07 00:00:00-04:00,3.708250045776367,3.746999979019165,3.692500114440918,3.7279999256134033,612612000
2017-06-08 00:00:00-04:00,3.8364999294281006,4.0,3.7947499752044678,3.998500108718872,1161744000
2017-06-09 00:00:00-04:00,4.118500232696533,4.212500095367432,3.5687499046325684,3.740000009536743,3692928000
2017-06-12 00:00:00-04:00,3.6470000743865967,3.7925000190734863,3.5527501106262207,3.7492499351501465,1697532000
2017-06-13 00:00:00-04:00,3.859999895095825,3.8692500591278076,3.641249895095825,3.7850000858306885,1672504000
2017-06-14 00:00:00-04:00,3.7880001068115234,3.8515000343322754,3.7125000953674316,3.7929999828338623,1184640000
2017-06-15 00:00:00-04:00,3.6740000247955322,3.8399999141693115,3.6624999046325684,3.8092501163482666,963824000
2017-06-16 00:00:00-04:00,3.819000005722046,3.867500066757202,3.75600004196167,3.7904999256134033,924960000
2017-06-19 00:00:00-04:00,3.835249900817871,3.9382500648498535,3.8315000534057617,3.933000087738037,778176000
2017-06-20 00:00:00-04:00,3.975749969482422,4.043499946594238,3.9230000972747803,3.9272499084472656,1095444000
2017-06-21 00:00:00-04:00,3.9552500247955322,3.990499973297119,3.8924999237060547,3.9867498874664307,682652000
2017-06-22 00:00:00-04:00,3.994999885559082,4.008500099182129,3.934999942779541,3.959249973297119,469132000
2017-06-23 00:00:00-04:00,3.9670000076293945,3.9830000400543213,3.8304998874664307,3.845750093460083,1088588000
2017-06-26 00:00:00-04:00,3.878999948501587,3.9149999618530273,3.708250045776367,3.8037500381469727,1063960000
2017-06-27 00:00:00-04:00,3.7860000133514404,3.7947499752044678,3.658750057220459,3.6644999980926514,999492000
2017-06-28 00:00:00-04:00,3.7330000400543213,3.7985000610351562,3.643749952316284,3.793750047683716,994948000
2017-06-29 00:00:00-04:00,3.765000104904175,3.7679998874664307,3.6019999980926514,3.6670000553131104,1064424000
2017-06-30 00:00:00-04:00,3.684499979019165,3.6982500553131104,3.5875000953674316,3.614000082015991,731060000
2017-07-03 00:00:00-04:00,3.6262500286102295,3.641249895095825,3.4644999504089355,3.4832499027252197,709072000
2017-07-05 00:00:00-04:00,3.547499895095825,3.6054999828338623,3.528249979019165,3.5762500762939453,820188000
2017-07-06 00:00:00-04:00,3.546750068664551,3.634500026702881,3.49399995803833,3.5869998931884766,746284000
2017-07-07 00:00:00-04:00,3.6445000171661377,3.6875,3.6212499141693115,3.6689999103546143,654972000
2017-07-10 00:00:00-04:00,3.743499994277954,3.8499999046325684,3.7170000076293945,3.8424999713897705,958492000
2017-07-11 00:00:00-04:00,3.846250057220459,3.904750108718872,3.8037500381469727,3.8970000743865967,757956000
2017-07-12 00:00:00-04:00,3.9574999809265137,4.074999809265137,3.9140000343322754,4.062749862670898,1145208000
2017-07-13 00:00:00-04:00,4.074999809265137,4.15749979019165,3.96875,4.015749931335449,1369132000
2017-07-14 00:00:00-04:00,4.032249927520752,4.125249862670898,4.02524995803833,4.12375020980835,941948000
2017-07-17 00:00:00-04:00,4.158249855041504,4.1875,4.043749809265137,4.106249809265137,930792000
2017-07-18 00:00:00-04:00,4.04449987411499,4.163750171661377,4.03249979019165,4.14900016784668,776640000
2017-07-19 00:00:00-04:00,4.158249855041504,4.184999942779541,4.115250110626221,4.127500057220459,687044000
2017-07-20 00:00:00-04:00,4.148250102996826,4.187749862670898,4.097750186920166,4.1875,699596000
2017-07-21 00:00:00-04:00,4.166749954223633,4.232500076293945,4.152249813079834,4.202499866485596,648332000
2017-07-24 00:00:00-04:00,4.209750175476074,4.2195000648498535,4.14300012588501,4.153749942779541,652524000
2017-07-25 00:00:00-04:00,4.130499839782715,4.148250102996826,4.0894999504089355,4.133749961853027,496556000
2017-07-26 00:00:00-04:00,4.191999912261963,4.2482500076293945,4.146249771118164,4.18149995803833,640404000
2017-07-27 00:00:00-04:00,4.20674991607666,4.218500137329102,3.938999891281128,4.043499946594238,782856000
2017-07-28 00:00:00-04:00,4.00724983215332,4.134500026702881,3.9820001125335693,4.109749794006348,513348000
2017-07-31 00:00:00-04:00,4.123499870300293,4.159999847412109,4.015500068664551,4.062749862670898,559672000
2017-08-01 00:00:00-04:00,4.053249835968018,4.113999843597412,4.025000095367432,4.112249851226807,431384000
2017-08-02 00:00:00-04:00,4.143750190734863,4.147749900817871,4.031750202178955,4.109749794006348,478444000
2017-08-03 00:00:00-04:00,4.109250068664551,4.165750026702881,4.0920000076293945,4.1620001792907715,442420000
2017-08-04 00:00:00-04:00,4.184999942779541,4.2517499923706055,4.1620001792907715,4.18025016784668,589096000
2017-08-07 00:00:00-04:00,4.209750175476074,4.3092498779296875,4.199999809265137,4.308750152587891,717412000
2017-08-08 00:00:00-04:00,4.347249984741211,4.363999843597412,4.217750072479248,4.257500171661377,755336000
2017-08-09 00:00:00-04:00,4.210750102996826,4.30525016784668,4.1917500495910645,4.302750110626221,530784000
2017-08-10 00:00:00-04:00,4.303999900817871,4.316500186920166,4.108250141143799,4.118500232696533,1328088000
2017-08-11 00:00:00-04:00,3.928499937057495,3.9749999046325684,3.8227500915527344,3.8989999294281006,1497196000
2017-08-14 00:00:00-04:00,3.9917500019073486,4.213749885559082,3.9800000190734863,4.210000038146973,1279020000
2017-08-15 00:00:00-04:00,4.215250015258789,4.2417497634887695,4.139750003814697,4.174499988555908,764532000
2017-08-16 00:00:00-04:00,4.1897501945495605,4.213500022888184,4.0960001945495605,4.128749847412109,596632000
2017-08-17 00:00:00-04:00,4.120250225067139,4.137499809265137,4.0345001220703125,4.036749839782715,525444000
2017-08-18 00:00:00-04:00,4.091750144958496,4.109000205993652,3.990999937057495,4.037499904632568,601204000
2017-08-21 00:00:00-04:00,4.062250137329102,4.073750019073486,3.9342501163482666,3.978749990463257,623672000
2017-08-22 00:00:00-04:00,4.012249946594238,4.06974983215332,3.9927499294281006,4.06374979019165,450456000
2017-08-23 00:00:00-04:00,4.03000020980835,4.15625,4.021249771118164,4.144999980926514,579520000
2017-08-24 00:00:00-04:00,4.177499771118164,4.182000160217285,4.103000164031982,4.129749774932861,469700000
2017-08-25 00:00:00-04:00,4.154250144958496,4.1645002365112305,4.088749885559082,4.095250129699707,357200000
2017-08-28 00:00:00-04:00,4.114500045776367,4.127500057220459,4.0582499504089355,4.1242499351501465,389496000
2017-08-29 00:00:00-04:00,4.0647501945495605,4.139500141143799,4.05649995803833,4.117499828338623,324096000
2017-08-30 00:00:00-04:00,4.137499809265137,4.153250217437744,4.106750011444092,4.142000198364258,384400000
2017-08-31 00:00:00-04:00,4.162499904632568,4.239999771118164,4.15500020980835,4.236000061035156,612684000
2017-09-01 00:00:00-04:00,4.24875020980835,4.297500133514404,4.239999771118164,4.261499881744385,445432000
2017-09-05 00:00:00-04:00,4.209499835968018,4.2144999504089355,4.089000225067139,4.147749900817871,695364000
2017-09-06 00:00:00-04:00,4.181000232696533,4.195000171661377,4.110000133514404,4.145249843597412,397672000
2017-09-07 00:00:00-04:00,4.16225004196167,4.197249889373779,4.12375020980835,4.1645002365112305,352868000
2017-09-08 00:00:00-04:00,4.152750015258789,4.167749881744385,4.067749977111816,4.092249870300293,498856000
2017-09-11 00:00:00-04:00,4.138500213623047,4.235750198364258,4.132999897003174,4.224999904632568,567444000
2017-09-12 00:00:00-04:00,4.25,4.25,4.17425012588501,4.240250110626221,411488000
2017-09-13 00:00:00-04:00,4.214749813079834,4.28849983215332,4.182000160217285,4.259250164031982,580960000
2017-09-14 00:00:00-04:00,4.219749927520752,4.314000129699707,4.195000171661377,4.235000133514404,513712000
2017-09-15 00:00:00-04:00,4.321499824523926,4.502749919891357,4.316249847412109,4.502749919891357,1364792000
2017-09-18 00:00:00-04:00,4.628499984741211,4.78000020980835,4.621500015258789,4.68874979019165,1684460000
2017-09-19 00:00:00-04:00,4.637750148773193,4.746250152587891,4.615499973297119,4.683750152587891,874280000
2017-09-20 00:00:00-04:00,4.6875,4.735499858856201,4.605249881744385,4.645999908447266,724920000
2017-09-21 00:00:00-04:00,4.540999889373779,4.567500114440918,4.440249919891357,4.519000053405762,1075600000
2017-09-22 00:00:00-04:00,4.507500171661377,4.557750225067139,4.465000152587891,4.474999904632568,491232000
2017-09-25 00:00:00-04:00,4.443749904632568,4.445000171661377,4.254000186920166,4.275000095367432,874580000
2017-09-26 00:00:00-04:00,4.411250114440918,4.4670000076293945,4.258749961853027,4.298999786376953,1125620000
2017-09-27 00:00:00-04:00,4.390500068664551,4.406750202178955,4.318749904632568,4.393249988555908,713720000
2017-09-28 00:00:00-04:00,4.4004998207092285,4.4045000076293945,4.343999862670898,4.392000198364258,435244000
2017-09-29 00:00:00-04:00,4.4770002365112305,4.493249893188477,4.431250095367432,4.469250202178955,619092000
2017-10-02 00:00:00-04:00,4.519999980926514,4.549499988555908,4.425000190734863,4.474999904632568,503480000
2017-10-03 00:00:00-04:00,4.481249809265137,4.514500141143799,4.439499855041504,4.484250068664551,390332000
2017-10-04 00:00:00-04:00,4.490499973297119,4.544250011444092,4.453499794006348,4.521749973297119,427848000
2017-10-05 00:00:00-04:00,4.546500205993652,4.550000190734863,4.488999843597412,4.51924991607666,437364000
2017-10-06 00:00:00-04:00,4.491250038146973,4.546000003814697,4.474999904632568,4.53249979019165,318800000
2017-10-09 00:00:00-04:00,4.56974983215332,4.66825008392334,4.550749778747559,4.634749889373779,563492000
2017-10-10 00:00:00-04:00,4.785749912261963,4.823750019073486,4.68149995803833,4.723249912261963,974876000
2017-10-11 00:00:00-04:00,4.739999771118164,4.775000095367432,4.69350004196167,4.773499965667725,529508000
2017-10-12 00:00:00-04:00,4.7769999504089355,4.827250003814697,4.7482500076293945,4.775750160217285,528292000
2017-10-13 00:00:00-04:00,4.838749885559082,4.875,4.791250228881836,4.864749908447266,628728000
2017-10-16 00:00:00-04:00,4.894999980926514,4.951250076293945,4.830999851226807,4.948249816894531,576640000
2017-10-17 00:00:00-04:00,4.927249908447266,4.972499847412109,4.908750057220459,4.943749904632568,478596000
2017-10-18 00:00:00-04:00,4.952750205993652,4.953499794006348,4.833000183105469,4.939499855041504,567316000
2017-10-19 00:00:00-04:00,4.861000061035156,4.949999809265137,4.81125020980835,4.945000171661377,570772000
2017-10-20 00:00:00-04:00,4.962250232696533,4.989749908447266,4.91349983215332,4.922500133514404,451620000
2017-10-23 00:00:00-04:00,4.944499969482422,4.971250057220459,4.894999980926514,4.915500164031982,428696000
2017-10-24 00:00:00-04:00,4.924749851226807,4.96875,4.898499965667725,4.9670000076293945,407244000
2017-10-25 00:00:00-04:00,4.927000045776367,4.980500221252441,4.779250144958496,4.8414998054504395,828160000
2017-10-26 00:00:00-04:00,4.869500160217285,4.9039998054504395,4.845250129699707,4.892250061035156,322744000
2017-10-27 00:00:00-04:00,4.945000171661377,5.046750068664551,4.918749809265137,5.046500205993652,572192000
2017-10-30 00:00:00-04:00,5.046500205993652,5.152249813079834,5.0304999351501465,5.0960001945495605,504056000
2017-10-31 00:00:00-04:00,5.1282501220703125,5.197249889373779,5.122499942779541,5.170249938964844,411908000
2017-11-01 00:00:00-04:00,5.233749866485596,5.2492499351501465,5.114999771118164,5.179999828338623,502576000
2017-11-02 00:00:00-04:00,5.150000095367432,5.195250034332275,5.091249942779541,5.148499965667725,342308000
2017-11-03 00:00:00-04:00,5.179999828338623,5.217249870300293,5.133500099182129,5.217249870300293,353640000
2017-11-06 00:00:00-05:00,5.179999828338623,5.249499797821045,5.167500019073486,5.240749835968018,389944000
2017-11-07 00:00:00-05:00,5.263750076293945,5.322500228881836,5.251500129699707,5.300749778747559,427700000
2017-11-08 00:00:00-05:00,5.296249866485596,5.300000190734863,5.181000232696533,5.229000091552734,522988000
2017-11-09 00:00:00-05:00,5.131750106811523,5.158249855041504,5.009250164031982,5.132999897003174,978564000
2017-11-10 00:00:00-05:00,5.327000141143799,5.466750144958496,5.290750026702881,5.403500080108643,1253256000
2017-11-13 00:00:00-05:00,5.403500080108643,5.4292497634887695,5.300250053405762,5.3157501220703125,582376000
2017-11-14 00:00:00-05:00,5.324999809265137,5.369999885559082,5.280749797821045,5.354499816894531,529292000
2017-11-15 00:00:00-05:00,5.298749923706055,5.300000190734863,5.195000171661377,5.249499797821045,501948000
2017-11-16 00:00:00-05:00,5.32450008392334,5.355000019073486,5.28125,5.290249824523926,441768000
2017-11-17 00:00:00-05:00,5.3480000495910645,5.383749961853027,5.268750190734863,5.283999919891357,515664000
2017-11-20 00:00:00-05:00,5.299749851226807,5.364250183105469,5.262499809265137,5.3520002365112305,396100000
2017-11-21 00:00:00-05:00,5.392250061035156,5.413000106811523,5.360000133514404,5.401249885559082,399176000
2017-11-22 00:00:00-05:00,5.425000190734863,5.425000190734863,5.340250015258789,5.3732500076293945,356640000
2017-11-24 00:00:00-05:00,5.389750003814697,5.425000190734863,5.364999771118164,5.423999786376953,180752000
2017-11-27 00:00:00-05:00,5.432750225067139,5.434000015258789,5.350249767303467,5.353499889373779,422896000
2017-11-28 00:00:00-05:00,5.358749866485596,5.368249893188477,5.205999851226807,5.267749786376953,512752000
2017-11-29 00:00:00-05:00,5.250249862670898,5.252999782562256,4.780749797821045,4.9105000495910645,1396788000
2017-11-30 00:00:00-05:00,4.980000019073486,5.066999912261963,4.916250228881836,5.017749786376953,823768000
2017-12-01 00:00:00-05:00,4.982749938964844,5.0032501220703125,4.8117499351501465,4.941999912261963,811548000
2017-12-04 00:00:00-05:00,5.00124979019165,5.007500171661377,4.612500190734863,4.666500091552734,1240844000
2017-12-05 00:00:00-05:00,4.559999942779541,4.817500114440918,4.514500141143799,4.69350004196167,981488000
2017-12-06 00:00:00-05:00,4.642499923706055,4.753499984741211,4.620999813079834,4.731500148773193,467032000
2017-12-07 00:00:00-05:00,4.798999786376953,4.840000152587891,4.752999782562256,4.799749851226807,542600000
2017-12-08 00:00:00-05:00,4.850249767303467,4.869500160217285,4.778749942779541,4.78725004196167,466876000
2017-12-11 00:00:00-05:00,4.801499843597412,4.869500160217285,4.7855000495910645,4.866499900817871,372748000
2017-12-12 00:00:00-05:00,4.822500228881836,4.8460001945495605,4.747250080108643,4.770999908447266,455016000
2017-12-13 00:00:00-05:00,4.8125,4.81374979019165,4.646999835968018,4.6545000076293945,554280000
2017-12-14 00:00:00-05:00,4.6479997634887695,4.733500003814697,4.614999771118164,4.661749839782715,438164000
2017-12-15 00:00:00-05:00,4.706250190734863,4.809500217437744,4.640500068664551,4.789000034332275,670036000
2017-12-18 00:00:00-05:00,4.829999923706055,4.950500011444092,4.800000190734863,4.947500228881836,477704000
2017-12-19 00:00:00-05:00,4.938000202178955,4.9432501792907715,4.874000072479248,4.902750015258789,373100000
2017-12-20 00:00:00-05:00,4.942500114440918,4.951749801635742,4.863749980926514,4.920000076293945,288820000
2017-12-21 00:00:00-05:00,4.923500061035156,4.948750019073486,4.888750076293945,4.897250175476074,300904000
2017-12-22 00:00:00-05:00,4.860000133514404,4.891250133514404,4.78125,4.881750106811523,466276000
2017-12-26 00:00:00-05:00,4.82574987411499,4.943749904632568,4.795499801635742,4.935999870300293,355080000
2017-12-27 00:00:00-05:00,4.922500133514404,4.9992499351501465,4.907750129699707,4.9292497634887695,329488000
2017-12-28 00:00:00-05:00,4.953249931335449,4.984499931335449,4.928750038146973,4.934999942779541,240248000
2017-12-29 00:00:00-05:00,4.96150016784668,4.96150016784668,4.837500095367432,4.837500095367432,279964000
2018-01-02 00:00:00-05:00,4.894499778747559,4.987500190734863,4.862500190734863,4.983749866485596,355616000
2018-01-03 00:00:00-05:00,5.102499961853027,5.34250020980835,5.09375,5.3117499351501465,914704000
2018-01-04 00:00:00-05:00,5.394000053405762,5.451250076293945,5.317249774932861,5.339749813079834,583268000
2018-01-05 00:00:00-05:00,5.354750156402588,5.422749996185303,5.2769999504089355,5.385000228881836,580124000
2018-01-08 00:00:00-05:00,5.510000228881836,5.625,5.4644999504089355,5.550000190734863,881216000
2018-01-09 00:00:00-05:00,5.555500030517578,5.5954999923706055,5.466000080108643,5.548500061035156,497000000
2018-01-10 00:00:00-05:00,5.454999923706055,5.5954999923706055,5.400000095367432,5.5920000076293945,582664000
2018-01-11 00:00:00-05:00,5.625,5.656750202178955,5.580249786376953,5.6020002365112305,406032000
2018-01-12 00:00:00-05:00,5.590000152587891,5.624750137329102,5.5335001945495605,5.57450008392334,359916000
2018-01-16 00:00:00-05:00,5.601250171661377,5.687749862670898,5.417250156402588,5.502749919891357,702348000
2018-01-17 00:00:00-05:00,5.517499923706055,5.627999782562256,5.422500133514404,5.618000030517578,538408000
2018-01-18 00:00:00-05:00,5.598499774932861,5.665999889373779,5.566999912261963,5.611000061035156,408632000
2018-01-19 00:00:00-05:00,5.702250003814697,5.777249813079834,5.675000190734863,5.752749919891357,609380000
2018-01-22 00:00:00-05:00,5.760749816894531,5.843999862670898,5.702499866485596,5.842249870300293,550944000
2018-01-23 00:00:00-05:00,5.896249771118164,5.9957499504089355,5.877500057220459,5.972750186920166,475228000
2018-01-24 00:00:00-05:00,5.97599983215332,6.012249946594238,5.838749885559082,5.894999980926514,579972000
2018-01-25 00:00:00-05:00,5.949999809265137,5.993750095367432,5.893750190734863,5.908750057220459,409884000
2018-01-26 00:00:00-05:00,5.953000068664551,6.083499908447266,5.940000057220459,6.083250045776367,516356000
2018-01-29 00:00:00-05:00,6.06850004196167,6.202750205993652,6.015250205993652,6.171249866485596,455116000
2018-01-30 00:00:00-05:00,6.027750015258789,6.1605000495910645,5.960249900817871,6.067999839782715,570832000
2018-01-31 00:00:00-05:00,6.14424991607666,6.231750011444092,6.111249923706055,6.144999980926514,478576000
2018-02-01 00:00:00-05:00,5.9629998207092285,6.172500133514404,5.951499938964844,6.012499809265137,519224000
2018-02-02 00:00:00-05:00,5.925000190734863,5.949250221252441,5.779250144958496,5.8379998207092285,718464000
2018-02-05 00:00:00-05:00,5.675000190734863,5.830749988555908,5.125,5.34250020980835,1165204000
2018-02-06 00:00:00-05:00,5.110000133514404,5.642499923706055,5.099999904632568,5.639500141143799,1114800000
2018-02-07 00:00:00-05:00,5.739500045776367,5.8742499351501465,5.667500019073486,5.71999979019165,802932000
2018-02-08 00:00:00-05:00,5.8470001220703125,5.880499839782715,5.437749862670898,5.438000202178955,1144000000
2018-02-09 00:00:00-05:00,5.956250190734863,5.972249984741211,5.438000202178955,5.802000045776367,1674604000
2018-02-12 00:00:00-05:00,5.883999824523926,5.88700008392334,5.6257500648498535,5.70074987411499,1093172000
2018-02-13 00:00:00-05:00,5.664000034332275,5.862500190734863,5.631249904632568,5.8157501220703125,625524000
2018-02-14 00:00:00-05:00,5.775000095367432,6.0647501945495605,5.763750076293945,6.0355000495910645,744988000
2018-02-15 00:00:00-05:00,6.119750022888184,6.209249973297119,6.038000106811523,6.162499904632568,698900000
2018-02-16 00:00:00-05:00,6.135000228881836,6.25,6.086750030517578,6.0960001945495605,637656000
2018-02-20 00:00:00-05:00,6.118750095367432,6.296750068664551,6.114999771118164,6.2270002365112305,686240000
2018-02-21 00:00:00-05:00,6.292250156402588,6.29925012588501,6.033999919891357,6.037749767303467,892292000
2018-02-22 00:00:00-05:00,6.0682501792907715,6.140749931335449,5.987500190734863,6.053750038146973,534364000
2018-02-23 00:00:00-05:00,6.114250183105469,6.148250102996826,6.063000202178955,6.148250102996826,415300000
2018-02-26 00:00:00-05:00,6.195000171661377,6.19950008392334,6.101500034332275,6.1645002365112305,469312000
2018-02-27 00:00:00-05:00,6.137499809265137,6.222750186920166,6.1282501220703125,6.151500225067139,455436000
2018-02-28 00:00:00-05:00,6.162499904632568,6.202499866485596,6.038249969482422,6.050000190734863,523116000
2018-03-01 00:00:00-05:00,6.047749996185303,6.102250099182129,5.703000068664551,5.80525016784668,1040120000
2018-03-02 00:00:00-05:00,5.696499824523926,5.920000076293945,5.546249866485596,5.91349983215332,913428000
2018-03-05 00:00:00-05:00,5.862750053405762,5.931250095367432,5.73799991607666,5.891250133514404,620776000
2018-03-06 00:00:00-05:00,5.977499961853027,6.073500156402588,5.934000015258789,6.053999900817871,636808000
2018-03-07 00:00:00-05:00,5.949999809265137,6.098750114440918,5.948750019073486,6.046000003814697,581208000
2018-03-08 00:00:00-05:00,6.073750019073486,6.073750019073486,5.984749794006348,6.0295000076293945,411912000
2018-03-09 00:00:00-05:00,6.077499866485596,6.146249771118164,6.06125020980835,6.1332502365112305,505524000
2018-03-12 00:00:00-04:00,6.175000190734863,6.324999809265137,6.166749954223633,6.24399995803833,605060000
2018-03-13 00:00:00-04:00,6.28725004196167,6.362500190734863,6.151000022888184,6.192749977111816,619772000
2018-03-14 00:00:00-04:00,6.236249923706055,6.263750076293945,6.1554999351501465,6.218500137329102,505496000
2018-03-15 00:00:00-04:00,6.232250213623047,6.315499782562256,6.190999984741211,6.233500003814697,401952000
2018-03-16 00:00:00-04:00,6.25,6.28125,6.211999893188477,6.26200008392334,399456000
2018-03-19 00:00:00-04:00,6.204500198364258,6.233749866485596,5.925000190734863,6.025000095367432,713772000
2018-03-20 00:00:00-04:00,6.0279998779296875,6.278749942779541,6.0279998779296875,6.239500045776367,554696000
2018-03-21 00:00:00-04:00,6.232999801635742,6.300000190734863,6.1832499504089355,6.214000225067139,438688000
2018-03-22 00:00:00-04:00,6.150000095367432,6.197000026702881,6.008500099182129,6.046249866485596,551196000
2018-03-23 00:00:00-04:00,6.059999942779541,6.0625,5.813000202178955,5.824250221252441,735620000
2018-03-26 00:00:00-04:00,5.949999809265137,6.113249778747559,5.897500038146973,6.111999988555908,611424000
2018-03-27 00:00:00-04:00,6.193749904632568,6.25,5.496250152587891,5.638000011444092,1409000000
2018-03-28 00:00:00-04:00,5.603250026702881,5.734749794006348,5.425000190734863,5.533750057220459,945904000
2018-03-29 00:00:00-04:00,5.602749824523926,5.887499809265137,5.517499923706055,5.789750099182129,916628000
2018-04-02 00:00:00-04:00,5.718500137329102,5.866250038146973,5.4375,5.526249885559082,922092000
2018-04-03 00:00:00-04:00,5.695000171661377,5.758749961853027,5.533750057220459,5.633749961853027,667432000
2018-04-04 00:00:00-04:00,5.375249862670898,5.666500091552734,5.349999904632568,5.656000137329102,789168000
2018-04-05 00:00:00-04:00,5.715000152587891,5.728250026702881,5.462250232696533,5.5345001220703125,701240000
2018-04-06 00:00:00-04:00,5.430749893188477,5.539999961853027,5.326749801635742,5.356249809265137,662988000
2018-04-09 00:00:00-04:00,5.420000076293945,5.54925012588501,5.364999771118164,5.385250091552734,499524000
2018-04-10 00:00:00-04:00,5.618000030517578,5.724999904632568,5.5602498054504395,5.697750091552734,761676000
2018-04-11 00:00:00-04:00,5.682750225067139,5.7245001792907715,5.623000144958496,5.656000137329102,460244000
2018-04-12 00:00:00-04:00,5.75,5.882999897003174,5.705249786376953,5.864999771118164,593920000
2018-04-13 00:00:00-04:00,5.9292497634887695,5.937749862670898,5.738749980926514,5.787499904632568,503036000
2018-04-16 00:00:00-04:00,5.794250011444092,5.821000099182129,5.691999912261963,5.78725004196167,350792000
2018-04-17 00:00:00-04:00,5.840000152587891,5.960000038146973,5.783750057220459,5.938499927520752,447224000
2018-04-18 00:00:00-04:00,5.887499809265137,5.981249809265137,5.819250106811523,5.909249782562256,391364000
2018-04-19 00:00:00-04:00,5.793749809265137,5.827499866485596,5.670000076293945,5.72599983215332,471996000
2018-04-20 00:00:00-04:00,5.717249870300293,5.802499771118164,5.68625020980835,5.717750072479248,386200000
2018-04-23 00:00:00-04:00,5.735750198364258,5.787499904632568,5.5707502365112305,5.5970001220703125,427508000
2018-04-24 00:00:00-04:00,5.623000144958496,5.71999979019165,5.464000225067139,5.53000020980835,414596000
2018-04-25 00:00:00-04:00,5.5,5.5395002365112305,5.257500171661377,5.416500091552734,588492000
2018-04-26 00:00:00-04:00,5.579999923706055,5.638750076293945,5.51324987411499,5.630499839782715,375824000
2018-04-27 00:00:00-04:00,5.737500190734863,5.757500171661377,5.615499973297119,5.658249855041504,400848000
2018-04-30 00:00:00-04:00,5.674749851226807,5.724999904632568,5.603000164031982,5.622499942779541,327844000
2018-05-01 00:00:00-04:00,5.614250183105469,5.681250095367432,5.554999828338623,5.678500175476074,253788000
2018-05-02 00:00:00-04:00,5.675000190734863,5.71999979019165,5.631249904632568,5.657750129699707,268248000
2018-05-03 00:00:00-04:00,5.690000057220459,5.851250171661377,5.64424991607666,5.824749946594238,443144000
2018-05-04 00:00:00-04:00,5.795750141143799,5.979750156402588,5.778250217437744,5.976500034332275,400660000
2018-05-07 00:00:00-04:00,6.082250118255615,6.274750232696533,6.072249889373779,6.2170000076293945,687616000
2018-05-08 00:00:00-04:00,6.217249870300293,6.262750148773193,6.167749881744385,6.260000228881836,506616000
2018-05-09 00:00:00-04:00,6.280250072479248,6.396749973297119,6.252749919891357,6.394499778747559,596760000
2018-05-10 00:00:00-04:00,6.447999954223633,6.512499809265137,6.429999828338623,6.5032501220703125,994080000
2018-05-11 00:00:00-04:00,6.319499969482422,6.494750022888184,6.263500213623047,6.363249778747559,1214456000
2018-05-14 00:00:00-04:00,6.401750087738037,6.462250232696533,6.360000133514404,6.383999824523926,523140000
2018-05-15 00:00:00-04:00,6.31974983215332,6.322500228881836,6.037499904632568,6.138999938964844,963528000
2018-05-16 00:00:00-04:00,6.099999904632568,6.2129998207092285,6.062749862670898,6.15024995803833,553828000
2018-05-17 00:00:00-04:00,6.1519999504089355,6.287499904632568,6.135749816894531,6.192749977111816,519784000
2018-05-18 00:00:00-04:00,6.245250225067139,6.3092498779296875,6.143499851226807,6.148499965667725,483716000
2018-05-21 00:00:00-04:00,6.247000217437744,6.2507500648498535,6.012249946594238,6.105999946594238,640624000
2018-05-22 00:00:00-04:00,6.119500160217285,6.144999980926514,6.006249904632568,6.067500114440918,518264000
2018-05-23 00:00:00-04:00,6.006999969482422,6.1897501945495605,6.006249904632568,6.188499927520752,442956000
2018-05-24 00:00:00-04:00,6.184750080108643,6.235000133514404,6.13100004196167,6.192249774932861,437372000
2018-05-25 00:00:00-04:00,6.204999923706055,6.248499870300293,6.169000148773193,6.23199987411499,292112000
2018-05-29 00:00:00-04:00,6.213749885559082,6.2835001945495605,6.167500019073486,6.214749813079834,352684000
2018-05-30 00:00:00-04:00,6.24875020980835,6.333499908447266,6.223750114440918,6.324749946594238,390996000
2018-05-31 00:00:00-04:00,6.292500019073486,6.380000114440918,6.281750202178955,6.304749965667725,493868000
2018-06-01 00:00:00-04:00,6.349999904632568,6.446750164031982,6.341249942779541,6.440499782562256,421968000
2018-06-04 00:00:00-04:00,6.474999904632568,6.643499851226807,6.442500114440918,6.621250152587891,642024000
2018-06-05 00:00:00-04:00,6.624499797821045,6.664750099182129,6.579249858856201,6.6267499923706055,391712000
2018-06-06 00:00:00-04:00,6.535749912261963,6.631999969482422,6.51924991607666,6.628749847412109,371356000
2018-06-07 00:00:00-04:00,6.625,6.63700008392334,6.481249809265137,6.572500228881836,369448000
2018-06-08 00:00:00-04:00,6.499000072479248,6.599999904632568,6.480000019073486,6.557000160217285,360456000
2018-06-11 00:00:00-04:00,6.544250011444092,6.586249828338623,6.502500057220459,6.515500068664551,265372000
2018-06-12 00:00:00-04:00,6.542250156402588,6.576749801635742,6.491499900817871,6.564499855041504,319160000
2018-06-13 00:00:00-04:00,6.565999984741211,6.641749858856201,6.550749778747559,6.559999942779541,338208000
2018-06-14 00:00:00-04:00,6.605500221252441,6.730000019073486,6.5904998779296875,6.672749996185303,430016000
2018-06-15 00:00:00-04:00,6.614999771118164,6.686999797821045,6.583749771118164,6.631499767303467,432260000
2018-06-18 00:00:00-04:00,6.586999893188477,6.644999980926514,6.559500217437744,6.6272501945495605,356268000
2018-06-19 00:00:00-04:00,6.5229997634887695,6.591000080108643,6.375500202178955,6.5042500495910645,594932000
2018-06-20 00:00:00-04:00,6.545750141143799,6.611249923706055,6.506999969482422,6.557750225067139,369780000
2018-06-21 00:00:00-04:00,6.590000152587891,6.608500003814697,6.420000076293945,6.427750110626221,359516000
2018-06-22 00:00:00-04:00,6.448750019073486,6.462250232696533,6.2582502365112305,6.273749828338623,434160000
2018-06-25 00:00:00-04:00,6.166250228881836,6.170000076293945,5.888500213623047,5.978000164031982,665816000
2018-06-26 00:00:00-04:00,6.09250020980835,6.141250133514404,5.9977498054504395,6.049749851226807,478884000
2018-06-27 00:00:00-04:00,6.09375,6.160749912261963,5.887499809265137,5.89300012588501,453892000
2018-06-28 00:00:00-04:00,5.882999897003174,6.0335001945495605,5.875249862670898,6.021500110626221,338012000
2018-06-29 00:00:00-04:00,6.087250232696533,6.099999904632568,5.921249866485596,5.922500133514404,392300000
2018-07-02 00:00:00-04:00,5.852250099182129,6.059750080108643,5.831500053405762,6.056000232696533,357572000
2018-07-03 00:00:00-04:00,6.091000080108643,6.0970001220703125,5.912499904632568,5.921000003814697,222732000
2018-07-05 00:00:00-04:00,5.976749897003174,6.073249816894531,5.9375,6.0682501792907715,306216000
2018-07-06 00:00:00-04:00,6.043499946594238,6.1917500495910645,6.021999835968018,6.1832499504089355,296352000
2018-07-09 00:00:00-04:00,6.2582502365112305,6.26800012588501,6.151750087738037,6.231249809265137,303880000
2018-07-10 00:00:00-04:00,6.243750095367432,6.353499889373779,6.203000068664551,6.331250190734863,360016000
2018-07-11 00:00:00-04:00,6.237500190734863,6.272500038146973,6.177499771118164,6.1882500648498535,367508000
2018-07-12 00:00:00-04:00,6.234000205993652,6.329249858856201,6.223999977111816,6.280749797821045,345508000
2018-07-13 00:00:00-04:00,6.299499988555908,6.299499988555908,6.190499782562256,6.232999801635742,246988000
2018-07-16 00:00:00-04:00,6.204999923706055,6.258500099182129,6.192500114440918,6.204999923706055,197036000
2018-07-17 00:00:00-04:00,6.155250072479248,6.357500076293945,6.129499912261963,6.342249870300293,362136000
2018-07-18 00:00:00-04:00,6.334750175476074,6.348750114440918,6.241000175476074,6.292500019073486,277640000
2018-07-19 00:00:00-04:00,6.273499965667725,6.334750175476074,6.2582502365112305,6.300749778747559,235752000
2018-07-20 00:00:00-04:00,6.298250198364258,6.337500095367432,6.261250019073486,6.272250175476074,222352000
2018-07-23 00:00:00-04:00,6.245500087738037,6.247250080108643,6.081999778747559,6.235249996185303,301584000
2018-07-24 00:00:00-04:00,6.283750057220459,6.371250152587891,6.199999809265137,6.217750072479248,354620000
2018-07-25 00:00:00-04:00,6.227250099182129,6.309500217437744,6.168749809265137,6.296750068664551,319112000
2018-07-26 00:00:00-04:00,6.276500225067139,6.408249855041504,6.259500026702881,6.370999813079834,325124000
2018-07-27 00:00:00-04:00,6.4079999923706055,6.414999961853027,6.245999813079834,6.30049991607666,295420000
2018-07-30 00:00:00-04:00,6.3147501945495605,6.3207502365112305,6.067999839782715,6.103250026702881,340340000
2018-07-31 00:00:00-04:00,6.092750072479248,6.197000026702881,6.053500175476074,6.121500015258789,283988000
2018-08-01 00:00:00-04:00,6.153250217437744,6.209000110626221,6.097249984741211,6.161749839782715,283556000
2018-08-02 00:00:00-04:00,6.089749813079834,6.269499778747559,6.030250072479248,6.265500068664551,269668000
2018-08-03 00:00:00-04:00,6.290249824523926,6.326499938964844,6.273250102996826,6.302499771118164,214288000
2018-08-06 00:00:00-04:00,6.289750099182129,6.354249954223633,6.24275016784668,6.350749969482422,207508000
2018-08-07 00:00:00-04:00,6.400000095367432,6.442500114440918,6.373000144958496,6.423749923706055,258132000
2018-08-08 00:00:00-04:00,6.425000190734863,6.50600004196167,6.389750003814697,6.4604997634887695,262100000
2018-08-09 00:00:00-04:00,6.478499889373779,6.481249809265137,6.403749942779541,6.411499977111816,204280000
2018-08-10 00:00:00-04:00,6.328750133514404,6.402500152587891,6.317500114440918,6.369750022888184,256396000
2018-08-13 00:00:00-04:00,6.378499984741211,6.525000095367432,6.3767499923706055,6.4029998779296875,375208000
2018-08-14 00:00:00-04:00,6.509500026702881,6.550000190734863,6.42549991607666,6.535749912261963,466220000
2018-08-15 00:00:00-04:00,6.5567498207092285,6.591000080108643,6.397500038146973,6.4770002365112305,591136000
2018-08-16 00:00:00-04:00,6.547500133514404,6.550000190734863,6.375249862670898,6.435999870300293,801260000
2018-08-17 00:00:00-04:00,6.323500156402588,6.324250221252441,6.093249797821045,6.120500087738037,1143188000
2018-08-20 00:00:00-04:00,6.079500198364258,6.329999923706055,5.9679999351501465,6.196000099182129,854388000
2018-08-21 00:00:00-04:00,6.212500095367432,6.337500095367432,6.192500114440918,6.333000183105469,673988000
2018-08-22 00:00:00-04:00,6.300000190734863,6.575500011444092,6.296500205993652,6.570499897003174,749856000
2018-08-23 00:00:00-04:00,6.531499862670898,6.736999988555908,6.517499923706055,6.671000003814697,720684000
2018-08-24 00:00:00-04:00,6.679500102996826,6.820250034332275,6.675000190734863,6.805500030517578,531512000
2018-08-27 00:00:00-04:00,6.8354997634887695,6.972499847412109,6.803750038146973,6.897500038146973,505776000
2018-08-28 00:00:00-04:00,6.891499996185303,6.9145002365112305,6.738249778747559,6.859499931335449,475384000
2018-08-29 00:00:00-04:00,6.8480000495910645,6.987500190734863,6.827000141143799,6.962250232696533,420108000
2018-08-30 00:00:00-04:00,6.930749893188477,7.043000221252441,6.9079999923706055,6.945250034332275,346608000
2018-08-31 00:00:00-04:00,6.925000190734863,7.03000020980835,6.914999961853027,7.017000198364258,306592000
2018-09-04 00:00:00-04:00,7.003749847412109,7.130499839782715,6.974999904632568,7.09250020980835,391720000
2018-09-05 00:00:00-04:00,7.074749946594238,7.110499858856201,6.878749847412109,6.9604997634887695,393156000
2018-09-06 00:00:00-04:00,6.943999767303467,6.946499824523926,6.784749984741211,6.817999839782715,322796000
2018-09-07 00:00:00-04:00,6.724999904632568,6.923250198364258,6.679749965667725,6.796500205993652,295420000
2018-09-10 00:00:00-04:00,6.819250106811523,6.898250102996826,6.775000095367432,6.868249893188477,220140000
2018-09-11 00:00:00-04:00,6.821499824523926,6.909999847412109,6.80049991607666,6.820000171661377,243112000
2018-09-12 00:00:00-04:00,6.779749870300293,6.799499988555908,6.547999858856201,6.704999923706055,419092000
2018-09-13 00:00:00-04:00,6.771500110626221,6.875,6.754000186920166,6.7835001945495605,305536000
2018-09-14 00:00:00-04:00,6.874750137329102,6.977499961853027,6.837500095367432,6.910749912261963,386936000
2018-09-17 00:00:00-04:00,6.885000228881836,6.934500217437744,6.828750133514404,6.848249912261963,205528000
2018-09-18 00:00:00-04:00,6.852250099182129,6.955999851226807,6.768750190734863,6.7754998207092285,299520000
2018-09-19 00:00:00-04:00,6.756750106811523,6.817500114440918,6.706250190734863,6.799499988555908,224860000
2018-09-20 00:00:00-04:00,6.676249980926514,6.718999862670898,6.602499961853027,6.6570000648498535,430584000
2018-09-21 00:00:00-04:00,6.669000148773193,6.715000152587891,6.552750110626221,6.586249828338623,435128000
2018-09-24 00:00:00-04:00,6.554999828338623,6.645999908447266,6.4670000076293945,6.642499923706055,293912000
2018-09-25 00:00:00-04:00,6.709249973297119,6.735499858856201,6.6227498054504395,6.710249900817871,280388000
2018-09-26 00:00:00-04:00,6.715250015258789,6.75600004196167,6.6570000648498535,6.672999858856201,268548000
2018-09-27 00:00:00-04:00,6.708499908447266,6.730000019073486,6.653250217437744,6.684999942779541,214428000
2018-09-28 00:00:00-04:00,6.8182501792907715,7.047999858856201,6.789999961853027,7.0254998207092285,709396000
2018-10-01 00:00:00-04:00,7.104000091552734,7.301499843597412,7.065000057220459,7.234000205993652,622060000
2018-10-02 00:00:00-04:00,7.206250190734863,7.318999767303467,7.139500141143799,7.1620001792907715,383964000
2018-10-03 00:00:00-04:00,7.232999801635742,7.240499973297119,7.0632500648498535,7.16825008392334,320552000
2018-10-04 00:00:00-04:00,7.131750106811523,7.15625,6.9045000076293945,6.982250213623047,391220000
2018-10-05 00:00:00-04:00,6.957250118255615,7.019999980926514,6.688499927520752,6.746500015258789,426636000
2018-10-08 00:00:00-04:00,6.662499904632568,6.7789998054504395,6.501999855041504,6.64424991607666,408612000
2018-10-09 00:00:00-04:00,6.623499870300293,6.718999862670898,6.570000171661377,6.638500213623047,273500000
2018-10-10 00:00:00-04:00,6.531499862670898,6.577750205993652,6.139999866485596,6.142250061035156,684940000
2018-10-11 00:00:00-04:00,6.0542497634887695,6.189000129699707,5.856500148773193,5.8782501220703125,725436000
2018-10-12 00:00:00-04:00,6.137750148773193,6.238500118255615,5.991250038146973,6.16349983215332,608236000
2018-10-15 00:00:00-04:00,6.150000095367432,6.150000095367432,5.883500099182129,5.884500026702881,449760000
2018-10-16 00:00:00-04:00,5.9982500076293945,6.1570000648498535,5.948500156402588,6.145750045776367,408712000
2018-10-17 00:00:00-04:00,6.208499908447266,6.247000217437744,6.0269999504089355,6.076499938964844,329668000
2018-10-18 00:00:00-04:00,6.146500110626221,6.1852498054504395,5.927249908447266,5.988249778747559,524020000
2018-10-19 00:00:00-04:00,6.044000148773193,6.06374979019165,5.692500114440918,5.729249954223633,613608000
2018-10-22 00:00:00-04:00,5.7820000648498535,5.882999897003174,5.676750183105469,5.7804999351501465,368844000
2018-10-23 00:00:00-04:00,5.510749816894531,5.604750156402588,5.417749881744385,5.526500225067139,626436000
2018-10-24 00:00:00-04:00,5.487750053405762,5.534749984741211,4.971250057220459,4.985249996185303,884288000
2018-10-25 00:00:00-04:00,4.886750221252441,5.243750095367432,4.8420000076293945,5.196000099182129,951720000
2018-10-26 00:00:00-04:00,4.957749843597412,5.120999813079834,4.828000068664551,4.957250118255615,664784000
2018-10-29 00:00:00-04:00,5.09975004196167,5.103250026702881,4.40024995803833,4.640500068664551,758016000
2018-10-30 00:00:00-04:00,4.663750171661377,5.085000038146973,4.640500068664551,5.074999809265137,807192000
2018-10-31 00:00:00-04:00,5.241250038146973,5.3147501945495605,5.100249767303467,5.270750045776367,745772000
2018-11-01 00:00:00-04:00,5.307499885559082,5.462250232696533,5.179749965667725,5.452750205993652,566528000
2018-11-02 00:00:00-04:00,5.4432501792907715,5.550000190734863,5.255249977111816,5.373000144958496,452960000
2018-11-05 00:00:00-05:00,5.359749794006348,5.3832502365112305,5.131999969482422,5.294250011444092,379332000
2018-11-06 00:00:00-05:00,5.286250114440918,5.371250152587891,5.238999843597412,5.276500225067139,299012000
2018-11-07 00:00:00-05:00,5.34375,5.4352498054504395,5.2795000076293945,5.344749927520752,483812000
2018-11-08 00:00:00-05:00,5.284999847412109,5.285749912261963,5.095749855041504,5.149750232696533,511352000
2018-11-09 00:00:00-05:00,5.059999942779541,5.232999801635742,5.026000022888184,5.141749858856201,413240000
2018-11-12 00:00:00-05:00,5.049499988555908,5.071750164031982,4.7164998054504395,4.738500118255615,617116000
2018-11-13 00:00:00-05:00,4.837250232696533,5.105249881744385,4.830999851226807,4.982749938964844,644712000
2018-11-14 00:00:00-05:00,5.15749979019165,5.171999931335449,4.8207502365112305,4.929749965667725,526580000
2018-11-15 00:00:00-05:00,4.923749923706055,5.132500171661377,4.887499809265137,5.059750080108643,840708000
2018-11-16 00:00:00-05:00,4.083000183105469,4.266499996185303,4.040249824523926,4.110750198364258,1963520000
2018-11-19 00:00:00-05:00,4.044750213623047,4.045499801635742,3.6157500743865967,3.617500066757202,1697820000
2018-11-20 00:00:00-05:00,3.3515000343322754,3.8564999103546143,3.332750082015991,3.7269999980926514,1692032000
2018-11-21 00:00:00-05:00,3.865499973297119,3.882499933242798,3.590250015258789,3.6177499294281006,1025496000
2018-11-23 00:00:00-05:00,3.582750082015991,3.7397499084472656,3.5697500705718994,3.625,411968000
2018-11-26 00:00:00-05:00,3.7472500801086426,3.836750030517578,3.6640000343322754,3.8262500762939453,814832000
2018-11-27 00:00:00-05:00,3.799999952316284,3.9252500534057617,3.7637500762939453,3.843250036239624,738060000
2018-11-28 00:00:00-05:00,3.9619998931884766,4.006999969482422,3.828249931335449,4.0017499923706055,804524000
2018-11-29 00:00:00-05:00,4.0,4.037499904632568,3.9035000801086426,3.934000015258789,549172000
2018-11-30 00:00:00-05:00,3.9437499046325684,4.096499919891357,3.8929998874664307,4.085750102996826,729564000
2018-12-03 00:00:00-05:00,4.315000057220459,4.367000102996826,4.183499813079834,4.250999927520752,890804000
2018-12-04 00:00:00-05:00,4.205999851226807,4.210999965667725,3.9124999046325684,3.9277501106262207,812112000
2018-12-06 00:00:00-05:00,3.7860000133514404,3.962249994277954,3.770250082015991,3.9572501182556152,692308000
2018-12-07 00:00:00-05:00,3.9614999294281006,3.971750020980835,3.640500068664551,3.6902499198913574,681676000
2018-12-10 00:00:00-05:00,3.6449999809265137,3.821500062942505,3.641249895095825,3.7964999675750732,629472000
2018-12-11 00:00:00-05:00,3.8889999389648438,3.897249937057495,3.625,3.7047500610351562,671912000
2018-12-12 00:00:00-05:00,3.7105000019073486,3.819499969482422,3.620500087738037,3.7225000858306885,654136000
2018-12-13 00:00:00-05:00,3.7697501182556152,3.8345000743865967,3.686000108718872,3.722249984741211,471384000
2018-12-14 00:00:00-05:00,3.6802499294281006,3.7647500038146973,3.637500047683716,3.661250114440918,471820000
2018-12-17 00:00:00-05:00,3.63100004196167,3.703749895095825,3.5309998989105225,3.5894999504089355,662868000
2018-12-18 00:00:00-05:00,3.6337499618530273,3.7582499980926514,3.606250047683716,3.6735000610351562,564372000
2018-12-19 00:00:00-05:00,3.6394999027252197,3.69350004196167,3.410749912261963,3.46274995803833,745364000
2018-12-20 00:00:00-05:00,3.4542500972747803,3.5450000762939453,3.3172500133514404,3.377500057220459,749588000
2018-12-21 00:00:00-05:00,3.404249906539917,3.4375,3.2114999294281006,3.2392499446868896,863740000
2018-12-24 00:00:00-05:00,3.16225004196167,3.249500036239624,3.112499952316284,3.177000045776367,463840000
2018-12-26 00:00:00-05:00,3.2235000133514404,3.3285000324249268,3.1115000247955322,3.327500104904175,695100000
2018-12-27 00:00:00-05:00,3.274749994277954,3.309499979019165,3.129499912261963,3.279249906539917,637044000
2018-12-28 00:00:00-05:00,3.299999952316284,3.4347500801086426,3.2577500343322754,3.341249942779541,628728000
2018-12-31 00:00:00-05:00,3.384999990463257,3.4177498817443848,3.30649995803833,3.3375000953674316,465140000
2019-01-02 00:00:00-05:00,3.2660000324249268,3.4619998931884766,3.2512500286102295,3.4054999351501465,508752000
2019-01-03 00:00:00-05:00,3.344749927520752,3.378999948501587,3.1922500133514404,3.1997499465942383,705552000
2019-01-04 00:00:00-05:00,3.2734999656677246,3.4432499408721924,3.242500066757202,3.404750108718872,585620000
2019-01-07 00:00:00-05:00,3.4625000953674316,3.6222500801086426,3.410749912261963,3.5850000381469727,709160000
2019-01-08 00:00:00-05:00,3.667249917984009,3.6695001125335693,3.422499895095825,3.4957499504089355,786016000
2019-01-09 00:00:00-05:00,3.547499895095825,3.6122500896453857,3.496500015258789,3.564500093460083,617260000
2019-01-10 00:00:00-05:00,3.5450000762939453,3.6394999027252197,3.4839999675750732,3.6307499408721924,523156000
2019-01-11 00:00:00-05:00,3.6082499027252197,3.7437500953674316,3.5802500247955322,3.720750093460083,874764000
2019-01-14 00:00:00-05:00,3.6679999828338623,3.7864999771118164,3.64424991607666,3.760999917984009,730168000
2019-01-15 00:00:00-05:00,3.7939999103546143,3.833750009536743,3.728250026702881,3.7467501163482666,617012000
2019-01-16 00:00:00-05:00,3.774250030517578,3.807499885559082,3.7155001163482666,3.7209999561309814,470104000
2019-01-17 00:00:00-05:00,3.6877501010894775,3.833250045776367,3.660249948501587,3.7929999828338623,493436000
2019-01-18 00:00:00-05:00,3.843250036239624,3.94950008392334,3.791249990463257,3.9232499599456787,651336000
2019-01-22 00:00:00-05:00,3.8927500247955322,3.9045000076293945,3.6887500286102295,3.719249963760376,661552000
2019-01-23 00:00:00-05:00,3.7750000953674316,3.864500045776367,3.7007501125335693,3.7322499752044678,591020000
2019-01-24 00:00:00-05:00,3.817500114440918,3.963749885559082,3.8127501010894775,3.946000099182129,708972000
2019-01-25 00:00:00-05:00,3.885999917984009,4.021999835968018,3.7825000286102295,4.003749847412109,1154572000
2019-01-28 00:00:00-05:00,3.413749933242798,3.5409998893737793,3.2750000953674316,3.4502499103546143,2511528000
2019-01-29 00:00:00-05:00,3.403749942779541,3.452500104904175,3.27524995803833,3.2899999618530273,1153932000
2019-01-30 00:00:00-05:00,3.3667500019073486,3.4492499828338623,3.2864999771118164,3.4347500801086426,974228000
2019-01-31 00:00:00-05:00,3.43149995803833,3.6297500133514404,3.4094998836517334,3.59375,842852000
2019-02-01 00:00:00-05:00,3.612499952316284,3.6697499752044678,3.564500093460083,3.6182498931884766,625048000
2019-02-04 00:00:00-05:00,3.6342499256134033,3.7669999599456787,3.611999988555908,3.7295000553131104,528592000
2019-02-05 00:00:00-05:00,3.741499900817871,3.785749912261963,3.7074999809265137,3.7487499713897705,542424000
2019-02-06 00:00:00-05:00,3.782249927520752,3.890000104904175,3.776750087738037,3.825000047683716,702464000
2019-02-07 00:00:00-05:00,3.778249979019165,3.7804999351501465,3.6422500610351562,3.685499906539917,637120000
2019-02-08 00:00:00-05:00,3.6177499294281006,3.7149999141693115,3.603250026702881,3.7042500972747803,461604000
2019-02-11 00:00:00-05:00,3.659749984741211,3.7144999504089355,3.612499952316284,3.661250114440918,495180000
2019-02-12 00:00:00-05:00,3.700000047683716,3.7950000762939453,3.685499906539917,3.779249906539917,591060000
2019-02-13 00:00:00-05:00,3.809000015258789,3.895750045776367,3.7952499389648438,3.822000026702881,605372000
2019-02-14 00:00:00-05:00,3.821000099182129,3.8917500972747803,3.7774999141693115,3.8632500171661377,827264000
2019-02-15 00:00:00-05:00,4.073750019073486,4.096749782562256,3.9105000495910645,3.933500051498413,1516748000
2019-02-19 00:00:00-05:00,3.9227499961853027,3.9972500801086426,3.9035000801086426,3.9159998893737793,551892000
2019-02-20 00:00:00-05:00,3.945499897003174,4.031499862670898,3.9342501163482666,3.963749885559082,540988000
2019-02-21 00:00:00-05:00,3.9765000343322754,4.00124979019165,3.879499912261963,3.89424991607666,448548000
2019-02-22 00:00:00-05:00,3.946500062942505,3.9987499713897705,3.9327499866485596,3.979749917984009,401740000
2019-02-25 00:00:00-05:00,4.064000129699707,4.131999969482422,3.9584999084472656,3.967250108718872,656020000
2019-02-26 00:00:00-05:00,3.9625000953674316,4.019000053405762,3.893749952316284,3.927500009536743,488464000
2019-02-27 00:00:00-05:00,3.9130001068115234,3.9397499561309814,3.8277499675750732,3.8852500915527344,500256000
2019-02-28 00:00:00-05:00,3.875,3.8975000381469727,3.8340001106262207,3.8564999103546143,324944000
2019-03-01 00:00:00-05:00,3.906749963760376,3.953749895095825,3.8480000495910645,3.911250114440918,357188000
2019-03-04 00:00:00-05:00,3.950000047683716,3.9730000495910645,3.862499952316284,3.9195001125335693,409992000
2019-03-05 00:00:00-05:00,3.903749942779541,3.9514999389648438,3.8489999771118164,3.9130001068115234,362924000
2019-03-06 00:00:00-05:00,3.9040000438690186,3.9124999046325684,3.7985000610351562,3.8012499809265137,403524000
2019-03-07 00:00:00-05:00,3.7774999141693115,3.78725004196167,3.684999942779541,3.7314999103546143,450104000
2019-03-08 00:00:00-05:00,3.6414999961853027,3.776750087738037,3.619999885559082,3.7660000324249268,422416000
2019-03-11 00:00:00-04:00,3.789750099182129,4.051499843597412,3.7422499656677246,4.028500080108643,859728000
2019-03-12 00:00:00-04:00,4.05649995803833,4.109749794006348,3.979749917984009,4.063000202178955,579576000
2019-03-13 00:00:00-04:00,4.100749969482422,4.244999885559082,4.093249797821045,4.2154998779296875,768900000
2019-03-14 00:00:00-04:00,4.22475004196167,4.23675012588501,4.131249904632568,4.138999938964844,519384000
2019-03-15 00:00:00-04:00,4.182499885559082,4.288249969482422,4.178999900817871,4.245250225067139,661484000
2019-03-18 00:00:00-04:00,4.2769999504089355,4.331250190734863,4.196499824523926,4.223750114440918,486992000
2019-03-19 00:00:00-04:00,4.318999767303467,4.4375,4.302000045776367,4.392749786376953,854972000
2019-03-20 00:00:00-04:00,4.421999931335449,4.475749969482422,4.324999809265137,4.360000133514404,719148000
2019-03-21 00:00:00-04:00,4.3832502365112305,4.625,4.3782501220703125,4.598499774932861,824312000
2019-03-22 00:00:00-04:00,4.571000099182129,4.619999885559082,4.423500061035156,4.4375,747644000
2019-03-25 00:00:00-04:00,4.396500110626221,4.461249828338623,4.277750015258789,4.3445000648498535,525212000
2019-03-26 00:00:00-04:00,4.487249851226807,4.543749809265137,4.364999771118164,4.421750068664551,703508000
2019-03-27 00:00:00-04:00,4.447500228881836,4.4942498207092285,4.34250020980835,4.412499904632568,474372000
2019-03-28 00:00:00-04:00,4.43874979019165,4.497499942779541,4.377749919891357,4.431250095367432,480264000
2019-03-29 00:00:00-04:00,4.498499870300293,4.513500213623047,4.447750091552734,4.488999843597412,456896000
2019-04-01 00:00:00-04:00,4.581500053405762,4.587500095367432,4.509250164031982,4.557000160217285,483824000
2019-04-02 00:00:00-04:00,4.581250190734863,4.619750022888184,4.538000106811523,4.574999809265137,440920000
2019-04-03 00:00:00-04:00,4.625,4.775000095367432,4.619999885559082,4.7154998779296875,783504000
2019-04-04 00:00:00-04:00,4.699999809265137,4.7492499351501465,4.643249988555908,4.706500053405762,457376000
2019-04-05 00:00:00-04:00,4.75,4.791250228881836,4.713250160217285,4.773749828338623,481744000
2019-04-08 00:00:00-04:00,4.743000030517578,4.820000171661377,4.71875,4.794750213623047,424192000
2019-04-09 00:00:00-04:00,4.761000156402588,4.772250175476074,4.689000129699707,4.731500148773193,439972000
2019-04-10 00:00:00-04:00,4.73075008392334,4.828499794006348,4.726250171661377,4.802499771118164,444772000
2019-04-11 00:00:00-04:00,4.804999828338623,4.836750030517578,4.738749980926514,4.78849983215332,374600000
2019-04-12 00:00:00-04:00,4.827499866485596,4.831500053405762,4.741499900817871,4.750249862670898,471708000
2019-04-15 00:00:00-04:00,4.742499828338623,4.747499942779541,4.577499866485596,4.617499828338623,440092000
2019-04-16 00:00:00-04:00,4.6570000648498535,4.724249839782715,4.624000072479248,4.705249786376953,394964000
2019-04-17 00:00:00-04:00,4.740499973297119,4.761499881744385,4.659749984741211,4.682250022888184,351004000
2019-04-18 00:00:00-04:00,4.689000129699707,4.723249912261963,4.629499912261963,4.65749979019165,380988000
2019-04-22 00:00:00-04:00,4.633749961853027,4.727499961853027,4.6020002365112305,4.711750030517578,279936000
2019-04-23 00:00:00-04:00,4.724999904632568,4.798250198364258,4.715250015258789,4.766749858856201,346856000
2019-04-24 00:00:00-04:00,4.777249813079834,4.820250034332275,4.716000080108643,4.779250144958496,318204000
2019-04-25 00:00:00-04:00,4.738749980926514,4.761250019073486,4.59250020980835,4.672749996185303,499296000
2019-04-26 00:00:00-04:00,4.517749786376953,4.522250175476074,4.332499980926514,4.452250003814697,868988000
2019-04-29 00:00:00-04:00,4.460249900817871,4.511250019073486,4.387499809265137,4.483250141143799,391920000
2019-04-30 00:00:00-04:00,4.45074987411499,4.550749778747559,4.43149995803833,4.525000095367432,362920000
2019-05-01 00:00:00-04:00,4.577750205993652,4.620250225067139,4.511499881744385,4.511750221252441,354280000
2019-05-02 00:00:00-04:00,4.521500110626221,4.6217498779296875,4.478000164031982,4.579750061035156,394684000
2019-05-03 00:00:00-04:00,4.588250160217285,4.598249912261963,4.51324987411499,4.575250148773193,336824000
2019-05-06 00:00:00-04:00,4.387499809265137,4.508500099182129,4.349999904632568,4.496250152587891,422176000
2019-05-07 00:00:00-04:00,4.447500228881836,4.447500228881836,4.279250144958496,4.327750205993652,555220000
2019-05-08 00:00:00-04:00,4.300000190734863,4.428750038146973,4.288000106811523,4.3480000495910645,419168000
2019-05-09 00:00:00-04:00,4.278500080108643,4.288249969482422,4.135000228881836,4.254749774932861,660248000
2019-05-10 00:00:00-04:00,4.223750114440918,4.289750099182129,4.099999904632568,4.2204999923706055,569500000
2019-05-13 00:00:00-04:00,4.087500095367432,4.110750198364258,3.9452500343322754,3.961250066757202,656912000
2019-05-14 00:00:00-04:00,4.00124979019165,4.08650016784668,3.962249994277954,4.051000118255615,524880000
2019-05-15 00:00:00-04:00,3.994999885559082,4.026249885559082,3.9352500438690186,3.989500045776367,502320000
2019-05-16 00:00:00-04:00,3.9839999675750732,4.047749996185303,3.9412500858306885,4.004749774932861,781088000
2019-05-17 00:00:00-04:00,3.9625000953674316,4.092750072479248,3.873500108718872,3.913249969482422,1022068000
2019-05-20 00:00:00-04:00,3.8137500286102295,3.8692500591278076,3.768749952316284,3.793750047683716,572064000
2019-05-21 00:00:00-04:00,3.8550000190734863,3.8924999237060547,3.815999984741211,3.876499891281128,361848000
2019-05-22 00:00:00-04:00,3.8375000953674316,3.8637499809265137,3.7939999103546143,3.805000066757202,325868000
2019-05-23 00:00:00-04:00,3.7422499656677246,3.7422499656677246,3.6227500438690186,3.683000087738037,591844000
2019-05-24 00:00:00-04:00,3.7019999027252197,3.737499952316284,3.621999979019165,3.6287500858306885,357584000
2019-05-28 00:00:00-04:00,3.6465001106262207,3.679500102996826,3.581249952316284,3.583250045776367,428356000
2019-05-29 00:00:00-04:00,3.535249948501587,3.570499897003174,3.4735000133514404,3.508500099182129,559800000
2019-05-30 00:00:00-04:00,3.5077500343322754,3.543750047683716,3.4392499923706055,3.477750062942505,394300000
2019-05-31 00:00:00-04:00,3.428499937057495,3.4962499141693115,3.3847498893737793,3.3864998817443848,389720000
2019-06-03 00:00:00-04:00,3.397749900817871,3.4367499351501465,3.315000057220459,3.3445000648498535,478644000
2019-06-04 00:00:00-04:00,3.4089999198913574,3.5802500247955322,3.3867499828338623,3.575000047683716,641836000
2019-06-05 00:00:00-04:00,3.649250030517578,3.654750108718872,3.495500087738037,3.5320000648498535,511616000
2019-06-06 00:00:00-04:00,3.536250114440918,3.6192500591278076,3.533750057220459,3.5945000648498535,408140000
2019-06-07 00:00:00-04:00,3.6005001068115234,3.671999931335449,3.581249952316284,3.637500047683716,348856000
2019-06-10 00:00:00-04:00,3.694000005722046,3.779750108718872,3.694000005722046,3.710750102996826,402780000
2019-06-11 00:00:00-04:00,3.7709999084472656,3.809000015258789,3.7290000915527344,3.768749952316284,383872000
2019-06-12 00:00:00-04:00,3.7249999046325684,3.731250047683716,3.6397500038146973,3.6549999713897705,358892000
2019-06-13 00:00:00-04:00,3.6772499084472656,3.7249999046325684,3.6594998836517334,3.7065000534057617,308080000
2019-06-14 00:00:00-04:00,3.6127500534057617,3.6372499465942383,3.571000099182129,3.615999937057495,394428000
2019-06-17 00:00:00-04:00,3.6142499446868896,3.6630001068115234,3.591249942779541,3.6257500648498535,276040000
2019-06-18 00:00:00-04:00,3.6875,3.8777499198913574,3.676500082015991,3.822000026702881,581920000
2019-06-19 00:00:00-04:00,3.8575000762939453,3.86899995803833,3.8017499446868896,3.828000068664551,331644000
2019-06-20 00:00:00-04:00,3.919250011444092,3.9332499504089355,3.8380000591278076,3.8524999618530273,350168000
2019-06-21 00:00:00-04:00,3.8375000953674316,3.88700008392334,3.7874999046325684,3.7939999103546143,434428000
2019-06-24 00:00:00-04:00,3.815500020980835,3.846250057220459,3.7679998874664307,3.816499948501587,282948000
2019-06-25 00:00:00-04:00,3.821500062942505,3.8970000743865967,3.784250020980835,3.7869999408721924,311868000
2019-06-26 00:00:00-04:00,3.915250062942505,4.043000221252441,3.902250051498413,3.9814999103546143,584072000
2019-06-27 00:00:00-04:00,4.067749977111816,4.099999904632568,4.031499862670898,4.080749988555908,445440000
2019-06-28 00:00:00-04:00,4.125,4.134250164031982,4.058750152587891,4.10575008392334,397668000
2019-07-01 00:00:00-04:00,4.3142499923706055,4.348750114440918,4.116499900817871,4.154250144958496,709756000
2019-07-02 00:00:00-04:00,4.137499809265137,4.158750057220459,4.042500019073486,4.055749893188477,400228000
2019-07-03 00:00:00-04:00,4.079249858856201,4.085000038146973,4.008500099182129,4.068749904632568,246636000
2019-07-05 00:00:00-04:00,4.010000228881836,4.014500141143799,3.941999912261963,4.0057501792907715,396552000
2019-07-08 00:00:00-04:00,3.9457499980926514,3.964750051498413,3.9000000953674316,3.9302499294281006,329788000
2019-07-09 00:00:00-04:00,3.8877499103546143,3.9609999656677246,3.875,3.9327499866485596,342860000
2019-07-10 00:00:00-04:00,3.9765000343322754,4.0592498779296875,3.9625000953674316,4.001500129699707,452076000
2019-07-11 00:00:00-04:00,4.074999809265137,4.197999954223633,4.037499904632568,4.1570000648498535,682560000
2019-07-12 00:00:00-04:00,4.184999942779541,4.261750221252441,4.184999942779541,4.190249919891357,506392000
2019-07-15 00:00:00-04:00,4.21150016784668,4.227749824523926,4.153250217437744,4.1817498207092285,289840000
2019-07-16 00:00:00-04:00,4.166749954223633,4.204249858856201,4.120999813079834,4.177000045776367,341444000
2019-07-17 00:00:00-04:00,4.178750038146973,4.249750137329102,4.149250030517578,4.24275016784668,348204000
2019-07-18 00:00:00-04:00,4.2532501220703125,4.317749977111816,4.196249961853027,4.254499912261963,442192000
2019-07-19 00:00:00-04:00,4.293000221252441,4.299499988555908,4.204999923706055,4.210999965667725,344896000
2019-07-22 00:00:00-04:00,4.232500076293945,4.296000003814697,4.224999904632568,4.2829999923706055,315940000
2019-07-23 00:00:00-04:00,4.322500228881836,4.393499851226807,4.3067498207092285,4.391499996185303,428176000
2019-07-24 00:00:00-04:00,4.434999942779541,4.472249984741211,4.358500003814697,4.4664998054504395,366236000
2019-07-25 00:00:00-04:00,4.424749851226807,4.4375,4.310999870300293,4.334499835968018,392700000
2019-07-26 00:00:00-04:00,4.36175012588501,4.423749923706055,4.36175012588501,4.3767499923706055,274160000
2019-07-29 00:00:00-04:00,4.369500160217285,4.386750221252441,4.281750202178955,4.370500087738037,248160000
2019-07-30 00:00:00-04:00,4.323750019073486,4.398499965667725,4.3092498779296875,4.386250019073486,197772000
2019-07-31 00:00:00-04:00,4.354499816894531,4.355500221252441,4.17549991607666,4.2179999351501465,359416000
2019-08-01 00:00:00-04:00,4.228499889373779,4.319499969482422,4.070499897003174,4.123000144958496,421212000
2019-08-02 00:00:00-04:00,4.029749870300293,4.0995001792907715,3.9820001125335693,4.029749870300293,428348000
2019-08-05 00:00:00-04:00,3.8450000286102295,3.846250057220459,3.7225000858306885,3.7697501182556152,589156000
2019-08-06 00:00:00-04:00,3.8450000286102295,3.890749931335449,3.7607500553131104,3.8087499141693115,361272000
2019-08-07 00:00:00-04:00,3.747499942779541,3.859250068664551,3.7300000190734863,3.847249984741211,372560000
2019-08-08 00:00:00-04:00,3.905250072479248,3.957750082015991,3.8475000858306885,3.9565000534057617,309300000
2019-08-09 00:00:00-04:00,3.915250062942505,3.918750047683716,3.8037500381469727,3.8545000553131104,341816000
2019-08-12 00:00:00-04:00,3.802000045776367,3.8545000553131104,3.7642500400543213,3.786250114440918,279200000
2019-08-13 00:00:00-04:00,3.784749984741211,3.947499990463257,3.745500087738037,3.901249885559082,351956000
2019-08-14 00:00:00-04:00,3.8125,3.8237500190734863,3.707750082015991,3.7517499923706055,419880000
2019-08-15 00:00:00-04:00,3.770750045776367,3.790750026702881,3.6847500801086426,3.719249963760376,477200000
2019-08-16 00:00:00-04:00,3.983750104904175,4.03849983215332,3.921999931335449,3.989000082015991,1007960000
2019-08-19 00:00:00-04:00,4.103000164031982,4.2855000495910645,4.086750030517578,4.269499778747559,815112000
2019-08-20 00:00:00-04:00,4.263999938964844,4.264500141143799,4.17549991607666,4.196750164031982,463188000
2019-08-21 00:00:00-04:00,4.26324987411499,4.336249828338623,4.241499900817871,4.280749797821045,427244000
2019-08-22 00:00:00-04:00,4.290500164031982,4.333250045776367,4.247499942779541,4.2870001792907715,303488000
2019-08-23 00:00:00-04:00,4.210000038146973,4.264750003814697,4.040999889373779,4.060999870300293,568056000
2019-08-26 00:00:00-04:00,4.140250205993652,4.1645002365112305,4.097750186920166,4.136250019073486,318208000
2019-08-27 00:00:00-04:00,4.174749851226807,4.177499771118164,4.015500068664551,4.045000076293945,290968000
2019-08-28 00:00:00-04:00,4.014500141143799,4.083499908447266,3.9749999046325684,4.0304999351501465,255612000
2019-08-29 00:00:00-04:00,4.122499942779541,4.207499980926514,4.11899995803833,4.175000190734863,357976000
2019-08-30 00:00:00-04:00,4.221499919891357,4.271500110626221,4.16949987411499,4.187749862670898,290616000
2019-09-03 00:00:00-04:00,4.114500045776367,4.147749900817871,4.081250190734863,4.104249954223633,296140000
2019-09-04 00:00:00-04:00,4.165249824523926,4.226500034332275,4.165249824523926,4.218999862670898,227728000
2019-09-05 00:00:00-04:00,4.321750164031982,4.499750137329102,4.320000171661377,4.493500232696533,695676000
2019-09-06 00:00:00-04:00,4.46999979019165,4.527249813079834,4.427999973297119,4.466249942779541,376976000
2019-09-09 00:00:00-04:00,4.497499942779541,4.5995001792907715,4.495999813079834,4.512499809265137,417524000
2019-09-10 00:00:00-04:00,4.479499816894531,4.606249809265137,4.469749927520752,4.579500198364258,352812000
2019-09-11 00:00:00-04:00,4.594250202178955,4.656750202178955,4.565000057220459,4.608250141143799,361512000
2019-09-12 00:00:00-04:00,4.65500020980835,4.710000038146973,4.598750114440918,4.606750011444092,327840000
2019-09-13 00:00:00-04:00,4.539750099182129,4.577000141143799,4.504499912261963,4.548500061035156,324592000
2019-09-16 00:00:00-04:00,4.4730000495910645,4.539999961853027,4.462500095367432,4.505249977111816,231832000
2019-09-17 00:00:00-04:00,4.51200008392334,4.531000137329102,4.465250015258789,4.526750087738037,223048000
2019-09-18 00:00:00-04:00,4.519750118255615,4.5355000495910645,4.412499904632568,4.499499797821045,258152000
2019-09-19 00:00:00-04:00,4.505499839782715,4.52400016784668,4.412749767303467,4.423500061035156,245476000
2019-09-20 00:00:00-04:00,4.422500133514404,4.446249961853027,4.307000160217285,4.317249774932861,350244000
2019-09-23 00:00:00-04:00,4.317500114440918,4.416749954223633,4.31374979019165,4.370999813079834,249712000
2019-09-24 00:00:00-04:00,4.402500152587891,4.432250022888184,4.277500152587891,4.3132500648498535,317268000
2019-09-25 00:00:00-04:00,4.312749862670898,4.475500106811523,4.267749786376953,4.455749988555908,308432000
2019-09-26 00:00:00-04:00,4.446000099182129,4.454750061035156,4.38224983215332,4.433499813079834,234564000
2019-09-27 00:00:00-04:00,4.391499996185303,4.442500114440918,4.232999801635742,4.294000148773193,362056000
2019-09-30 00:00:00-04:00,4.320000171661377,4.361999988555908,4.28849983215332,4.351749897003174,186184000
2019-10-01 00:00:00-04:00,4.375,4.525000095367432,4.345250129699707,4.349999904632568,366008000
2019-10-02 00:00:00-04:00,4.328000068664551,4.340000152587891,4.2532501220703125,4.326000213623047,293372000
2019-10-03 00:00:00-04:00,4.33050012588501,4.539000034332275,4.300000190734863,4.532750129699707,450588000
2019-10-04 00:00:00-04:00,4.534999847412109,4.578750133514404,4.4695000648498535,4.54925012588501,265524000
2019-10-07 00:00:00-04:00,4.614500045776367,4.708499908447266,4.60575008392334,4.608250141143799,480984000
2019-10-08 00:00:00-04:00,4.515999794006348,4.515999794006348,4.412499904632568,4.430749893188477,444436000
2019-10-09 00:00:00-04:00,4.507999897003174,4.567500114440918,4.479000091552734,4.517749786376953,292412000
2019-10-10 00:00:00-04:00,4.515500068664551,4.626999855041504,4.510250091552734,4.57574987411499,309124000
2019-10-11 00:00:00-04:00,4.660250186920166,4.733500003814697,4.641250133514404,4.649750232696533,446404000
2019-10-14 00:00:00-04:00,4.640999794006348,4.6842498779296875,4.609749794006348,4.663249969482422,200040000
2019-10-15 00:00:00-04:00,4.754000186920166,4.982250213623047,4.739999771118164,4.909249782562256,664124000
2019-10-16 00:00:00-04:00,4.875,4.980500221252441,4.84375,4.855249881744385,428944000
2019-10-17 00:00:00-04:00,4.900000095367432,4.945250034332275,4.802499771118164,4.857250213623047,263436000
2019-10-18 00:00:00-04:00,4.857749938964844,4.890500068664551,4.6875,4.762249946594238,307440000
2019-10-21 00:00:00-04:00,4.823999881744385,4.913750171661377,4.804999828338623,4.90024995803833,261868000
2019-10-22 00:00:00-04:00,4.957499980926514,5.0632500648498535,4.882500171661377,4.890250205993652,328720000
2019-10-23 00:00:00-04:00,4.807750225067139,4.891499996185303,4.775750160217285,4.8772501945495605,279916000
2019-10-24 00:00:00-04:00,4.918749809265137,4.955249786376953,4.884500026702881,4.921500205993652,232020000
2019-10-25 00:00:00-04:00,5.002500057220459,5.134500026702881,4.994750022888184,5.113500118255615,423092000
2019-10-28 00:00:00-04:00,5.15749979019165,5.222499847412109,5.127999782562256,5.169750213623047,330792000
2019-10-29 00:00:00-04:00,5.155749797821045,5.16225004196167,5.053500175476074,5.072999954223633,211236000
2019-10-30 00:00:00-04:00,5.099999904632568,5.10575008392334,5.006499767303467,5.074999809265137,205960000
2019-10-31 00:00:00-04:00,5.053999900817871,5.074999809265137,4.945250034332275,5.0254998207092285,209732000
2019-11-01 00:00:00-04:00,4.989999771118164,5.097249984741211,4.964749813079834,5.0647501945495605,283640000
2019-11-04 00:00:00-05:00,5.146249771118164,5.275000095367432,5.123000144958496,5.262499809265137,376716000
2019-11-05 00:00:00-05:00,5.262249946594238,5.28849983215332,5.191999912261963,5.240250110626221,300868000
2019-11-06 00:00:00-05:00,5.216000080108643,5.2417497634887695,5.102749824523926,5.1907501220703125,269012000
2019-11-07 00:00:00-05:00,5.277750015258789,5.292500019073486,5.16349983215332,5.208499908447266,280340000
2019-11-08 00:00:00-05:00,5.191500186920166,5.226250171661377,5.153749942779541,5.194499969482422,189100000
2019-11-11 00:00:00-05:00,5.193749904632568,5.227749824523926,5.10699987411499,5.204500198364258,243436000
2019-11-12 00:00:00-05:00,5.243000030517578,5.296500205993652,5.207749843597412,5.240250110626221,283504000
2019-11-13 00:00:00-05:00,5.208749771118164,5.236499786376953,5.147500038146973,5.214250087738037,300188000
2019-11-14 00:00:00-05:00,5.223249912261963,5.247000217437744,5.163000106811523,5.244750022888184,518080000
2019-11-15 00:00:00-05:00,5.242499828338623,5.29449987411499,5.015999794006348,5.104750156402588,1053628000
2019-11-18 00:00:00-05:00,5.097249984741211,5.333749771118164,5.094250202178955,5.307000160217285,574588000
2019-11-19 00:00:00-05:00,5.275750160217285,5.299499988555908,5.141250133514404,5.199749946594238,414564000
2019-11-20 00:00:00-05:00,5.176750183105469,5.363749980926514,5.164000034332275,5.2795000076293945,472588000
2019-11-21 00:00:00-05:00,5.275000095367432,5.330999851226807,5.232749938964844,5.254499912261963,288388000
2019-11-22 00:00:00-05:00,5.277249813079834,5.323999881744385,5.248499870300293,5.272250175476074,224100000
2019-11-25 00:00:00-05:00,5.401000022888184,5.535250186920166,5.388000011444092,5.530250072479248,506476000
2019-11-26 00:00:00-05:00,5.512499809265137,5.517250061035156,5.418499946594238,5.425000190734863,385244000
2019-11-27 00:00:00-05:00,5.466750144958496,5.50124979019165,5.429500102996826,5.455999851226807,215784000
2019-11-29 00:00:00-05:00,5.425000190734863,5.453499794006348,5.394499778747559,5.418499946594238,141556000
2019-12-02 00:00:00-05:00,5.411499977111816,5.425000190734863,5.216000080108643,5.231249809265137,372036000
2019-12-03 00:00:00-05:00,5.046750068664551,5.195499897003174,5.009250164031982,5.191500186920166,465232000
2019-12-04 00:00:00-05:00,5.2754998207092285,5.297999858856201,5.20674991607666,5.235499858856201,273424000
2019-12-05 00:00:00-05:00,5.257500171661377,5.273250102996826,5.187749862670898,5.218500137329102,184884000
2019-12-06 00:00:00-05:00,5.288000106811523,5.337250232696533,5.2779998779296875,5.3042497634887695,232236000
2019-12-09 00:00:00-05:00,5.28125,5.359250068664551,5.272500038146973,5.3042497634887695,211880000
2019-12-10 00:00:00-05:00,5.334499835968018,5.401500225067139,5.281499862670898,5.3495001792907715,256388000
2019-12-11 00:00:00-05:00,5.360000133514404,5.439000129699707,5.357500076293945,5.433499813079834,233796000
2019-12-12 00:00:00-05:00,5.4045000076293945,5.619999885559082,5.395500183105469,5.601749897003174,404348000
2019-12-13 00:00:00-05:00,5.604750156402588,5.7245001792907715,5.545499801635742,5.59975004196167,454704000
2019-12-16 00:00:00-05:00,5.647500038146973,5.701499938964844,5.6192498207092285,5.628749847412109,320976000
2019-12-17 00:00:00-05:00,5.647500038146973,5.730000019073486,5.638000011444092,5.707250118255615,321196000
2019-12-18 00:00:00-05:00,5.742249965667725,5.798500061035156,5.733749866485596,5.737750053405762,343548000
2019-12-19 00:00:00-05:00,5.772500038146973,5.900000095367432,5.767499923706055,5.886499881744385,445360000
2019-12-20 00:00:00-05:00,5.953249931335449,6.009749889373779,5.934000015258789,5.984250068664551,603044000
2019-12-23 00:00:00-05:00,6.013000011444092,6.045249938964844,5.959750175476074,5.9704999923706055,355060000
2019-12-24 00:00:00-05:00,5.954999923706055,5.982749938964844,5.920499801635742,5.9654998779296875,138864000
2019-12-26 00:00:00-05:00,5.968999862670898,6.007999897003174,5.949999809265137,5.979750156402588,182852000
2019-12-27 00:00:00-05:00,5.994999885559082,6.008500099182129,5.895249843597412,5.921750068664551,254644000
2019-12-30 00:00:00-05:00,5.899750232696533,5.90500020980835,5.776500225067139,5.808000087738037,258056000
2019-12-31 00:00:00-05:00,5.772500038146973,5.892000198364258,5.7532501220703125,5.882500171661377,231004000
2020-01-02 00:00:00-05:00,5.96875,5.9977498054504395,5.918000221252441,5.9977498054504395,237536000
2020-01-03 00:00:00-05:00,5.877500057220459,5.9457502365112305,5.852499961853027,5.901750087738037,205384000
2020-01-06 00:00:00-05:00,5.808000087738037,5.9317498207092285,5.781750202178955,5.926499843597412,262636000
2020-01-07 00:00:00-05:00,5.954999923706055,6.044250011444092,5.909749984741211,5.9982500076293945,314856000
2020-01-08 00:00:00-05:00,5.99399995803833,6.051000118255615,5.953750133514404,6.009500026702881,277108000
2020-01-09 00:00:00-05:00,6.096250057220459,6.148250102996826,6.021500110626221,6.075500011444092,255112000
2020-01-10 00:00:00-05:00,6.1832499504089355,6.213749885559082,6.09375,6.107999801635742,316296000
2020-01-13 00:00:00-05:00,6.191500186920166,6.324749946594238,6.168749809265137,6.299499988555908,319840000
2020-01-14 00:00:00-05:00,6.256499767303467,6.2820000648498535,6.168749809265137,6.182000160217285,359088000
2020-01-15 00:00:00-05:00,6.19474983215332,6.217249870300293,6.113249778747559,6.139249801635742,263104000
2020-01-16 00:00:00-05:00,6.192999839782715,6.229249954223633,6.16949987411499,6.223249912261963,284192000
2020-01-17 00:00:00-05:00,6.242499828338623,6.25,6.1842498779296875,6.23199987411499,253792000
2020-01-21 00:00:00-05:00,6.195250034332275,6.232250213623047,6.164249897003174,6.198500156402588,217916000
2020-01-22 00:00:00-05:00,6.24399995803833,6.339749813079834,6.224999904632568,6.252749919891357,239240000
2020-01-23 00:00:00-05:00,6.293000221252441,6.329999923706055,6.203750133514404,6.321499824523926,244516000
2020-01-24 00:00:00-05:00,6.4375,6.487500190734863,6.207499980926514,6.26200008392334,373512000
2020-01-27 00:00:00-05:00,5.955999851226807,6.056250095367432,5.805749893188477,6.005000114440918,470536000
2020-01-28 00:00:00-05:00,6.071249961853027,6.231750011444092,6.017749786376953,6.199250221252441,310976000
2020-01-29 00:00:00-05:00,6.184750080108643,6.2210001945495605,6.098499774932861,6.138500213623047,258848000
2020-01-30 00:00:00-05:00,6.040249824523926,6.158750057220459,5.985000133514404,6.145249843597412,290504000
2020-01-31 00:00:00-05:00,6.099249839782715,6.111249923706055,5.868750095367432,5.910749912261963,370420000
2020-02-03 00:00:00-05:00,5.892499923706055,6.027750015258789,5.886250019073486,6.0082502365112305,255564000
2020-02-04 00:00:00-05:00,6.150750160217285,6.197500228881836,6.100500106811523,6.178249835968018,271544000
2020-02-05 00:00:00-05:00,6.299749851226807,6.309999942779541,6.1852498054504395,6.269000053405762,208220000
2020-02-06 00:00:00-05:00,6.303500175476074,6.356249809265137,6.2220001220703125,6.356249809265137,218284000
2020-02-07 00:00:00-05:00,6.315999984741211,6.338250160217285,6.264249801635742,6.289750099182129,189752000
2020-02-10 00:00:00-05:00,6.3125,6.574999809265137,6.307499885559082,6.574250221252441,529608000
2020-02-11 00:00:00-05:00,6.683000087738037,6.8125,6.6207499504089355,6.697249889373779,638556000
2020-02-12 00:00:00-05:00,6.750249862670898,6.820000171661377,6.711249828338623,6.813499927520752,374644000
2020-02-13 00:00:00-05:00,6.755249977111816,6.836999893188477,6.727749824523926,6.769499778747559,528016000
2020-02-14 00:00:00-05:00,7.18149995803833,7.3742499351501465,7.150000095367432,7.244750022888184,1041924000
2020-02-18 00:00:00-05:00,7.140999794006348,7.432750225067139,7.121500015258789,7.414249897003174,620164000
2020-02-19 00:00:00-05:00,7.53725004196167,7.885250091552734,7.53725004196167,7.867499828338623,694332000
2020-02-20 00:00:00-05:00,7.819250106811523,7.9079999923706055,7.408750057220459,7.71750020980835,810052000
2020-02-21 00:00:00-05:00,7.604750156402588,7.630000114440918,7.266499996185303,7.351749897003174,768180000
2020-02-24 00:00:00-05:00,6.754749774932861,7.046750068664551,6.699999809265137,6.831999778747559,856916000
2020-02-25 00:00:00-05:00,6.90749979019165,6.969749927520752,6.448999881744385,6.551249980926514,1055496000
2020-02-26 00:00:00-05:00,6.551499843597412,6.886250019073486,6.550000190734863,6.691249847412109,747732000
2020-02-27 00:00:00-05:00,6.372499942779541,6.675000190734863,6.222249984741211,6.315000057220459,906416000
2020-02-28 00:00:00-05:00,6.061500072479248,6.811500072479248,6.044750213623047,6.7517499923706055,1133252000
2020-03-02 00:00:00-05:00,6.922500133514404,6.9397501945495605,6.525000095367432,6.910749912261963,890744000
2020-03-03 00:00:00-05:00,6.966750144958496,7.026750087738037,6.561500072479248,6.647250175476074,652792000
2020-03-04 00:00:00-05:00,6.755000114440918,7.122250080108643,6.679999828338623,7.112750053405762,597408000
2020-03-05 00:00:00-05:00,6.912499904632568,7.079999923706055,6.787499904632568,6.832250118255615,540328000
2020-03-06 00:00:00-05:00,6.6519999504089355,6.709750175476074,6.449999809265137,6.651000022888184,515412000
2020-03-09 00:00:00-04:00,5.997499942779541,6.485000133514404,5.954500198364258,6.136000156402588,614160000
2020-03-10 00:00:00-04:00,6.41349983215332,6.5269999504089355,6.149750232696533,6.5269999504089355,580648000
2020-03-11 00:00:00-04:00,6.386499881744385,6.414999961853027,6.0642499923706055,6.161749839782715,499964000
2020-03-12 00:00:00-04:00,5.636499881744385,5.9029998779296875,5.394999980926514,5.407750129699707,816540000
2020-03-13 00:00:00-04:00,5.762499809265137,6.0254998207092285,5.490250110626221,6.020999908447266,634836000
2020-03-16 00:00:00-04:00,5.3102498054504395,5.652500152587891,4.849999904632568,4.909999847412109,726972000
2020-03-17 00:00:00-04:00,5.022749900817871,5.521500110626221,4.775000095367432,5.4317498207092285,833632000
2020-03-18 00:00:00-04:00,5.002500057220459,5.248499870300293,4.517000198364258,5.070499897003174,874268000
2020-03-19 00:00:00-04:00,5.048999786376953,5.41825008392334,4.834750175476074,5.324250221252441,765512000
2020-03-20 00:00:00-04:00,5.474999904632568,5.757999897003174,5.1282501220703125,5.143750190734863,804636000
2020-03-23 00:00:00-04:00,5.142749786376953,5.4120001792907715,4.9629998207092285,5.317249774932861,643876000
2020-03-24 00:00:00-04:00,5.724999904632568,6.316500186920166,5.701250076293945,6.229499816894531,1101644000
2020-03-25 00:00:00-04:00,6.34499979019165,6.545499801635742,6.0914998054504395,6.140500068664551,793432000
2020-03-26 00:00:00-04:00,6.348499774932861,6.555500030517578,6.25,6.431000232696533,696108000
2020-03-27 00:00:00-04:00,6.25,6.578000068664551,6.2170000076293945,6.3182501792907715,638828000
2020-03-30 00:00:00-04:00,6.383999824523926,6.64900016784668,6.339749813079834,6.639750003814697,602252000
2020-03-31 00:00:00-04:00,6.679999828338623,6.885000228881836,6.443749904632568,6.590000152587891,949960000
2020-04-01 00:00:00-04:00,6.391250133514404,6.538249969482422,6.0320000648498535,6.076749801635742,656912000
2020-04-02 00:00:00-04:00,6.105999946594238,6.400000095367432,6.057750225067139,6.386750221252441,675764000
2020-04-03 00:00:00-04:00,6.348999977111816,6.390749931335449,5.959750175476074,6.097750186920166,663212000
2020-04-06 00:00:00-04:00,6.38100004196167,6.747000217437744,6.323249816894531,6.710000038146973,727884000
2020-04-07 00:00:00-04:00,6.932499885559082,6.956250190734863,6.432499885559082,6.475749969482422,784520000
2020-04-08 00:00:00-04:00,6.585249900817871,6.698750019073486,6.514999866485596,6.673749923706055,542444000
2020-04-09 00:00:00-04:00,6.800000190734863,6.822999954223633,6.510499954223633,6.573750019073486,525564000
2020-04-13 00:00:00-04:00,6.513750076293945,6.755000114440918,6.425000190734863,6.746250152587891,398408000
2020-04-14 00:00:00-04:00,6.875,7.132999897003174,6.847249984741211,7.098750114440918,530948000
2020-04-15 00:00:00-04:00,6.929999828338623,7.104249954223633,6.884500026702881,7.020999908447266,366148000
2020-04-16 00:00:00-04:00,7.177000045776367,7.474999904632568,7.163750171661377,7.367499828338623,745620000
2020-04-17 00:00:00-04:00,7.449999809265137,7.471499919891357,7.173500061035156,7.308000087738037,539120000
2020-04-20 00:00:00-04:00,7.181000232696533,7.337500095367432,7.131750106811523,7.176249980926514,449388000
2020-04-21 00:00:00-04:00,7.057750225067139,7.1192498207092285,6.677750110626221,6.737750053405762,735160000
2020-04-22 00:00:00-04:00,6.930749893188477,7.196750164031982,6.885000228881836,7.153749942779541,483356000
2020-04-23 00:00:00-04:00,7.196000099182129,7.328499794006348,7.074999809265137,7.100249767303467,424160000
2020-04-24 00:00:00-04:00,7.090000152587891,7.2417497634887695,7.014999866485596,7.239749908447266,352328000
2020-04-27 00:00:00-04:00,7.374750137329102,7.587500095367432,7.349999904632568,7.427000045776367,479388000
2020-04-28 00:00:00-04:00,7.574999809265137,7.605000019073486,7.278500080108643,7.283999919891357,442904000
2020-04-29 00:00:00-04:00,7.419250011444092,7.514500141143799,7.34375,7.46150016784668,379160000
2020-04-30 00:00:00-04:00,7.407249927520752,7.46150016784668,7.293000221252441,7.307000160217285,375916000
2020-05-01 00:00:00-04:00,7.108749866485596,7.222499847412109,7.020999908447266,7.069499969482422,342096000
2020-05-04 00:00:00-04:00,7.021999835968018,7.296000003814697,7.021999835968018,7.282249927520752,317556000
2020-05-05 00:00:00-04:00,7.386750221252441,7.506750106811523,7.282249927520752,7.343500137329102,368896000
2020-05-06 00:00:00-04:00,7.423250198364258,7.550000190734863,7.385250091552734,7.44474983215332,323464000
2020-05-07 00:00:00-04:00,7.584499835968018,7.6852498054504395,7.5329999923706055,7.6217498779296875,373732000
2020-05-08 00:00:00-04:00,7.693749904632568,7.818749904632568,7.659749984741211,7.8125,339216000
2020-05-11 00:00:00-04:00,7.807499885559082,8.112500190734863,7.778749942779541,8.065500259399414,469060000
2020-05-12 00:00:00-04:00,8.123499870300293,8.172499656677246,7.792749881744385,7.802499771118164,493060000
2020-05-13 00:00:00-04:00,7.917500019073486,8.078499794006348,7.594749927520752,7.78000020980835,625852000
2020-05-14 00:00:00-04:00,7.841750144958496,8.03600025177002,7.6875,8.030500411987305,602312000
2020-05-15 00:00:00-04:00,7.889750003814697,8.500499725341797,7.874000072479248,8.490750312805176,987660000
2020-05-18 00:00:00-04:00,8.760499954223633,8.916500091552734,8.680500030517578,8.750249862670898,774460000
2020-05-19 00:00:00-04:00,8.790249824523926,9.087499618530273,8.762749671936035,8.805500030517578,717320000
2020-05-20 00:00:00-04:00,8.991000175476074,9.043000221252441,8.888750076293945,8.970000267028809,587536000
2020-05-21 00:00:00-04:00,9.05150032043457,9.052499771118164,8.737500190734863,8.775250434875488,761068000
2020-05-22 00:00:00-04:00,8.825249671936035,9.093000411987305,8.713250160217285,9.026249885559082,1038764000
2020-05-26 00:00:00-04:00,9.156749725341797,9.181750297546387,8.67199993133545,8.71774959564209,770780000
2020-05-27 00:00:00-04:00,8.625,8.632749557495117,7.9967498779296875,8.525250434875488,1175892000
2020-05-28 00:00:00-04:00,8.412249565124512,8.760499954223633,8.379249572753906,8.487000465393066,734896000
2020-05-29 00:00:00-04:00,8.554499626159668,8.875499725341797,8.484999656677246,8.875499725341797,745256000
2020-06-01 00:00:00-04:00,8.833250045776367,8.840749740600586,8.689499855041504,8.806249618530273,389876000
2020-06-02 00:00:00-04:00,8.796250343322754,8.837249755859375,8.657999992370605,8.825249671936035,391320000
2020-06-03 00:00:00-04:00,8.822250366210938,8.866250038146973,8.699999809265137,8.769499778747559,365440000
2020-06-04 00:00:00-04:00,8.727999687194824,8.943249702453613,8.677499771118164,8.766500473022461,424280000
2020-06-05 00:00:00-04:00,8.794500350952148,8.996999740600586,8.708000183105469,8.920000076293945,481748000
2020-06-08 00:00:00-04:00,8.877249717712402,8.889749526977539,8.685750007629395,8.805000305175781,387736000
2020-06-09 00:00:00-04:00,8.800000190734863,9.109749794006348,8.751250267028809,9.045999526977539,468488000
2020-06-10 00:00:00-04:00,9.167750358581543,9.5,9.153499603271484,9.36674976348877,632180000
2020-06-11 00:00:00-04:00,9.149999618530273,9.261249542236328,8.78600025177002,8.796250343322754,583652000
2020-06-12 00:00:00-04:00,9.162500381469727,9.187250137329102,8.70324993133545,8.932499885559082,570908000
2020-06-15 00:00:00-04:00,8.815250396728516,9.182250022888184,8.743749618530273,9.173749923706055,400004000
2020-06-16 00:00:00-04:00,9.225000381469727,9.26675033569336,8.838749885559082,9.068499565124512,535716000
2020-06-17 00:00:00-04:00,9.113750457763672,9.298999786376953,9.070249557495117,9.236000061035156,408304000
2020-06-18 00:00:00-04:00,9.22700023651123,9.282500267028809,9.114500045776367,9.218000411987305,254408000
2020-06-19 00:00:00-04:00,9.242500305175781,9.444999694824219,9.227250099182129,9.261249542236328,524160000
2020-06-22 00:00:00-04:00,9.300000190734863,9.53125,9.273249626159668,9.526749610900879,398468000
2020-06-23 00:00:00-04:00,9.550999641418457,9.642499923706055,9.407500267028809,9.449999809265137,375108000
2020-06-24 00:00:00-04:00,9.476249694824219,9.556500434875488,9.144499778747559,9.23550033569336,449372000
2020-06-25 00:00:00-04:00,9.35575008392334,9.505000114440918,9.182250022888184,9.489999771118164,376072000
2020-06-26 00:00:00-04:00,9.5,9.5,9.125,9.154999732971191,592084000
2020-06-29 00:00:00-04:00,9.169750213623047,9.204500198364258,8.899999618530273,9.199999809265137,342248000
2020-06-30 00:00:00-04:00,9.314000129699707,9.526249885559082,9.266500473022461,9.497750282287598,367892000
2020-07-01 00:00:00-04:00,9.520750045776367,9.575750350952148,9.413000106811523,9.529999732971191,326648000
2020-07-02 00:00:00-04:00,9.638999938964844,9.737500190734863,9.57824993133545,9.612250328063965,364056000
2020-07-06 00:00:00-04:00,9.74174976348877,9.9087495803833,9.712499618530273,9.839249610900879,315892000
2020-07-07 00:00:00-04:00,9.946249961853027,10.069999694824219,9.850749969482422,9.871749877929688,357800000
2020-07-08 00:00:00-04:00,9.993749618530273,10.225000381469727,9.965499877929688,10.215999603271484,365480000
2020-07-09 00:00:00-04:00,10.380249977111816,10.569999694824219,10.233499526977539,10.508999824523926,494548000
2020-07-10 00:00:00-04:00,10.588749885559082,10.65524959564209,10.37874984741211,10.479249954223633,497676000
2020-07-13 00:00:00-04:00,10.595000267028809,10.79224967956543,10.024999618530273,10.052249908447266,457076000
2020-07-14 00:00:00-04:00,10.074999809265137,10.402750015258789,9.785499572753906,10.376999855041504,542676000
2020-07-15 00:00:00-04:00,10.414250373840332,10.432999610900879,10.055749893188477,10.227250099182129,403984000
2020-07-16 00:00:00-04:00,10.015000343322754,10.20674991607666,9.895500183105469,10.134750366210938,344964000
2020-07-17 00:00:00-04:00,10.225500106811523,10.248499870300293,10.087750434875488,10.201499938964844,266284000
2020-07-20 00:00:00-04:00,10.274250030517578,10.53125,10.156749725341797,10.510749816894531,284852000
2020-07-21 00:00:00-04:00,10.512999534606934,10.5600004196167,10.286749839782715,10.328499794006348,277036000
2020-07-22 00:00:00-04:00,10.367500305175781,10.602499961853027,10.291500091552734,10.438750267028809,367292000
2020-07-23 00:00:00-04:00,10.449999809265137,10.54699993133545,10.03125,10.12975025177002,411660000
2020-07-24 00:00:00-04:00,9.875,10.364749908447266,9.777000427246094,10.194499969482422,473292000
2020-07-27 00:00:00-04:00,10.232250213623047,10.441749572753906,10.21774959564209,10.421500205993652,292132000
2020-07-28 00:00:00-04:00,10.374250411987305,10.381999969482422,10.209250450134277,10.215499877929688,271636000
2020-07-29 00:00:00-04:00,10.39074993133545,10.516249656677246,10.347000122070312,10.465499877929688,284508000
2020-07-30 00:00:00-04:00,10.375,10.623000144958496,10.295249938964844,10.61400032043457,308880000
2020-07-31 00:00:00-04:00,10.563249588012695,10.766500473022461,10.432999610900879,10.614749908447266,386080000
2020-08-03 00:00:00-04:00,10.732500076293945,11.098750114440918,10.715250015258789,11.010250091552734,412720000
2020-08-04 00:00:00-04:00,11.050000190734863,11.227749824523926,10.906000137329102,11.227749824523926,310336000
2020-08-05 00:00:00-04:00,11.244000434875488,11.371749877929688,11.166250228881836,11.286749839782715,249924000
2020-08-06 00:00:00-04:00,11.349749565124512,11.357999801635742,11.178750038146973,11.33549976348877,244316000
2020-08-07 00:00:00-04:00,11.3125,11.50475025177002,11.037500381469727,11.19950008392334,342516000
2020-08-10 00:00:00-04:00,11.334250450134277,11.408249855041504,10.856499671936035,11.164999961853027,427796000
2020-08-11 00:00:00-04:00,11.073749542236328,11.136750221252441,10.79574966430664,10.850000381469727,354512000
2020-08-12 00:00:00-04:00,10.990750312805176,11.467000007629395,10.958250045776367,11.440250396728516,464412000
2020-08-13 00:00:00-04:00,11.545999526977539,11.721750259399414,11.35575008392334,11.442999839782715,374460000
2020-08-14 00:00:00-04:00,11.529999732971191,11.704750061035156,11.440500259399414,11.564000129699707,366436000
2020-08-17 00:00:00-04:00,11.851249694824219,12.409749984741211,11.81725025177002,12.336999893188477,621300000
2020-08-18 00:00:00-04:00,12.449999809265137,12.496000289916992,12.086250305175781,12.260749816894531,503448000
2020-08-19 00:00:00-04:00,12.296500205993652,12.3149995803833,12.097999572753906,12.138500213623047,622624000
2020-08-20 00:00:00-04:00,11.975000381469727,12.375,11.87874984741211,12.140999794006348,921388000
2020-08-21 00:00:00-04:00,12.201749801635742,12.80875015258789,12.195249557495117,12.683500289916992,999868000
2020-08-24 00:00:00-04:00,12.883749961853027,12.912500381469727,12.507499694824219,12.720250129699707,490564000
2020-08-25 00:00:00-04:00,12.630749702453613,12.761249542236328,12.573749542236328,12.75,289076000
2020-08-26 00:00:00-04:00,12.799249649047852,12.868499755859375,12.677749633789062,12.77299976348877,321244000
2020-08-27 00:00:00-04:00,12.781499862670898,12.850000381469727,12.566499710083008,12.628250122070312,317604000
2020-08-28 00:00:00-04:00,12.675000190734863,13.14799976348877,12.642499923706055,13.147749900817871,537160000
2020-08-31 00:00:00-04:00,13.18274974822998,13.574999809265137,13.037750244140625,13.374500274658203,500840000
2020-09-01 00:00:00-04:00,13.479999542236328,13.993749618530273,13.43649959564209,13.821000099182129,511316000
2020-09-02 00:00:00-04:00,14.703749656677246,14.726750373840332,13.899999618530273,14.346500396728516,874012000
2020-09-03 00:00:00-04:00,13.828749656677246,13.884499549865723,12.87874984741211,13.01550006866455,945128000
2020-09-04 00:00:00-04:00,12.7837495803833,13.175000190734863,11.704750061035156,12.6225004196167,1463684000
2020-09-08 00:00:00-04:00,11.73449993133545,12.550000190734863,11.70425033569336,11.913000106811523,795728000
2020-09-09 00:00:00-04:00,12.399999618530273,12.809249877929688,12.231749534606934,12.71500015258789,736200000
2020-09-10 00:00:00-04:00,12.989250183105469,13.065250396728516,12.166999816894531,12.311750411987305,698684000
2020-09-11 00:00:00-04:00,12.48550033569336,12.65250015258789,11.895750045776367,12.16450023651123,636928000
2020-09-14 00:00:00-04:00,13.081000328063965,13.3149995803833,12.631250381469727,12.872249603271484,1201744000
2020-09-15 00:00:00-04:00,13.279999732971191,13.298749923706055,12.827750205993652,12.991000175476074,727556000
2020-09-16 00:00:00-04:00,12.957249641418457,13.09274959564209,12.513750076293945,12.51449966430664,556384000
2020-09-17 00:00:00-04:00,12.13224983215332,12.589750289916992,12.034749984741211,12.463500022888184,792512000
2020-09-18 00:00:00-04:00,12.59375,12.632499694824219,11.988750457763672,12.189249992370605,698460000
2020-09-21 00:00:00-04:00,11.925000190734863,12.522500038146973,11.904500007629395,12.517250061035156,721044000
2020-09-22 00:00:00-04:00,12.574999809265137,12.64799976348877,12.155500411987305,12.637749671936035,646452000
2020-09-23 00:00:00-04:00,12.575499534606934,12.72700023651123,12.07925033569336,12.123749732971191,647012000
2020-09-24 00:00:00-04:00,12.072250366210938,12.569499969482422,12.013999938964844,12.347999572753906,731240000
2020-09-25 00:00:00-04:00,12.447500228881836,12.883500099182129,12.245750427246094,12.873749732971191,588016000
2020-09-28 00:00:00-04:00,13.040249824523926,13.051750183105469,12.75,13.03499984741211,573808000
2020-09-29 00:00:00-04:00,12.9375,13.442749977111816,12.933250427246094,13.225749969482422,621460000
2020-09-30 00:00:00-04:00,13.157500267028809,13.6225004196167,13.150250434875488,13.530500411987305,689184000
2020-10-01 00:00:00-04:00,13.758000373840332,13.762749671936035,13.460749626159668,13.614500045776367,525004000
2020-10-02 00:00:00-04:00,13.225000381469727,13.519499778747559,13.050999641418457,13.062250137329102,552496000
2020-10-05 00:00:00-04:00,13.236000061035156,13.64424991607666,13.222749710083008,13.642499923706055,479820000
2020-10-06 00:00:00-04:00,13.829999923706055,14.142000198364258,13.664999961853027,13.736499786376953,784420000
2020-10-07 00:00:00-04:00,13.999750137329102,14.119250297546387,13.863499641418457,13.96399974822998,418084000
2020-10-08 00:00:00-04:00,14.074999809265137,14.084500312805176,13.758000373840332,13.838749885559082,378900000
2020-10-09 00:00:00-04:00,13.767000198364258,13.824250221252441,13.660750389099121,13.762749671936035,346892000
2020-10-12 00:00:00-04:00,13.989500045776367,14.347000122070312,13.912500381469727,14.22599983215332,434744000
2020-10-13 00:00:00-04:00,14.296500205993652,14.34850025177002,14.018750190734863,14.248250007629395,344604000
2020-10-14 00:00:00-04:00,14.290499687194824,14.34274959564209,13.960000038146973,14.095250129699707,276100000
2020-10-15 00:00:00-04:00,13.810750007629395,14.005749702453613,13.767749786376953,13.970000267028809,267224000
2020-10-16 00:00:00-04:00,14.036749839782715,14.121500015258789,13.792499542236328,13.81149959564209,242392000
2020-10-19 00:00:00-04:00,13.902999877929688,13.983499526977539,13.406749725341797,13.497750282287598,298068000
2020-10-20 00:00:00-04:00,13.583499908447266,13.799750328063965,13.506999969482422,13.645500183105469,229212000
2020-10-21 00:00:00-04:00,13.625,13.791500091552734,13.477499961853027,13.524749755859375,219596000
2020-10-22 00:00:00-04:00,13.522500038146973,13.611749649047852,13.231749534606934,13.361000061035156,290480000
2020-10-23 00:00:00-04:00,13.449999809265137,13.593250274658203,13.291250228881836,13.590250015258789,233484000
2020-10-26 00:00:00-04:00,13.427000045776367,13.692749977111816,13.03849983215332,13.141249656677246,336896000
2020-10-27 00:00:00-04:00,13.305999755859375,13.442000389099121,13.191499710083008,13.396750450134277,250520000
2020-10-28 00:00:00-04:00,13.197999954223633,13.260000228881836,12.609000205993652,12.626999855041504,376520000
2020-10-29 00:00:00-04:00,12.838500022888184,13.192749977111816,12.75,13.02400016784668,320080000
2020-10-30 00:00:00-04:00,12.850000381469727,12.93649959564209,12.300000190734863,12.534000396728516,416820000
2020-11-02 00:00:00-05:00,12.657750129699707,12.836750030517578,12.395000457763672,12.580750465393066,299652000
2020-11-03 00:00:00-05:00,12.708499908447266,13.104999542236328,12.602749824523926,13.019499778747559,272900000
2020-11-04 00:00:00-05:00,13.389249801635742,13.827500343322754,13.336999893188477,13.794249534606934,410228000
2020-11-05 00:00:00-05:00,14.162500381469727,14.33899974822998,13.991000175476074,14.15999984741211,319028000
2020-11-06 00:00:00-05:00,14.109749794006348,14.588749885559082,13.895000457763672,14.562000274658203,383348000
2020-11-09 00:00:00-05:00,14.552499771118164,14.691499710083008,13.610750198364258,13.630749702453613,582976000
2020-11-10 00:00:00-05:00,13.606499671936035,13.606499671936035,12.628250122070312,12.770000457763672,644068000
2020-11-11 00:00:00-05:00,13.053750038146973,13.4350004196167,12.948249816894531,13.418000221252441,404744000
2020-11-12 00:00:00-05:00,13.479000091552734,13.765999794006348,13.315999984741211,13.45674991607666,365812000
2020-11-13 00:00:00-05:00,13.627249717712402,13.668749809265137,13.059249877929688,13.29699993133545,346312000
2020-11-16 00:00:00-05:00,13.172499656677246,13.649499893188477,13.156000137329102,13.515250205993652,413776000
2020-11-17 00:00:00-05:00,13.552499771118164,13.5962495803833,13.303750038146973,13.422249794006348,312028000
2020-11-18 00:00:00-05:00,13.465250015258789,13.60575008392334,13.1850004196167,13.428750038146973,510924000
2020-11-19 00:00:00-05:00,13.212750434875488,13.487500190734863,13.100000381469727,13.440250396728516,565936000
2020-11-20 00:00:00-05:00,13.454000473022461,13.494500160217285,13.0649995803833,13.087750434875488,341088000
2020-11-23 00:00:00-05:00,13.171250343322754,13.382499694824219,13.01550006866455,13.140000343322754,361356000
2020-11-24 00:00:00-05:00,13.142499923706055,13.161999702453613,12.885000228881836,12.95775032043457,346500000
2020-11-25 00:00:00-05:00,13.032500267028809,13.269499778747559,13.020000457763672,13.234749794006348,259916000
2020-11-27 00:00:00-05:00,13.375,13.407500267028809,13.170499801635742,13.261249542236328,167276000
2020-11-30 00:00:00-05:00,13.265000343322754,13.412500381469727,12.972249984741211,13.40149974822998,286952000
2020-12-01 00:00:00-05:00,13.492250442504883,13.5287504196167,13.228249549865723,13.390000343322754,296948000
2020-12-02 00:00:00-05:00,13.350500106811523,13.673500061035156,13.23425006866455,13.544500350952148,283360000
2020-12-03 00:00:00-05:00,13.587499618530273,13.65999984741211,13.329000473022461,13.395999908447266,199520000
2020-12-04 00:00:00-05:00,13.44849967956543,13.5600004196167,13.388750076293945,13.558250427246094,202244000
2020-12-07 00:00:00-05:00,13.601249694824219,13.731249809265137,13.5,13.606749534606934,223244000
2020-12-08 00:00:00-05:00,13.585000038146973,13.598750114440918,13.281499862670898,13.350000381469727,271920000
2020-12-09 00:00:00-05:00,13.30049991607666,13.413999557495117,12.868249893188477,12.930749893188477,401300000
2020-12-10 00:00:00-05:00,12.869000434875488,13.068750381469727,12.849499702453613,12.972249984741211,207764000
2020-12-11 00:00:00-05:00,12.967249870300293,13.020000457763672,12.822999954223633,13.013250350952148,209264000
2020-12-14 00:00:00-05:00,13.088000297546387,13.388750076293945,13.077500343322754,13.30875015258789,270156000
2020-12-15 00:00:00-05:00,13.439749717712402,13.46399974822998,13.186750411987305,13.36050033569336,193016000
2020-12-16 00:00:00-05:00,13.422499656677246,13.437250137329102,13.212499618530273,13.242500305175781,223116000
2020-12-17 00:00:00-05:00,13.36674976348877,13.379500389099121,13.178500175476074,13.3412504196167,231384000
2020-12-18 00:00:00-05:00,13.378999710083008,13.404999732971191,13.070500373840332,13.272000312805176,342064000
2020-12-21 00:00:00-05:00,13.074749946594238,13.369999885559082,12.967499732971191,13.332249641418457,302332000
2020-12-22 00:00:00-05:00,13.319250106811523,13.337249755859375,13.053999900817871,13.278249740600586,185580000
2020-12-23 00:00:00-05:00,13.255999565124512,13.274999618530273,13.005000114440918,13.009249687194824,179144000
2020-12-24 00:00:00-05:00,13.037249565124512,13.132499694824219,12.938750267028809,12.993749618530273,97884000
2020-12-28 00:00:00-05:00,13.0625,13.0625,12.763250350952148,12.899999618530273,212564000
2020-12-29 00:00:00-05:00,12.925000190734863,13.072500228881836,12.842249870300293,12.943249702453613,170372000
2020-12-30 00:00:00-05:00,12.990249633789062,13.213749885559082,12.896750450134277,13.145750045776367,225396000
2020-12-31 00:00:00-05:00,13.136500358581543,13.151000022888184,12.914999961853027,13.055000305175781,192424000
2021-01-04 00:00:00-05:00,13.104249954223633,13.65250015258789,12.962499618530273,13.113499641418457,560640000
2021-01-05 00:00:00-05:00,13.099749565124512,13.443499565124512,13.086999893188477,13.404749870300293,322760000
2021-01-06 00:00:00-05:00,13.22249984741211,13.244999885559082,12.586000442504883,12.614500045776367,580424000
2021-01-07 00:00:00-05:00,12.967499732971191,13.377750396728516,12.886500358581543,13.343999862670898,461480000
2021-01-08 00:00:00-05:00,13.362500190734863,13.420999526977539,13.041999816894531,13.276749610900879,292528000
2021-01-11 00:00:00-05:00,13.418749809265137,13.961000442504883,13.362500190734863,13.621500015258789,518344000
2021-01-12 00:00:00-05:00,13.7524995803833,13.754500389099121,13.345000267028809,13.484749794006348,291476000
2021-01-13 00:00:00-05:00,13.489999771118164,13.625,13.385000228881836,13.531749725341797,210028000
2021-01-14 00:00:00-05:00,13.574999809265137,13.599749565124512,13.180500030517578,13.200249671936035,283120000
2021-01-15 00:00:00-05:00,13.227999687194824,13.325249671936035,12.84850025177002,12.85949993133545,277780000
2021-01-19 00:00:00-05:00,13.016249656677246,13.093999862670898,12.843999862670898,13.025250434875488,226188000
2021-01-20 00:00:00-05:00,13.111749649047852,13.430500030517578,13.056750297546387,13.365750312805176,258572000
2021-01-21 00:00:00-05:00,13.418499946594238,13.999250411987305,13.253000259399414,13.867500305175781,337780000
2021-01-22 00:00:00-05:00,13.739999771118164,13.841750144958496,13.627249717712402,13.712499618530273,246820000
2021-01-25 00:00:00-05:00,13.781749725341797,13.828499794006348,13.236499786376953,13.653249740600586,251112000
2021-01-26 00:00:00-05:00,13.580499649047852,13.644749641418457,13.387499809265137,13.435250282287598,163980000
2021-01-27 00:00:00-05:00,13.229999542236328,13.232749938964844,12.793749809265137,12.917750358581543,371272000
2021-01-28 00:00:00-05:00,12.99625015258789,13.339750289916992,12.96049976348877,13.050999641418457,228316000
2021-01-29 00:00:00-05:00,13.074999809265137,13.334750175476074,12.911499977111816,12.989749908447266,271552000
2021-02-01 00:00:00-05:00,13.053250312805176,13.270750045776367,12.902750015258789,13.237000465393066,217204000
2021-02-02 00:00:00-05:00,13.398750305175781,13.571999549865723,13.285499572753906,13.556750297546387,220440000
2021-02-03 00:00:00-05:00,13.63599967956543,13.931750297546387,13.516500473022461,13.530500411987305,245408000
2021-02-04 00:00:00-05:00,13.531000137329102,13.673500061035156,13.337750434875488,13.664250373840332,201340000
2021-02-05 00:00:00-05:00,13.725000381469727,13.737250328063965,13.54574966430664,13.590999603271484,169152000
2021-02-08 00:00:00-05:00,13.727250099182129,14.473750114440918,13.727250099182129,14.438750267028809,434624000
2021-02-09 00:00:00-05:00,14.340749740600586,14.583250045776367,14.22249984741211,14.263250350952148,287560000
2021-02-10 00:00:00-05:00,14.463250160217285,14.904999732971191,14.341500282287598,14.764249801635742,485352000
2021-02-11 00:00:00-05:00,14.980250358581543,15.272250175476074,14.925000190734863,15.250749588012695,450828000
2021-02-12 00:00:00-05:00,15.050000190734863,15.291250228881836,14.774999618530273,14.961250305175781,374756000
2021-02-16 00:00:00-05:00,15.064249992370605,15.3725004196167,14.949999809265137,15.330249786376953,321960000
2021-02-17 00:00:00-05:00,15.170999526977539,15.22350025177002,14.779999732971191,14.906000137329102,274756000
2021-02-18 00:00:00-05:00,14.729000091552734,14.873250007629395,14.574999809265137,14.829000473022461,233868000
2021-02-19 00:00:00-05:00,15.024499893188477,15.177000045776367,14.846750259399414,14.92650032043457,271724000
2021-02-22 00:00:00-05:00,14.774749755859375,15.13325023651123,14.324999809265137,14.35575008392334,325884000
2021-02-23 00:00:00-05:00,14.075249671936035,14.238750457763672,13.38949966430664,14.142000198364258,391780000
2021-02-24 00:00:00-05:00,14.122750282287598,14.506750106811523,13.755999565124512,14.49899959564209,448320000
2021-02-25 00:00:00-05:00,14.045499801635742,14.374750137329102,13.2162504196167,13.307499885559082,824436000
2021-02-26 00:00:00-05:00,13.7524995803833,13.854499816894531,13.361000061035156,13.714500427246094,500932000
2021-03-01 00:00:00-05:00,13.875,13.925000190734863,13.553250312805176,13.841750144958496,353184000
2021-03-02 00:00:00-05:00,13.899999618530273,13.920499801635742,13.395999908447266,13.40625,264116000
2021-03-03 00:00:00-05:00,13.426250457763672,13.451499938964844,12.798749923706055,12.804750442504883,377592000
2021-03-04 00:00:00-05:00,12.800749778747559,12.975000381469727,12.083749771118164,12.37024974822998,573344000
2021-03-05 00:00:00-05:00,12.550000190734863,12.550000190734863,11.67924976348877,12.46150016784668,542840000
2021-03-08 00:00:00-05:00,12.449999809265137,12.4712495803833,11.566499710083008,11.593250274658203,543112000
2021-03-09 00:00:00-05:00,12.130249977111816,12.61674976348877,12.059249877929688,12.52025032043457,521824000
2021-03-10 00:00:00-05:00,12.840499877929688,12.979999542236328,12.457500457763672,12.468250274658203,384376000
2021-03-11 00:00:00-05:00,12.949999809265137,13.046250343322754,12.73449993133545,12.993499755859375,299916000
2021-03-12 00:00:00-05:00,12.648249626159668,12.888750076293945,12.59000015258789,12.855999946594238,243964000
2021-03-15 00:00:00-04:00,12.864749908447266,13.20674991607666,12.767250061035156,13.19124984741211,221988000
2021-03-16 00:00:00-04:00,13.356499671936035,13.512499809265137,13.11674976348877,13.291250228881836,272128000
2021-03-17 00:00:00-04:00,13.039750099182129,13.45324993133545,12.989500045776367,13.3412504196167,243864000
2021-03-18 00:00:00-04:00,13.136500358581543,13.184000015258789,12.717000007629395,12.72249984741211,293896000
2021-03-19 00:00:00-04:00,12.75,12.921500205993652,12.612500190734863,12.845749855041504,299208000
2021-03-22 00:00:00-04:00,12.912750244140625,13.394499778747559,12.906749725341797,13.186249732971191,297804000
2021-03-23 00:00:00-04:00,13.254249572753906,13.344499588012695,13.021249771118164,13.07075023651123,222048000
2021-03-24 00:00:00-04:00,13.151249885559082,13.159250259399414,12.636750221252441,12.642999649047852,245840000
2021-03-25 00:00:00-04:00,12.499500274658203,12.714750289916992,12.272000312805176,12.535249710083008,295144000
2021-03-26 00:00:00-04:00,12.554499626159668,12.856249809265137,12.373499870300293,12.839249610900879,363968000
2021-03-29 00:00:00-04:00,12.820249557495117,13.0625,12.699999809265137,12.948249816894531,273520000
2021-03-30 00:00:00-04:00,12.842000007629395,12.975250244140625,12.704999923706055,12.871749877929688,200204000
2021-03-31 00:00:00-04:00,13.01550006866455,13.470499992370605,12.982500076293945,13.348250389099121,314776000
2021-04-01 00:00:00-04:00,13.572250366210938,13.869999885559082,13.511249542236328,13.811750411987305,308276000
2021-04-05 00:00:00-04:00,13.867500305175781,14.013999938964844,13.732999801635742,13.987500190734863,255672000
2021-04-06 00:00:00-04:00,13.999750137329102,14.05424976348877,13.773500442504883,13.861499786376953,191744000
2021-04-07 00:00:00-04:00,13.880749702453613,14.243499755859375,13.71150016784668,14.143500328063965,251284000
2021-04-08 00:00:00-04:00,14.252750396728516,14.471500396728516,14.24899959564209,14.317000389099121,244416000
2021-04-09 00:00:00-04:00,14.21399974822998,14.407999992370605,14.175000190734863,14.399999618530273,195172000
2021-04-12 00:00:00-04:00,14.289750099182129,15.352499961853027,14.139249801635742,15.208999633789062,869324000
2021-04-13 00:00:00-04:00,15.231499671936035,15.699999809265137,15.125749588012695,15.679499626159668,676212000
2021-04-14 00:00:00-04:00,15.625,15.720499992370605,15.227499961853027,15.277000427246094,385500000
2021-04-15 00:00:00-04:00,15.662500381469727,16.214250564575195,15.631500244140625,16.137250900268555,598480000
2021-04-16 00:00:00-04:00,16.05299949645996,16.16575050354004,15.865249633789062,15.912500381469727,335208000
2021-04-19 00:00:00-04:00,15.536499977111816,15.807499885559082,15.232999801635742,15.361749649047852,404420000
2021-04-20 00:00:00-04:00,15.323249816894531,15.496999740600586,14.963000297546387,15.171250343322754,334132000
2021-04-21 00:00:00-04:00,15.118749618530273,15.362500190734863,15.102250099182129,15.36050033569336,216776000
2021-04-22 00:00:00-04:00,15.375,15.43850040435791,14.783499717712402,14.850250244140625,277788000
2021-04-23 00:00:00-04:00,14.934249877929688,15.335000038146973,14.900250434875488,15.265250205993652,227500000
2021-04-26 00:00:00-04:00,15.1850004196167,15.479000091552734,15.125,15.477999687194824,197796000
2021-04-27 00:00:00-04:00,15.578499794006348,15.670499801635742,15.354499816894531,15.381750106811523,164572000
2021-04-28 00:00:00-04:00,15.364500045776367,15.53225040435791,15.215499877929688,15.276749610900879,209416000
2021-04-29 00:00:00-04:00,15.399999618530273,15.43649959564209,15.071499824523926,15.324749946594238,173196000
2021-04-30 00:00:00-04:00,15.174500465393066,15.364999771118164,14.996999740600586,15.009499549865723,201912000
2021-05-03 00:00:00-04:00,15.125,15.246749877929688,14.787500381469727,14.836750030517578,203912000
2021-05-04 00:00:00-04:00,14.637249946594238,14.637499809265137,14.010250091552734,14.351249694824219,405324000
2021-05-05 00:00:00-04:00,14.708999633789062,14.81350040435791,14.387499809265137,14.458499908447266,292024000
2021-05-06 00:00:00-04:00,14.49524974822998,14.571249961853027,14.218000411987305,14.52299976348877,193380000
2021-05-07 00:00:00-04:00,14.808250427246094,14.970749855041504,14.67175006866455,14.812250137329102,229328000
2021-05-10 00:00:00-04:00,14.787249565124512,14.805999755859375,14.25,14.26574993133545,268904000
2021-05-11 00:00:00-04:00,13.824999809265137,14.35474967956543,13.75,14.306249618530273,285584000
2021-05-12 00:00:00-04:00,14.009499549865723,14.260250091552734,13.709250450134277,13.758500099182129,303408000
2021-05-13 00:00:00-04:00,14.0337495803833,14.080750465393066,13.458999633789062,13.665249824523926,285404000
2021-05-14 00:00:00-04:00,13.890000343322754,14.32800006866455,13.748499870300293,14.243000030517578,258616000
2021-05-17 00:00:00-04:00,14.156999588012695,14.169249534606934,13.853500366210938,14.165499687194824,216980000
2021-05-18 00:00:00-04:00,14.267000198364258,14.404250144958496,14.003999710083008,14.01574993133545,186256000
2021-05-19 00:00:00-04:00,13.566499710083008,14.079500198364258,13.54325008392334,14.065750122070312,344000000
2021-05-20 00:00:00-04:00,14.302499771118164,14.68375015258789,14.270500183105469,14.612500190734863,321592000
2021-05-21 00:00:00-04:00,15.163749694824219,15.222000122070312,14.869500160217285,14.99174976348877,672992000
2021-05-24 00:00:00-04:00,15.212499618530273,15.744999885559082,15.175999641418457,15.612000465393066,554816000
2021-05-25 00:00:00-04:00,15.765999794006348,15.818499565124512,15.482500076293945,15.647749900817871,435408000
2021-05-26 00:00:00-04:00,15.73425006866455,15.793749809265137,15.586250305175781,15.699999809265137,370440000
2021-05-27 00:00:00-04:00,15.699749946594238,15.75,15.460000038146973,15.48799991607666,581476000
2021-05-28 00:00:00-04:00,15.50100040435791,16.27750015258789,15.50100040435791,16.24449920654297,644536000
2021-06-01 00:00:00-04:00,16.270000457763672,16.38825035095215,15.903249740600586,16.26449966430664,472804000
2021-06-02 00:00:00-04:00,16.25225067138672,16.918750762939453,16.23550033569336,16.778249740600586,594168000
2021-06-03 00:00:00-04:00,16.70075035095215,17.259000778198242,16.58300018310547,16.969749450683594,580008000
2021-06-04 00:00:00-04:00,17.112499237060547,17.660999298095703,17.095500946044922,17.578250885009766,617120000
2021-06-07 00:00:00-04:00,17.571250915527344,17.8125,17.192750930786133,17.618999481201172,575756000
2021-06-08 00:00:00-04:00,17.527250289916992,17.62150001525879,17.250999450683594,17.457000732421875,323848000
2021-06-09 00:00:00-04:00,17.515750885009766,17.575000762939453,17.25575065612793,17.35824966430664,381656000
2021-06-10 00:00:00-04:00,17.350000381469727,17.492000579833984,17.176000595092773,17.424999237060547,287772000
2021-06-11 00:00:00-04:00,17.47949981689453,17.939250946044922,17.443750381469727,17.82525062561035,416308000
2021-06-14 00:00:00-04:00,17.9060001373291,18.039499282836914,17.662750244140625,18.018749237060547,321376000
2021-06-15 00:00:00-04:00,17.915000915527344,18.016250610351562,17.72800064086914,17.78849983215332,243032000
2021-06-16 00:00:00-04:00,17.79075050354004,17.954750061035156,17.58449935913086,17.81024932861328,307124000
2021-06-17 00:00:00-04:00,17.774499893188477,18.834999084472656,17.756250381469727,18.657249450683594,809656000
2021-06-18 00:00:00-04:00,18.784000396728516,19.375,18.583999633789062,18.638750076293945,968856000
2021-06-21 00:00:00-04:00,18.43524932861328,18.536500930786133,17.822750091552734,18.427249908447266,672384000
2021-06-22 00:00:00-04:00,18.471500396728516,18.9637508392334,18.38599967956543,18.886749267578125,580144000
2021-06-23 00:00:00-04:00,19.007749557495117,19.15275001525879,18.90774917602539,19.057249069213867,332356000
2021-06-24 00:00:00-04:00,19.227750778198242,19.420000076293945,19.08824920654297,19.20549964904785,320924000
2021-06-25 00:00:00-04:00,19.280500411987305,19.345500946044922,18.894500732421875,19.0310001373291,278364000
2021-06-28 00:00:00-04:00,19.361249923706055,20.078750610351562,19.319000244140625,19.985000610351562,495436000
2021-06-29 00:00:00-04:00,19.88249969482422,20.0987491607666,19.656999588012695,20.026750564575195,367632000
2021-06-30 00:00:00-04:00,19.999250411987305,20.162500381469727,19.863750457763672,20.002500534057617,326568000
2021-07-01 00:00:00-04:00,20.125,20.45599937438965,20.018999099731445,20.211999893188477,480136000
2021-07-02 00:00:00-04:00,20.440250396728516,20.505250930786133,20.287750244140625,20.48699951171875,342764000
2021-07-06 00:00:00-04:00,20.737499237060547,20.841999053955078,20.350250244140625,20.69849967956543,446708000
2021-07-07 00:00:00-04:00,20.853500366210938,20.875,20.332000732421875,20.371749877929688,418428000
2021-07-08 00:00:00-04:00,19.85650062561035,20.132999420166016,19.70075035095215,19.90275001525879,503300000
2021-07-09 00:00:00-04:00,19.962499618530273,20.080249786376953,19.754249572753906,20.050249099731445,296624000
2021-07-12 00:00:00-04:00,20.239999771118164,20.53274917602539,20.1877498626709,20.512500762939453,321984000
2021-07-13 00:00:00-04:00,20.40049934387207,20.46125030517578,20.11400032043457,20.25,290708000
2021-07-14 00:00:00-04:00,20.357749938964844,20.417749404907227,19.752750396728516,19.84149932861328,380100000
2021-07-15 00:00:00-04:00,19.811750411987305,19.847000122070312,18.85849952697754,18.966249465942383,550564000
2021-07-16 00:00:00-04:00,19.030500411987305,19.156999588012695,18.072999954223633,18.160999298095703,688224000
2021-07-19 00:00:00-04:00,17.915250778198242,19.04199981689453,17.86549949645996,18.77975082397461,749060000
2021-07-20 00:00:00-04:00,18.729999542236328,18.83799934387207,18.163999557495117,18.61199951171875,434687000
2021-07-21 00:00:00-04:00,18.881999969482422,19.527000427246094,18.742000579833984,19.40999984741211,371017000
2021-07-22 00:00:00-04:00,19.642000198364258,19.886999130249023,19.275999069213867,19.5939998626709,323826000
2021-07-23 00:00:00-04:00,19.6560001373291,19.700000762939453,19.25,19.558000564575195,195672000
2021-07-26 00:00:00-04:00,19.31100082397461,19.441999435424805,18.913999557495117,19.29400062561035,203943000
2021-07-27 00:00:00-04:00,19.264999389648438,19.621999740600586,18.740999221801758,19.20800018310547,248863000
2021-07-28 00:00:00-04:00,19.319000244140625,19.645999908447266,18.9950008392334,19.503000259399414,202191000
2021-07-29 00:00:00-04:00,19.518999099731445,19.85300064086914,19.327999114990234,19.66200065612793,190781000
2021-07-30 00:00:00-04:00,19.417999267578125,19.6299991607666,19.26300048828125,19.499000549316406,183497000
2021-08-02 00:00:00-04:00,19.700000762939453,19.961000442504883,19.361000061035156,19.75,217444000
2021-08-03 00:00:00-04:00,19.739999771118164,20.222000122070312,19.219999313354492,19.815000534057617,301811000
2021-08-04 00:00:00-04:00,19.989999771118164,20.31800079345703,19.827999114990234,20.27400016784668,231309000
2021-08-05 00:00:00-04:00,20.5,20.732999801635742,20.341999053955078,20.636999130249023,211435000
2021-08-06 00:00:00-04:00,20.52400016784668,20.56999969482422,20.209999084472656,20.365999221801758,178497000
2021-08-09 00:00:00-04:00,20.445999145507812,20.507999420166016,20.14299964904785,20.295000076293945,146443000
2021-08-10 00:00:00-04:00,20.32200050354004,20.43000030517578,19.834999084472656,19.93600082397461,179238000
2021-08-11 00:00:00-04:00,20.042999267578125,20.048999786376953,19.43000030517578,19.698999404907227,185925000
2021-08-12 00:00:00-04:00,19.8700008392334,20.02899932861328,19.6200008392334,19.905000686645508,151652000
2021-08-13 00:00:00-04:00,19.905000686645508,20.214000701904297,19.85099983215332,20.187999725341797,183063000
2021-08-16 00:00:00-04:00,20.135000228881836,20.28700065612793,19.452999114990234,19.950000762939453,210876000
2021-08-17 00:00:00-04:00,19.684999465942383,19.770000457763672,19.267000198364258,19.45800018310547,204585000
2021-08-18 00:00:00-04:00,19.5,19.634000778198242,19.0,19.040000915527344,285913000
2021-08-19 00:00:00-04:00,19.493999481201172,20.4950008392334,18.761999130249023,19.79800033569336,766555000
2021-08-20 00:00:00-04:00,19.990999221801758,20.864999771118164,19.933000564575195,20.81599998474121,675741000
2021-08-23 00:00:00-04:00,20.97100067138672,21.996999740600586,20.950000762939453,21.95800018310547,575807000
2021-08-24 00:00:00-04:00,21.753000259399414,21.958999633789062,21.53499984741211,21.792999267578125,297299000
2021-08-25 00:00:00-04:00,21.73699951171875,22.469999313354492,21.722000122070312,22.21299934387207,347701000
2021-08-26 00:00:00-04:00,22.200000762939453,22.34000015258789,21.790000915527344,22.06800079345703,237940000
2021-08-27 00:00:00-04:00,22.18400001525879,22.722000122070312,22.16699981689453,22.63599967956543,304722000
2021-08-30 00:00:00-04:00,22.829999923706055,23.042999267578125,22.551000595092773,22.687999725341797,262580000
2021-08-31 00:00:00-04:00,22.69499969482422,22.69499969482422,22.1200008392334,22.385000228881836,259850000
2021-09-01 00:00:00-04:00,22.485000610351562,22.69700050354004,22.35700035095215,22.44099998474121,201767000
2021-09-02 00:00:00-04:00,22.51799964904785,22.593000411987305,22.295000076293945,22.395999908447266,187834000
2021-09-03 00:00:00-04:00,22.325000762939453,22.986000061035156,22.200000762939453,22.843000411987305,280532000
2021-09-07 00:00:00-04:00,22.83300018310547,22.89900016784668,22.52199935913086,22.66200065612793,198107000
2021-09-08 00:00:00-04:00,22.51300048828125,22.610000610351562,21.976999282836914,22.339000701904297,254434000
2021-09-09 00:00:00-04:00,22.312000274658203,22.538000106811523,22.131000518798828,22.177000045776367,196856000
2021-09-10 00:00:00-04:00,22.347999572753906,22.625999450683594,22.270000457763672,22.47800064086914,248376000
2021-09-13 00:00:00-04:00,22.68400001525879,22.964000701904297,21.857999801635742,22.152000427246094,297500000
2021-09-14 00:00:00-04:00,22.274999618530273,22.40999984741211,22.086000442504883,22.242000579833984,199755000
2021-09-15 00:00:00-04:00,22.30900001525879,22.367000579833984,21.965999603271484,22.340999603271484,166538000
2021-09-16 00:00:00-04:00,22.183000564575195,22.277000427246094,21.927000045776367,22.242000579833984,156033000
2021-09-17 00:00:00-04:00,22.299999237060547,22.320999145507812,21.829999923706055,21.899999618530273,294503000
2021-09-20 00:00:00-04:00,21.145999908447266,21.433000564575195,20.66200065612793,21.113000869750977,349440000
2021-09-21 00:00:00-04:00,21.41699981689453,21.424999237060547,20.950000762939453,21.246000289916992,204688000
2021-09-22 00:00:00-04:00,21.365999221801758,21.959999084472656,21.195999145507812,21.94099998474121,268726000
2021-09-23 00:00:00-04:00,22.139999389648438,22.53499984741211,21.889999389648438,22.48200035095215,248555000
2021-09-24 00:00:00-04:00,22.06999969482422,22.14900016784668,21.861000061035156,22.08099937438965,217655000
2021-09-27 00:00:00-04:00,21.709999084472656,21.798999786376953,21.325000762939453,21.65999984741211,245215000
2021-09-28 00:00:00-04:00,21.214000701904297,21.41900062561035,20.650999069213867,20.698999404907227,343069000
2021-09-29 00:00:00-04:00,20.940000534057617,21.017000198364258,20.466999053955078,20.517000198364258,218394000
2021-09-30 00:00:00-04:00,20.76799964904785,21.06599998474121,20.687999725341797,20.715999603271484,221009000
2021-10-01 00:00:00-04:00,20.75,20.858999252319336,20.202999114990234,20.742000579833984,240978000
2021-10-04 00:00:00-04:00,20.503999710083008,20.54199981689453,19.55500030517578,19.73200035095215,345635000
2021-10-05 00:00:00-04:00,19.950000762939453,20.648000717163086,19.854000091552734,20.451000213623047,279282000
2021-10-06 00:00:00-04:00,20.1200008392334,20.719999313354492,20.079999923706055,20.700000762939453,297202000
2021-10-07 00:00:00-04:00,21.091999053955078,21.32200050354004,20.972000122070312,21.075000762939453,256919000
2021-10-08 00:00:00-04:00,21.10099983215332,21.20599937438965,20.774999618530273,20.83099937438965,151258000
2021-10-11 00:00:00-04:00,20.575000762939453,21.062999725341797,20.51099967956543,20.69499969482422,163388000
2021-10-12 00:00:00-04:00,20.827999114990234,21.05699920654297,20.527999877929688,20.67099952697754,162134000
2021-10-13 00:00:00-04:00,20.917999267578125,20.989999771118164,20.71299934387207,20.93899917602539,180652000
2021-10-14 00:00:00-04:00,21.288000106811523,21.7549991607666,21.121999740600586,21.746000289916992,243589000
2021-10-15 00:00:00-04:00,21.809999465942383,21.930999755859375,21.66200065612793,21.86199951171875,226994000
2021-10-18 00:00:00-04:00,21.749000549316406,22.291000366210938,21.643999099731445,22.222000122070312,189494000
2021-10-19 00:00:00-04:00,22.275999069213867,22.378999710083008,22.03700065612793,22.290000915527344,161473000
2021-10-20 00:00:00-04:00,22.30500030517578,22.433000564575195,21.98200035095215,22.10300064086914,146276000
2021-10-21 00:00:00-04:00,22.097000122070312,22.711000442504883,22.08300018310547,22.691999435424805,187590000
2021-10-22 00:00:00-04:00,22.822999954223633,23.1299991607666,22.56100082397461,22.72599983215332,249384000
2021-10-25 00:00:00-04:00,22.972999572753906,23.354999542236328,22.770000457763672,23.166000366210938,230235000
2021-10-26 00:00:00-04:00,23.98900032043457,25.259000778198242,23.923999786376953,24.716999053955078,485898000
2021-10-27 00:00:00-04:00,24.474000930786133,25.09000015258789,24.281999588012695,24.451000213623047,245990000
2021-10-28 00:00:00-04:00,24.878000259399414,24.950000762939453,24.523000717163086,24.94099998474121,234204000
2021-10-29 00:00:00-04:00,25.000999450683594,25.708999633789062,25.0,25.566999435424805,292503000
2021-11-01 00:00:00-04:00,25.64900016784668,25.893999099731445,25.226999282836914,25.82699966430664,265740000
2021-11-02 00:00:00-04:00,25.82200050354004,26.67799949645996,25.799999237060547,26.400999069213867,294112000
2021-11-03 00:00:00-04:00,26.670000076293945,26.784000396728516,26.235000610351562,26.597999572753906,239910000
2021-11-04 00:00:00-04:00,27.229000091552734,31.364999771118164,27.118000030517578,29.801000595092773,1153631000
2021-11-05 00:00:00-04:00,30.187000274658203,31.399999618530273,29.40999984741211,29.75200080871582,851260000
2021-11-08 00:00:00-05:00,30.14900016784668,31.100000381469727,29.906999588012695,30.804000854492188,503101000
2021-11-09 00:00:00-05:00,32.28200149536133,32.310001373291016,29.964000701904297,30.656999588012695,646746000
2021-11-10 00:00:00-05:00,29.356000900268555,30.850000381469727,28.777999877929688,29.458999633789062,636206000
2021-11-11 00:00:00-05:00,30.468000411987305,30.59000015258789,29.777000427246094,30.389999389648438,332172000
2021-11-12 00:00:00-05:00,30.010000228881836,30.68000030517578,29.6299991607666,30.389999389648438,413054000
2021-11-15 00:00:00-05:00,30.552000045776367,30.643999099731445,29.246999740600586,30.024999618530273,384909000
2021-11-16 00:00:00-05:00,29.759000778198242,30.389999389648438,29.70599937438965,30.202999114990234,264484000
2021-11-17 00:00:00-05:00,30.417999267578125,30.509000778198242,28.799999237060547,29.26099967956543,428508000
2021-11-18 00:00:00-05:00,32.367000579833984,32.7599983215332,31.320999145507812,31.674999237060547,781711000
2021-11-19 00:00:00-05:00,32.24300003051758,33.0880012512207,31.905000686645508,32.98500061035156,533867000
2021-11-22 00:00:00-05:00,33.516998291015625,34.64699935913086,31.899999618530273,31.95599937438965,754335000
2021-11-23 00:00:00-05:00,31.53499984741211,32.36000061035156,30.8799991607666,31.746000289916992,532163000
2021-11-24 00:00:00-05:00,31.461000442504883,32.85499954223633,30.92799949645996,32.67399978637695,435162000
2021-11-26 00:00:00-05:00,32.599998474121094,32.709999084472656,31.350000381469727,31.503000259399414,283069000
2021-11-29 00:00:00-05:00,32.36600112915039,33.4119987487793,32.0359992980957,33.375999450683594,454964000
2021-11-30 00:00:00-05:00,33.16899871826172,33.35300064086914,31.86400032043457,32.67599868774414,622066000
2021-12-01 00:00:00-05:00,33.21900177001953,33.28900146484375,31.3799991607666,31.434999465942383,484368000
2021-12-02 00:00:00-05:00,31.214000701904297,32.47800064086914,31.024999618530273,32.125999450683594,472890000
2021-12-03 00:00:00-05:00,32.0,32.12900161743164,30.1299991607666,30.69300079345703,544325000
2021-12-06 00:00:00-05:00,29.8799991607666,30.240999221801758,28.038000106811523,30.03700065612793,658938000
2021-12-07 00:00:00-05:00,30.957000732421875,32.44900131225586,30.650999069213867,32.426998138427734,593053000
2021-12-08 00:00:00-05:00,31.999000549316406,32.290000915527344,31.42099952697754,31.826000213623047,475551000
2021-12-09 00:00:00-05:00,31.733999252319336,32.20500183105469,30.42799949645996,30.489999771118164,488507000
2021-12-10 00:00:00-05:00,31.149999618530273,31.30500030517578,29.861000061035156,30.197999954223633,488825000
2021-12-13 00:00:00-05:00,30.249000549316406,30.29400062561035,28.115999221801758,28.160999298095703,598344000
2021-12-14 00:00:00-05:00,27.698999404907227,28.67799949645996,27.25,28.336999893188477,667035000
2021-12-15 00:00:00-05:00,28.399999618530273,30.5,27.83799934387207,30.458999633789062,698297000
2021-12-16 00:00:00-05:00,31.152000427246094,31.15999984741211,28.093000411987305,28.386999130249023,707366000
2021-12-17 00:00:00-05:00,27.985000610351562,28.922000885009766,27.760000228881836,27.801000595092773,713758000
2021-12-20 00:00:00-05:00,27.30500030517578,28.143999099731445,27.145000457763672,27.7189998626709,461847000
2021-12-21 00:00:00-05:00,28.374000549316406,29.1200008392334,27.400999069213867,29.075000762939453,524385000
2021-12-22 00:00:00-05:00,28.891000747680664,29.55500030517578,28.448999404907227,29.399999618530273,395184000
2021-12-23 00:00:00-05:00,29.7549991607666,30.05900001525879,29.430999755859375,29.639999389648438,343022000
2021-12-27 00:00:00-05:00,29.65999984741211,31.086999893188477,29.639999389648438,30.94499969482422,403686000
2021-12-28 00:00:00-05:00,31.312000274658203,31.329999923706055,30.011999130249023,30.32200050354004,420591000
2021-12-29 00:00:00-05:00,30.273000717163086,30.54800033569336,29.365999221801758,30.000999450683594,343139000
2021-12-30 00:00:00-05:00,29.82699966430664,30.457000732421875,29.540000915527344,29.586000442504883,308864000
2021-12-31 00:00:00-05:00,29.673999786376953,30.030000686645508,29.33099937438965,29.410999298095703,266530000
2022-01-03 00:00:00-05:00,29.815000534057617,30.711000442504883,29.78499984741211,30.121000289916992,391547000
2022-01-04 00:00:00-05:00,30.277000427246094,30.468000411987305,28.349000930786133,29.290000915527344,527154000
2022-01-05 00:00:00-05:00,28.948999404907227,29.416000366210938,27.533000946044922,27.604000091552734,498064000
2022-01-06 00:00:00-05:00,27.639999389648438,28.437999725341797,27.065000534057617,28.17799949645996,454186000
2022-01-07 00:00:00-05:00,28.141000747680664,28.422000885009766,27.05699920654297,27.246999740600586,409939000
2022-01-10 00:00:00-05:00,26.58099937438965,27.4689998626709,25.643999099731445,27.399999618530273,594681000
2022-01-11 00:00:00-05:00,27.322999954223633,28.065000534057617,26.839000701904297,27.816999435424805,404089000
2022-01-12 00:00:00-05:00,28.066999435424805,28.594999313354492,27.607999801635742,27.999000549316406,383413000
2022-01-13 00:00:00-05:00,28.378999710083008,28.479999542236328,26.49799919128418,26.575000762939453,540171000
2022-01-14 00:00:00-05:00,26.299999237060547,27.19700050354004,26.209999084472656,26.941999435424805,395832000
2022-01-18 00:00:00-05:00,26.260000228881836,26.63800048828125,25.770000457763672,25.902999877929688,424270000
2022-01-19 00:00:00-05:00,26.07900047302246,26.542999267578125,25.052000045776367,25.066999435424805,488315000
2022-01-20 00:00:00-05:00,25.304000854492188,25.57900047302246,24.077999114990234,24.149999618530273,435181000
2022-01-21 00:00:00-05:00,23.506999969482422,24.822999954223633,23.26300048828125,23.374000549316406,718958000
2022-01-24 00:00:00-05:00,22.329999923706055,23.3799991607666,20.88800048828125,23.371999740600586,913982000
2022-01-25 00:00:00-05:00,22.54599952697754,22.94300079345703,22.0,22.323999404907227,664616000
2022-01-26 00:00:00-05:00,23.239999771118164,24.05699920654297,22.299999237060547,22.77199935913086,755959000
2022-01-27 00:00:00-05:00,23.56800079345703,23.9950008392334,21.674999237060547,21.944000244140625,573353000
2022-01-28 00:00:00-05:00,22.011999130249023,22.857999801635742,21.29599952697754,22.84000015258789,543774000
2022-01-31 00:00:00-05:00,23.18199920654297,24.509000778198242,23.052000045776367,24.486000061035156,564680000
2022-02-01 00:00:00-05:00,25.104000091552734,25.145000457763672,23.889999389648438,24.63800048828125,518925000
2022-02-02 00:00:00-05:00,25.79400062561035,25.816999435424805,24.55299949645996,25.242000579833984,543419000
2022-02-03 00:00:00-05:00,24.45800018310547,25.07699966430664,23.780000686645508,23.947999954223633,410178000
2022-02-04 00:00:00-05:00,23.972000122070312,24.635000228881836,23.631999969482422,24.319000244140625,354829000
2022-02-07 00:00:00-05:00,24.371999740600586,25.18199920654297,24.20199966430664,24.72800064086914,376868000
2022-02-08 00:00:00-05:00,24.358999252319336,25.229999542236328,23.979999542236328,25.107999801635742,410359000
2022-02-09 00:00:00-05:00,25.621999740600586,26.725000381469727,25.35300064086914,26.704999923706055,524282000
2022-02-10 00:00:00-05:00,25.9950008392334,26.924999237060547,25.600000381469727,25.823999404907227,513200000
2022-02-11 00:00:00-05:00,25.916000366210938,26.152000427246094,23.773000717163086,23.948999404907227,605472000
2022-02-14 00:00:00-05:00,23.93400001525879,24.875,23.7549991607666,24.267000198364258,440424000
2022-02-15 00:00:00-05:00,24.948999404907227,26.545000076293945,24.784000396728516,26.4950008392334,699869000
2022-02-16 00:00:00-05:00,26.259000778198242,26.582000732421875,25.552000045776367,26.51099967956543,732676000
2022-02-17 00:00:00-05:00,25.6299991607666,25.78499984741211,24.165000915527344,24.506999969482422,810595000
2022-02-18 00:00:00-05:00,24.667999267578125,24.986000061035156,23.100000381469727,23.642000198364258,761255000
2022-02-22 00:00:00-05:00,23.03499984741211,24.06399917602539,23.0,23.389999389648438,633422000
2022-02-23 00:00:00-05:00,23.802000045776367,24.155000686645508,22.301000595092773,22.386999130249023,566511000
2022-02-24 00:00:00-05:00,21.014999389648438,23.799999237060547,20.889999389648438,23.74799919128418,735801000
2022-02-25 00:00:00-05:00,23.72100067138672,24.216999053955078,23.381000518798828,24.156999588012695,528866000
2022-02-28 00:00:00-05:00,23.992000579833984,24.665000915527344,23.707000732421875,24.385000228881836,477319000
2022-03-01 00:00:00-05:00,24.291000366210938,24.37700080871582,23.131999969482422,23.476999282836914,412056000
2022-03-02 00:00:00-05:00,23.756000518798828,24.409000396728516,23.415000915527344,24.219999313354492,389642000
2022-03-03 00:00:00-05:00,24.261999130249023,24.326000213623047,23.4689998626709,23.714000701904297,365095000
2022-03-04 00:00:00-05:00,23.384000778198242,23.68000030517578,22.48200035095215,22.93600082397461,431415000
2022-03-07 00:00:00-05:00,22.816999435424805,23.033000946044922,21.329999923706055,21.351999282836914,450821000
2022-03-08 00:00:00-05:00,21.30900001525879,22.37299919128418,20.649999618530273,21.513999938964844,557467000
2022-03-09 00:00:00-05:00,22.386999130249023,23.219999313354492,22.246999740600586,23.013999938964844,492742000
2022-03-10 00:00:00-05:00,22.5310001373291,22.788000106811523,21.881999969482422,22.658000946044922,428066000
2022-03-11 00:00:00-05:00,23.02199935913086,23.145000457763672,22.04599952697754,22.100000381469727,367209000
2022-03-14 00:00:00-04:00,21.868999481201172,22.261999130249023,21.159000396728516,21.329999923706055,385354000
2022-03-15 00:00:00-04:00,21.51799964904785,23.038000106811523,21.32200050354004,22.972999572753906,491996000
2022-03-16 00:00:00-04:00,23.5,24.597000122070312,23.172000885009766,24.496000289916992,671422000
2022-03-17 00:00:00-04:00,24.1200008392334,24.841999053955078,23.9060001373291,24.766000747680664,471941000
2022-03-18 00:00:00-04:00,24.798999786376953,26.569000244140625,24.624000549316406,26.452999114990234,730719000
2022-03-21 00:00:00-04:00,26.506999969482422,27.152000427246094,25.966999053955078,26.733999252319336,591727000
2022-03-22 00:00:00-04:00,26.726999282836914,27.238000869750977,26.07200050354004,26.52400016784668,547007000
2022-03-23 00:00:00-04:00,26.125999450683594,26.61199951171875,25.575000762939453,25.634000778198242,502120000
2022-03-24 00:00:00-04:00,26.166000366210938,28.31999969482422,25.906999588012695,28.149999618530273,877379000
2022-03-25 00:00:00-04:00,27.88599967956543,28.357999801635742,27.270999908447266,27.691999435424805,579016000
2022-03-28 00:00:00-04:00,27.756000518798828,28.25,27.20599937438965,28.2189998626709,425494000
2022-03-29 00:00:00-04:00,28.69499969482422,28.945999145507812,27.979999542236328,28.6560001373291,488984000
2022-03-30 00:00:00-04:00,28.304000854492188,28.496000289916992,27.503000259399414,27.690000534057617,463487000
2022-03-31 00:00:00-04:00,27.781999588012695,28.24799919128418,27.270000457763672,27.285999298095703,523440000
2022-04-01 00:00:00-04:00,27.375,27.496000289916992,26.267000198364258,26.711999893188477,517235000
2022-04-04 00:00:00-04:00,26.72800064086914,27.558000564575195,26.613000869750977,27.360000610351562,397120000
2022-04-05 00:00:00-04:00,27.253999710083008,27.319000244140625,25.81999969482422,25.930999755859375,436615000
2022-04-06 00:00:00-04:00,24.93400001525879,25.299999237060547,24.003000259399414,24.406999588012695,703833000
2022-04-07 00:00:00-04:00,24.44099998474121,24.722000122070312,23.47800064086914,24.20800018310547,557992000
2022-04-08 00:00:00-04:00,23.91699981689453,23.92300033569336,23.062000274658203,23.118999481201172,524781000
2022-04-11 00:00:00-04:00,22.214000701904297,22.31999969482422,21.65999984741211,21.91699981689453,575207000
2022-04-12 00:00:00-04:00,22.53700065612793,22.725000381469727,21.281999588012695,21.503999710083008,662258000
2022-04-13 00:00:00-04:00,21.72800064086914,22.5,21.454999923706055,22.202999114990234,516943000
2022-04-14 00:00:00-04:00,22.5049991607666,22.777000427246094,21.163000106811523,21.257999420166016,569097000
2022-04-18 00:00:00-04:00,21.200000762939453,22.08799934387207,21.07900047302246,21.783000946044922,525701000
2022-04-19 00:00:00-04:00,21.719999313354492,22.37299919128418,21.31399917602539,22.197999954223633,512781000
2022-04-20 00:00:00-04:00,22.517000198364258,22.670000076293945,21.200000762939453,21.48200035095215,468974000
2022-04-21 00:00:00-04:00,21.708999633789062,22.392000198364258,20.0,20.183000564575195,656209000
2022-04-22 00:00:00-04:00,20.30299949645996,20.486000061035156,19.5,19.514999389648438,624713000
2022-04-25 00:00:00-04:00,19.20199966430664,19.94499969482422,19.09600067138672,19.902000427246094,641566000
2022-04-26 00:00:00-04:00,19.718000411987305,19.788000106811523,18.670000076293945,18.788000106811523,653143000
2022-04-27 00:00:00-04:00,18.597999572753906,19.16699981689453,18.290000915527344,18.415000915527344,499460000
2022-04-28 00:00:00-04:00,18.966999053955078,20.03700065612793,18.489999771118164,19.781999588012695,570327000
2022-04-29 00:00:00-04:00,19.402000427246094,20.128000259399414,18.517000198364258,18.547000885009766,500435000
2022-05-02 00:00:00-04:00,18.541000366210938,19.573999404907227,18.391000747680664,19.533000946044922,572049000
2022-05-03 00:00:00-04:00,19.399999618530273,19.825000762939453,19.132999420166016,19.601999282836914,475751000
2022-05-04 00:00:00-04:00,19.92300033569336,20.399999618530273,18.750999450683594,20.333999633789062,648855000
2022-05-05 00:00:00-04:00,19.867000579833984,19.924999237060547,18.5,18.8439998626709,626331000
2022-05-06 00:00:00-04:00,18.736000061035156,19.511999130249023,17.989999771118164,18.674999237060547,633297000
2022-05-09 00:00:00-04:00,18.034000396728516,18.2549991607666,16.82699966430664,16.950000762939453,644455000
2022-05-10 00:00:00-04:00,17.68899917602539,18.197999954223633,17.024999618530273,17.594999313354492,761474000
2022-05-11 00:00:00-04:00,17.347000122070312,17.753000259399414,16.56800079345703,16.6299991607666,670167000
2022-05-12 00:00:00-04:00,16.2189998626709,16.788000106811523,15.567000389099121,16.174999237060547,708728000
2022-05-13 00:00:00-04:00,16.788000106811523,17.92799949645996,16.593000411987305,17.70599937438965,670437000
2022-05-16 00:00:00-04:00,17.509000778198242,17.788000106811523,17.106000900268555,17.263999938964844,521446000
2022-05-17 00:00:00-04:00,18.073999404907227,18.371000289916992,17.634000778198242,18.177000045776367,585830000
2022-05-18 00:00:00-04:00,17.704999923706055,18.118000030517578,16.86400032043457,16.937999725341797,545161000
2022-05-19 00:00:00-04:00,16.937000274658203,17.687000274658203,16.733999252319336,17.124000549316406,621310000
2022-05-20 00:00:00-04:00,17.332000732421875,17.40999984741211,15.755000114440918,16.694000244140625,739105000
2022-05-23 00:00:00-04:00,16.27400016784668,16.915000915527344,16.179000854492188,16.898000717163086,639889000
2022-05-24 00:00:00-04:00,16.510000228881836,16.597000122070312,15.779999732971191,16.15399932861328,588550000
2022-05-25 00:00:00-04:00,16.020000457763672,17.111000061035156,16.0,16.975000381469727,781132000
2022-05-26 00:00:00-04:00,16.035999298095703,18.091999053955078,16.02199935913086,17.85099983215332,996575000
2022-05-27 00:00:00-04:00,18.18600082397461,18.881000518798828,18.100000381469727,18.81100082397461,738379000
2022-05-31 00:00:00-04:00,18.979999542236328,19.200000762939453,18.350000381469727,18.672000885009766,664100000
2022-06-01 00:00:00-04:00,18.724000930786133,19.05299949645996,18.121999740600586,18.31999969482422,544514000
2022-06-02 00:00:00-04:00,18.29199981689453,19.618999481201172,18.197999954223633,19.591999053955078,648656000
2022-06-03 00:00:00-04:00,19.082000732421875,19.332000732421875,18.52199935913086,18.719999313354492,598779000
2022-06-06 00:00:00-04:00,19.138999938964844,19.336999893188477,18.56399917602539,18.785999298095703,422406000
2022-06-07 00:00:00-04:00,18.472000122070312,19.0,18.187999725341797,18.926000595092773,388914000
2022-06-08 00:00:00-04:00,18.798999786376953,19.18000030517578,18.53499984741211,18.648000717163086,363252000
2022-06-09 00:00:00-04:00,18.481000900268555,18.933000564575195,18.041000366210938,18.04800033569336,395574000
2022-06-10 00:00:00-04:00,17.600000381469727,17.69700050354004,16.868999481201172,16.974000930786133,465248000
2022-06-13 00:00:00-04:00,16.0,16.312000274658203,15.605999946594238,15.647000312805176,604153000
2022-06-14 00:00:00-04:00,15.730999946594238,16.06599998474121,15.411999702453613,15.836000442504883,469680000
2022-06-15 00:00:00-04:00,16.094999313354492,16.868000030517578,15.925999641418457,16.527000427246094,563936000
2022-06-16 00:00:00-04:00,15.859999656677246,15.942000389099121,15.401000022888184,15.60099983215332,545749000
2022-06-17 00:00:00-04:00,15.64799976348877,15.994999885559082,15.32800006866455,15.880000114440918,630334000
2022-06-21 00:00:00-04:00,16.475000381469727,17.007999420166016,16.406999588012695,16.56599998474121,483089000
2022-06-22 00:00:00-04:00,16.22599983215332,16.66200065612793,16.18000030517578,16.360000610351562,437135000
2022-06-23 00:00:00-04:00,16.518999099731445,16.584999084472656,15.852999687194824,16.225000381469727,463680000
2022-06-24 00:00:00-04:00,16.5,17.139999389648438,16.309999465942383,17.125999450683594,472153000
2022-06-27 00:00:00-04:00,17.312000274658203,17.329999923706055,16.625999450683594,16.868999481201172,427968000
2022-06-28 00:00:00-04:00,16.899999618530273,17.20199966430664,15.944999694824219,15.982000350952148,461149000
2022-06-29 00:00:00-04:00,15.814000129699707,15.819999694824219,15.170000076293945,15.541999816894531,482352000
2022-06-30 00:00:00-04:00,15.361000061035156,15.567000389099121,14.862000465393066,15.159000396728516,686070000
2022-07-01 00:00:00-04:00,14.89900016784668,15.062999725341797,14.392000198364258,14.52299976348877,577610000
2022-07-05 00:00:00-04:00,14.175000190734863,14.970999717712402,14.055000305175781,14.96399974822998,651397000
2022-07-06 00:00:00-04:00,15.010000228881836,15.319000244140625,14.788999557495117,15.130000114440918,529066000
2022-07-07 00:00:00-04:00,15.456000328063965,15.944999694824219,15.388999938964844,15.857999801635742,492903000
2022-07-08 00:00:00-04:00,15.430000305175781,16.03700065612793,15.388999938964844,15.838000297546387,467972000
2022-07-11 00:00:00-04:00,15.526000022888184,15.527000427246094,15.038000106811523,15.152000427246094,437321000
2022-07-12 00:00:00-04:00,15.267999649047852,15.430999755859375,14.876999855041504,15.081999778747559,458483000
2022-07-13 00:00:00-04:00,14.59000015258789,15.375,14.46500015258789,15.163999557495117,521918000
2022-07-14 00:00:00-04:00,15.107999801635742,15.472999572753906,14.727999687194824,15.371999740600586,456235000
2022-07-15 00:00:00-04:00,15.659000396728516,15.781999588012695,15.444999694824219,15.76200008392334,385935000
2022-07-18 00:00:00-04:00,16.302000045776367,16.89699935913086,16.00200080871582,16.10099983215332,670517000
2022-07-19 00:00:00-04:00,16.486000061035156,17.110000610351562,16.172000885009766,16.992000579833984,702366000
2022-07-20 00:00:00-04:00,16.94700050354004,17.933000564575195,16.801000595092773,17.80699920654297,760538000
2022-07-21 00:00:00-04:00,17.885000228881836,18.143999099731445,17.545000076293945,18.049999237060547,557049000
2022-07-22 00:00:00-04:00,17.89299964904785,17.966999053955078,17.136999130249023,17.319000244140625,536671000
2022-07-25 00:00:00-04:00,17.018999099731445,17.124000549316406,16.64900016784668,17.02400016784668,480748000
2022-07-26 00:00:00-04:00,16.888999938964844,16.91900062561035,16.47800064086914,16.533000946044922,397865000
2022-07-27 00:00:00-04:00,17.031999588012695,17.93600082397461,16.913000106811523,17.790000915527344,569776000
2022-07-28 00:00:00-04:00,17.975000381469727,18.139999389648438,17.440000534057617,17.983999252319336,474646000
2022-07-29 00:00:00-04:00,17.812999725341797,18.243999481201172,17.691999435424805,18.163000106811523,435460000
2022-08-01 00:00:00-04:00,18.18199920654297,18.84600067138672,17.989999771118164,18.44099998474121,476469000
2022-08-02 00:00:00-04:00,18.121999740600586,18.937999725341797,18.091999053955078,18.525999069213867,489527000
2022-08-03 00:00:00-04:00,18.18400001525879,18.968000411987305,18.136999130249023,18.89299964904785,418146000
2022-08-04 00:00:00-04:00,18.849000930786133,19.27400016784668,18.760000228881836,19.21500015258789,409652000
2022-08-05 00:00:00-04:00,18.809999465942383,19.229000091552734,18.666000366210938,18.98900032043457,386068000
2022-08-08 00:00:00-04:00,17.50200080871582,18.23900032043457,17.242000579833984,17.792999267578125,981859000
2022-08-09 00:00:00-04:00,17.25200080871582,17.44700050354004,16.724000930786133,17.086000442504883,668263000
2022-08-10 00:00:00-04:00,17.697999954223633,18.118000030517578,17.316999435424805,18.097000122070312,597422000
2022-08-11 00:00:00-04:00,18.131000518798828,18.707000732421875,17.875999450683594,17.941999435424805,509327000
2022-08-12 00:00:00-04:00,18.15999984741211,18.718000411987305,17.952999114990234,18.708999633789062,478094000
2022-08-15 00:00:00-04:00,18.701000213623047,19.163999557495117,18.613000869750977,19.031999588012695,457666000
2022-08-16 00:00:00-04:00,18.920000076293945,19.142000198364258,18.500999450683594,18.878999710083008,451240000
2022-08-17 00:00:00-04:00,18.523000717163086,18.687999725341797,18.145000457763672,18.334999084472656,446799000
2022-08-18 00:00:00-04:00,18.301000595092773,18.864999771118164,18.183000564575195,18.773000717163086,415447000
2022-08-19 00:00:00-04:00,18.4060001373291,18.520000457763672,17.770000457763672,17.849000930786133,441588000
2022-08-22 00:00:00-04:00,17.489999771118164,17.558000564575195,16.965999603271484,17.034000396728516,409593000
2022-08-23 00:00:00-04:00,16.98900032043457,17.46500015258789,16.969999313354492,17.180999755859375,369986000
2022-08-24 00:00:00-04:00,17.011999130249023,17.4060001373291,16.895000457763672,17.222000122070312,522661000
2022-08-25 00:00:00-04:00,16.8439998626709,17.94700050354004,16.83300018310547,17.913000106811523,770691000
2022-08-26 00:00:00-04:00,17.85700035095215,17.923999786376953,16.23699951171875,16.260000228881836,769127000
2022-08-29 00:00:00-04:00,16.020000457763672,16.33799934387207,15.767000198364258,15.800999641418457,496132000
2022-08-30 00:00:00-04:00,15.960000038146973,16.038999557495117,15.182000160217285,15.468000411987305,530181000
2022-08-31 00:00:00-04:00,15.383999824523926,15.539999961853027,14.958999633789062,15.093999862670898,573710000
2022-09-01 00:00:00-04:00,14.208999633789062,14.380000114440918,13.270000457763672,13.937000274658203,1178865000
2022-09-02 00:00:00-04:00,14.100000381469727,14.170999526977539,13.590999603271484,13.647000312805176,743157000
2022-09-06 00:00:00-04:00,13.730999946594238,13.779000282287598,13.35099983215332,13.46500015258789,535751000
2022-09-07 00:00:00-04:00,13.562999725341797,13.838000297546387,13.345999717712402,13.71399974822998,512657000
2022-09-08 00:00:00-04:00,13.458999633789062,14.008000373840332,13.369000434875488,13.989999771118164,624873000
2022-09-09 00:00:00-04:00,14.156999588012695,14.473999977111816,14.12600040435791,14.38700008392334,486612000
2022-09-12 00:00:00-04:00,14.369000434875488,14.54699993133545,14.197999954223633,14.505000114440918,484159000
2022-09-13 00:00:00-04:00,13.802000045776367,13.92199993133545,13.098999977111816,13.130999565124512,714956000
2022-09-14 00:00:00-04:00,13.253999710083008,13.289999961853027,12.913000106811523,13.128000259399414,588507000
2022-09-15 00:00:00-04:00,13.015000343322754,13.232999801635742,12.789999961853027,12.928999900817871,523625000
2022-09-16 00:00:00-04:00,12.741999626159668,13.211999893188477,12.616999626159668,13.197999954223633,670751000
2022-09-19 00:00:00-04:00,13.01200008392334,13.463000297546387,13.010000228881836,13.381999969482422,569685000
2022-09-20 00:00:00-04:00,13.21500015258789,13.482999801635742,13.057000160217285,13.175999641418457,524818000
2022-09-21 00:00:00-04:00,13.213000297546387,14.031000137329102,13.109999656677246,13.26099967956543,807679000
2022-09-22 00:00:00-04:00,13.069999694824219,13.14900016784668,12.428000450134277,12.560999870300293,759162000
2022-09-23 00:00:00-04:00,12.420000076293945,12.611000061035156,12.256999969482422,12.515999794006348,663309000
2022-09-26 00:00:00-04:00,12.491000175476074,12.659000396728516,12.21399974822998,12.227999687194824,547343000
2022-09-27 00:00:00-04:00,12.506999969482422,12.736000061035156,12.258000373840332,12.413000106811523,553854000
2022-09-28 00:00:00-04:00,12.40999984741211,12.822999954223633,12.354000091552734,12.736000061035156,542414000
2022-09-29 00:00:00-04:00,12.447999954223633,12.5,11.946000099182129,12.220000267028809,532763000
2022-09-30 00:00:00-04:00,12.086999893188477,12.633000373840332,12.074999809265137,12.138999938964844,565638000
2022-10-03 00:00:00-04:00,12.347000122070312,12.678000450134277,12.104999542236328,12.51200008392334,547478000
2022-10-04 00:00:00-04:00,12.878999710083008,13.220000267028809,12.878999710083008,13.166999816894531,584182000
2022-10-05 00:00:00-04:00,12.91100025177002,13.321000099182129,12.621000289916992,13.208999633789062,507131000
2022-10-06 00:00:00-04:00,13.220000267028809,13.656000137329102,13.102999687194824,13.130000114440918,644157000
2022-10-07 00:00:00-04:00,12.505000114440918,12.670000076293945,12.022000312805176,12.076000213623047,672478000
2022-10-10 00:00:00-04:00,12.036999702453613,12.12399959564209,11.407999992370605,11.670000076293945,698699000
2022-10-11 00:00:00-04:00,11.560999870300293,11.845999717712402,11.282999992370605,11.586000442504883,667482000
2022-10-12 00:00:00-04:00,11.579000473022461,11.734999656677246,11.345000267028809,11.5,492590000
2022-10-13 00:00:00-04:00,10.970999717712402,12.07800006866455,10.812999725341797,11.960000038146973,850103000
2022-10-14 00:00:00-04:00,12.057000160217285,12.111000061035156,11.204000473022461,11.22700023651123,713432000
2022-10-17 00:00:00-04:00,11.517999649047852,11.947999954223633,11.517000198364258,11.887999534606934,580774000
2022-10-18 00:00:00-04:00,12.343999862670898,12.491999626159668,11.618000030517578,11.967000007629395,659362000
2022-10-19 00:00:00-04:00,11.878999710083008,12.350000381469727,11.833999633789062,12.050999641418457,523131000
2022-10-20 00:00:00-04:00,12.11299991607666,12.769000053405762,12.104999542236328,12.194000244140625,652398000
2022-10-21 00:00:00-04:00,12.097999572753906,12.498000144958496,11.88700008392334,12.465999603271484,609494000
2022-10-24 00:00:00-04:00,12.508000373840332,12.710000038146973,12.064000129699707,12.598999977111816,517457000
2022-10-25 00:00:00-04:00,12.694000244140625,13.300000190734863,12.663999557495117,13.26099967956543,505482000
2022-10-26 00:00:00-04:00,12.869000434875488,13.387999534606934,12.708000183105469,12.895999908447266,532953000
2022-10-27 00:00:00-04:00,13.630000114440918,13.838000297546387,13.121999740600586,13.175999641418457,583113000
2022-10-28 00:00:00-04:00,13.104000091552734,13.850000381469727,13.060999870300293,13.833999633789062,521040000
2022-10-31 00:00:00-04:00,13.777999877929688,13.838000297546387,13.29699993133545,13.496999740600586,486341000
2022-11-01 00:00:00-04:00,13.810999870300293,13.925000190734863,13.519000053405762,13.543000221252441,432817000
2022-11-02 00:00:00-04:00,13.850000381469727,14.210000038146973,13.211000442504883,13.218999862670898,672628000
2022-11-03 00:00:00-04:00,13.043000221252441,13.781000137329102,12.956000328063965,13.420999526977539,500065000
2022-11-04 00:00:00-04:00,13.986000061035156,14.229000091552734,13.696999549865723,14.156000137329102,612576000
2022-11-07 00:00:00-05:00,14.227999687194824,14.411999702453613,13.954000473022461,14.300999641418457,410061000
2022-11-08 00:00:00-05:00,14.800999641418457,14.890999794006348,14.215999603271484,14.60200023651123,595292000
2022-11-09 00:00:00-05:00,14.161999702453613,14.211000442504883,13.758999824523926,13.776000022888184,454414000
2022-11-10 00:00:00-05:00,14.800000190734863,15.77299976348877,14.54699993133545,15.75,700819000
2022-11-11 00:00:00-05:00,15.807000160217285,16.388999938964844,15.482000350952148,16.32699966430664,655487000
2022-11-14 00:00:00-05:00,16.218000411987305,16.540000915527344,15.92199993133545,16.295000076293945,527852000
2022-11-15 00:00:00-05:00,16.722000122070312,16.99799919128418,16.381999969482422,16.666000366210938,545876000
2022-11-16 00:00:00-05:00,16.16200065612793,16.36199951171875,15.873000144958496,15.90999984741211,649547000
2022-11-17 00:00:00-05:00,15.71500015258789,16.266000747680664,15.53499984741211,15.677000045776367,710894000
2022-11-18 00:00:00-05:00,15.965999603271484,16.00200080871582,15.119999885559082,15.409000396728516,492072000
2022-11-21 00:00:00-05:00,15.147000312805176,15.47700023651123,15.079999923706055,15.317000389099121,404739000
2022-11-22 00:00:00-05:00,15.32800006866455,16.058000564575195,15.121999740600586,16.038000106811523,472866000
2022-11-23 00:00:00-05:00,16.097999572753906,16.527000427246094,16.04800033569336,16.518999099731445,427241000
2022-11-25 00:00:00-05:00,16.31800079345703,16.48699951171875,16.172000885009766,16.270000457763672,167934000
2022-11-28 00:00:00-05:00,16.025999069213867,16.35700035095215,15.725000381469727,15.82699966430664,303741000
2022-11-29 00:00:00-05:00,15.82699966430664,15.932000160217285,15.520000457763672,15.638999938964844,298384000
2022-11-30 00:00:00-05:00,15.696999549865723,16.93000030517578,15.597000122070312,16.92300033569336,565298000
2022-12-01 00:00:00-05:00,16.999000549316406,17.264999389648438,16.635000228881836,17.135000228881836,470977000
2022-12-02 00:00:00-05:00,16.659000396728516,16.933000564575195,16.44499969482422,16.875999450683594,371389000
2022-12-05 00:00:00-05:00,16.679000854492188,16.9950008392334,16.472000122070312,16.610000610351562,352255000
2022-12-06 00:00:00-05:00,16.530000686645508,16.572999954223633,15.819000244140625,15.987000465393066,352694000
2022-12-07 00:00:00-05:00,15.772000312805176,16.18600082397461,15.666999816894531,16.1200008392334,372388000
2022-12-08 00:00:00-05:00,16.273000717163086,17.179000854492188,15.958999633789062,17.16900062561035,515456000
2022-12-09 00:00:00-05:00,17.15999984741211,17.58300018310547,16.975000381469727,17.000999450683594,465338000
2022-12-12 00:00:00-05:00,17.03700065612793,17.538000106811523,16.797000885009766,17.53499984741211,457328000
2022-12-13 00:00:00-05:00,18.5310001373291,18.790000915527344,17.711000442504883,18.07200050354004,656589000
2022-12-14 00:00:00-05:00,17.98699951171875,18.25200080871582,17.420000076293945,17.673999786376953,496888000
2022-12-15 00:00:00-05:00,17.145999908447266,17.31999969482422,16.700000762939453,16.95199966430664,478542000
2022-12-16 00:00:00-05:00,16.86400032043457,17.041000366210938,16.40999984741211,16.570999145507812,478232000
2022-12-19 00:00:00-05:00,16.57200050354004,16.608999252319336,16.145000457763672,16.253999710083008,354039000
2022-12-20 00:00:00-05:00,16.06399917602539,16.309999465942383,15.85200023651123,16.084999084472656,403260000
2022-12-21 00:00:00-05:00,16.11400032043457,16.62700080871582,16.101999282836914,16.500999450683594,325025000
2022-12-22 00:00:00-05:00,16.0939998626709,16.13800048828125,14.881999969482422,15.33899974822998,565045000
2022-12-23 00:00:00-05:00,15.196000099182129,15.33899974822998,14.883000373840332,15.206000328063965,349326000
2022-12-27 00:00:00-05:00,15.074000358581543,15.100000381469727,14.055999755859375,14.121000289916992,464902000
2022-12-28 00:00:00-05:00,13.927000045776367,14.26200008392334,13.883999824523926,14.03600025177002,351066000
2022-12-29 00:00:00-05:00,14.402000427246094,14.682999610900879,14.22700023651123,14.602999687194824,354923000
2022-12-30 00:00:00-05:00,14.333999633789062,14.628999710083008,14.232999801635742,14.61400032043457,310490000
2023-01-03 00:00:00-05:00,14.85099983215332,14.996000289916992,14.095999717712402,14.3149995803833,401277000
2023-01-04 00:00:00-05:00,14.567000389099121,14.852999687194824,14.241000175476074,14.74899959564209,431324000
2023-01-05 00:00:00-05:00,14.491000175476074,14.564000129699707,14.14799976348877,14.265000343322754,389168000
2023-01-06 00:00:00-05:00,14.473999977111816,15.010000228881836,14.034000396728516,14.859000205993652,405044000
2023-01-09 00:00:00-05:00,15.284000396728516,16.055999755859375,15.140999794006348,15.628000259399414,504231000
2023-01-10 00:00:00-05:00,15.506999969482422,15.961999893188477,15.472000122070312,15.909000396728516,384101000
2023-01-11 00:00:00-05:00,15.84000015258789,16.027999877929688,15.562999725341797,16.000999450683594,353285000
2023-01-12 00:00:00-05:00,16.100000381469727,16.636999130249023,15.491999626159668,16.51099967956543,551409000
2023-01-13 00:00:00-05:00,16.277999877929688,16.922000885009766,16.165000915527344,16.89900016784668,447287000
2023-01-17 00:00:00-05:00,16.89900016784668,17.72800064086914,16.89900016784668,17.70199966430664,511102000
2023-01-18 00:00:00-05:00,17.66699981689453,17.87299919128418,17.281999588012695,17.37700080871582,439624000
2023-01-19 00:00:00-05:00,17.035999298095703,17.19700050354004,16.731000900268555,16.764999389648438,452932000
2023-01-20 00:00:00-05:00,17.01099967956543,17.856000900268555,16.825000762939453,17.839000701904297,564967000
2023-01-23 00:00:00-05:00,18.06399917602539,19.2450008392334,17.81800079345703,19.19300079345703,655163000
2023-01-24 00:00:00-05:00,18.82699966430664,19.4950008392334,18.81999969482422,19.264999389648438,496204000
2023-01-25 00:00:00-05:00,18.913000106811523,19.3700008392334,18.579999923706055,19.322999954223633,449537000
2023-01-26 00:00:00-05:00,19.701000213623047,20.166000366210938,19.277999877929688,19.802000045776367,489535000
2023-01-27 00:00:00-05:00,19.461999893188477,20.628000259399414,19.405000686645508,20.364999771118164,542142000
2023-01-30 00:00:00-05:00,19.950000762939453,20.139999389648438,19.149999618530273,19.16200065612793,488611000
2023-01-31 00:00:00-05:00,19.170000076293945,19.687000274658203,18.950000762939453,19.53700065612793,498017000
2023-02-01 00:00:00-05:00,19.69099998474121,21.191999435424805,19.611000061035156,20.94300079345703,660477000
2023-02-02 00:00:00-05:00,21.0,21.948999404907227,20.700000762939453,21.708999633789062,564276000
2023-02-03 00:00:00-05:00,21.0,21.7450008392334,20.788999557495117,21.100000381469727,429366000
2023-02-06 00:00:00-05:00,20.805999755859375,21.56999969482422,20.785999298095703,21.089000701904297,452197000
2023-02-07 00:00:00-05:00,21.381999969482422,22.259000778198242,21.149999618530273,22.17300033569336,664150000
2023-02-08 00:00:00-05:00,22.386999130249023,22.878000259399414,22.007999420166016,22.204999923706055,559651000
2023-02-09 00:00:00-05:00,22.606000900268555,23.020000457763672,22.1200008392334,22.336999893188477,523876000
2023-02-10 00:00:00-05:00,21.690000534057617,22.077999114990234,20.81100082397461,21.264999389648438,550737000
2023-02-13 00:00:00-05:00,21.538000106811523,22.04800033569336,20.961999893188477,21.788000106811523,474919000
2023-02-14 00:00:00-05:00,21.577999114990234,23.048999786376953,21.365999221801758,22.97100067138672,675474000
2023-02-15 00:00:00-05:00,22.548999786376953,22.854999542236328,22.106000900268555,22.763999938964844,420575000
2023-02-16 00:00:00-05:00,22.132999420166016,22.549999237060547,21.927000045776367,22.00200080871582,412026000
2023-02-17 00:00:00-05:00,21.631000518798828,21.739999771118164,20.975000381469727,21.38800048828125,465888000
2023-02-21 00:00:00-05:00,21.0,21.493999481201172,20.618000030517578,20.655000686645508,410015000
2023-02-22 00:00:00-05:00,20.707000732421875,21.104000091552734,20.42099952697754,20.753999710083008,513184000
2023-02-23 00:00:00-05:00,23.440000534057617,23.88800048828125,23.024999618530273,23.663999557495117,1117995000
2023-02-24 00:00:00-05:00,23.225000381469727,23.474000930786133,22.94700050354004,23.285999298095703,589716000
2023-02-27 00:00:00-05:00,23.670000076293945,23.8799991607666,23.45400047302246,23.500999450683594,452994000
2023-02-28 00:00:00-05:00,23.371999740600586,23.825000762939453,23.20599937438965,23.215999603271484,455963000
2023-03-01 00:00:00-05:00,23.191999435424805,23.256000518798828,22.507999420166016,22.697999954223633,460026000
2023-03-02 00:00:00-05:00,22.488000869750977,23.3799991607666,22.43199920654297,23.31399917602539,389415000
2023-03-03 00:00:00-05:00,23.31999969482422,23.899999618530273,23.1299991607666,23.889999389648438,412393000
2023-03-06 00:00:00-05:00,23.891000747680664,24.24799919128418,23.48699951171875,23.554000854492188,437429000
2023-03-07 00:00:00-05:00,23.600000381469727,24.125,23.240999221801758,23.288000106811523,515154000
2023-03-08 00:00:00-05:00,23.48699951171875,24.200000762939453,23.423999786376953,24.180999755859375,513573000
2023-03-09 00:00:00-05:00,24.174999237060547,24.45400047302246,23.382999420166016,23.43600082397461,501257000
2023-03-10 00:00:00-05:00,23.409000396728516,23.62700080871582,22.72599983215332,22.96500015258789,474866000
2023-03-13 00:00:00-04:00,22.75200080871582,23.29800033569336,22.297000885009766,22.965999603271484,421890000
2023-03-14 00:00:00-04:00,23.496000289916992,24.2189998626709,23.459999084472656,24.062999725341797,474910000
2023-03-15 00:00:00-04:00,23.76099967956543,24.285999298095703,23.360000610351562,24.22800064086914,524486000
2023-03-16 00:00:00-04:00,24.027000427246094,25.58799934387207,23.893999099731445,25.541000366210938,583253000
2023-03-17 00:00:00-04:00,25.98200035095215,26.39900016784668,25.667999267578125,25.725000381469727,848547000
2023-03-20 00:00:00-04:00,25.614999771118164,26.02400016784668,25.1299991607666,25.899999618530273,432747000
2023-03-21 00:00:00-04:00,26.18000030517578,26.392000198364258,25.381000518798828,26.198999404907227,547408000
2023-03-22 00:00:00-04:00,26.424999237060547,27.589000701904297,26.23699951171875,26.468000411987305,797295000
2023-03-23 00:00:00-04:00,27.114999771118164,27.499000549316406,26.690000534057617,27.19099998474121,564889000
2023-03-24 00:00:00-04:00,27.0310001373291,27.16699981689453,26.354999542236328,26.77899932861328,454920000
2023-03-27 00:00:00-04:00,26.836999893188477,27.0,26.364999771118164,26.5310001373291,361026000
2023-03-28 00:00:00-04:00,26.44700050354004,26.51300048828125,25.850000381469727,26.40999984741211,356104000
2023-03-29 00:00:00-04:00,26.825000762939453,27.077999114990234,26.597000122070312,26.983999252319336,393694000
2023-03-30 00:00:00-04:00,27.229000091552734,27.499000549316406,27.101999282836914,27.382999420166016,364516000
2023-03-31 00:00:00-04:00,27.139999389648438,27.833999633789062,27.104999542236328,27.777000427246094,433933000
2023-04-03 00:00:00-04:00,27.509000778198242,28.0,27.336000442504883,27.96500015258789,398716000
2023-04-04 00:00:00-04:00,27.965999603271484,28.0,27.30699920654297,27.452999114990234,368592000
2023-04-05 00:00:00-04:00,26.82900047302246,26.99799919128418,26.395000457763672,26.881000518798828,515015000
2023-04-06 00:00:00-04:00,26.583999633789062,27.079999923706055,26.427000045776367,27.03700065612793,397654000
2023-04-10 00:00:00-04:00,26.822999954223633,27.621000289916992,26.66900062561035,27.57900047302246,395279000
2023-04-11 00:00:00-04:00,27.724000930786133,27.790000915527344,27.125999450683594,27.16900062561035,314378000
2023-04-12 00:00:00-04:00,27.3700008392334,27.468000411987305,26.447999954223633,26.4950008392334,446259000
2023-04-13 00:00:00-04:00,26.733999252319336,26.886999130249023,26.32900047302246,26.46299934387207,353615000
2023-04-14 00:00:00-04:00,26.503999710083008,26.882999420166016,26.219999313354492,26.757999420166016,395660000
2023-04-17 00:00:00-04:00,26.565000534057617,27.006000518798828,26.433000564575195,27.00200080871582,321471000
2023-04-18 00:00:00-04:00,27.533000946044922,28.110000610351562,27.35700035095215,27.66699981689453,604812000
2023-04-19 00:00:00-04:00,27.361000061035156,28.0,27.23200035095215,27.930999755859375,358660000
2023-04-20 00:00:00-04:00,27.67099952697754,28.030000686645508,27.0,27.104000091552734,427713000
2023-04-21 00:00:00-04:00,26.95199966430664,27.183000564575195,26.722000122070312,27.118999481201172,345103000
2023-04-24 00:00:00-04:00,27.01300048828125,27.365999221801758,26.67099952697754,27.04199981689453,339282000
2023-04-25 00:00:00-04:00,27.077999114990234,27.246999740600586,26.225000381469727,26.240999221801758,378527000
2023-04-26 00:00:00-04:00,27.00200080871582,27.329999923706055,26.704999923706055,26.95599937438965,406337000
2023-04-27 00:00:00-04:00,27.363000869750977,27.4950008392334,26.625,27.22599983215332,377161000
2023-04-28 00:00:00-04:00,27.225000381469727,27.757999420166016,27.070999145507812,27.749000549316406,292216000
2023-05-01 00:00:00-04:00,27.84000015258789,29.058000564575195,27.780000686645508,28.90999984741211,570329000
2023-05-02 00:00:00-04:00,28.68000030517578,28.836000442504883,28.08300018310547,28.209999084472656,402730000
2023-05-03 00:00:00-04:00,27.84000015258789,28.367000579833984,27.472000122070312,27.802000045776367,383387000
2023-05-04 00:00:00-04:00,27.650999069213867,27.858999252319336,27.239999771118164,27.562000274658203,321850000
2023-05-05 00:00:00-04:00,27.826000213623047,28.7549991607666,27.731000900268555,28.68000030517578,361494000
2023-05-08 00:00:00-04:00,28.52199935913086,29.219999313354492,28.350000381469727,29.150999069213867,344979000
2023-05-09 00:00:00-04:00,28.89900016784668,28.972999572753906,28.450000762939453,28.570999145507812,314869000
2023-05-10 00:00:00-04:00,29.0049991607666,29.113000869750977,28.461000442504883,28.885000228881836,369350000
2023-05-11 00:00:00-04:00,28.895999908447266,28.950000762939453,28.246000289916992,28.577999114990234,322149000
2023-05-12 00:00:00-04:00,28.52899932861328,28.780000686645508,28.04599952697754,28.34000015258789,274222000
2023-05-15 00:00:00-04:00,28.507999420166016,28.9689998626709,28.152000427246094,28.952999114990234,293926000
2023-05-16 00:00:00-04:00,28.840999603271484,29.8700008392334,28.832000732421875,29.21299934387207,449405000
2023-05-17 00:00:00-04:00,29.583999633789062,30.198999404907227,29.43000030517578,30.17799949645996,432535000
2023-05-18 00:00:00-04:00,30.40999984741211,31.827999114990234,30.31999969482422,31.67799949645996,748725000
2023-05-19 00:00:00-04:00,31.535999298095703,31.579999923706055,30.916000366210938,31.263999938964844,473908000
2023-05-22 00:00:00-04:00,30.900999069213867,31.520000457763672,30.68000030517578,31.176000595092773,372000000
2023-05-23 00:00:00-04:00,31.0,31.288000106811523,30.631000518798828,30.687999725341797,356253000
2023-05-24 00:00:00-04:00,30.209999084472656,30.60700035095215,29.805999755859375,30.538000106811523,721419000
2023-05-25 00:00:00-04:00,38.52299880981445,39.47999954223633,36.6349983215332,37.97999954223633,1543911000
2023-05-26 00:00:00-04:00,37.88999938964844,39.16999816894531,37.54999923706055,38.94599914550781,714397000
2023-05-30 00:00:00-04:00,40.595001220703125,41.9379997253418,39.94900131225586,40.111000061035156,923401000
2023-05-31 00:00:00-04:00,39.487998962402344,40.29499816894531,37.821998596191406,37.83399963378906,1002580000
2023-06-01 00:00:00-04:00,38.48899841308594,40.04999923706055,38.34000015258789,39.77000045776367,635873000
2023-06-02 00:00:00-04:00,40.09700012207031,40.5,39.05799865722656,39.32699966430664,482731000
2023-06-05 00:00:00-04:00,38.909000396728516,39.564998626708984,38.707000732421875,39.17100143432617,396094000
2023-06-06 00:00:00-04:00,38.83000183105469,39.15999984741211,38.14799880981445,38.65399932861328,388729000
2023-06-07 00:00:00-04:00,38.915000915527344,39.499000549316406,37.35599899291992,37.474998474121094,511998000
2023-06-08 00:00:00-04:00,37.7239990234375,38.86399841308594,37.505001068115234,38.5099983215332,417772000
2023-06-09 00:00:00-04:00,39.0369987487793,39.71099853515625,38.56700134277344,38.77000045776367,427717000
2023-06-12 00:00:00-04:00,39.20000076293945,39.529998779296875,38.61800003051758,39.481998443603516,388701000
2023-06-13 00:00:00-04:00,40.18600082397461,41.10100173950195,39.7400016784668,41.02199935913086,613208000
2023-06-14 00:00:00-04:00,40.82400131225586,43.0,40.551998138427734,42.99700164794922,740465000
2023-06-15 00:00:00-04:00,42.60200119018555,43.28900146484375,42.14699935913086,42.65299987792969,568622000
2023-06-16 00:00:00-04:00,43.45000076293945,43.72100067138672,42.6609992980957,42.69200134277344,655709000
2023-06-20 00:00:00-04:00,42.99800109863281,43.9900016784668,42.67399978637695,43.80799865722656,451153000
2023-06-21 00:00:00-04:00,43.500999450683594,43.6150016784668,42.08000183105469,43.04499816894531,551603000
2023-06-22 00:00:00-04:00,42.25299835205078,43.42599868774414,42.23400115966797,43.025001525878906,417737000
2023-06-23 00:00:00-04:00,42.4640007019043,42.808998107910156,42.01499938964844,42.20899963378906,358140000
2023-06-26 00:00:00-04:00,42.46099853515625,42.763999938964844,40.099998474121094,40.63199996948242,594322000
2023-06-27 00:00:00-04:00,40.79899978637695,41.939998626708984,40.448001861572266,41.875999450683594,462175000
2023-06-28 00:00:00-04:00,40.65999984741211,41.845001220703125,40.518001556396484,41.117000579833984,582639000
2023-06-29 00:00:00-04:00,41.55799865722656,41.599998474121094,40.599998474121094,40.821998596191406,380514000
2023-06-30 00:00:00-04:00,41.68000030517578,42.54999923706055,41.500999450683594,42.301998138427734,501148000
2023-07-03 00:00:00-04:00,42.516998291015625,42.89799880981445,42.20199966430664,42.41299819946289,198209000
2023-07-05 00:00:00-04:00,42.1349983215332,43.176998138427734,42.084999084472656,42.31700134277344,323618000
2023-07-06 00:00:00-04:00,41.84400177001953,42.17900085449219,41.34600067138672,42.10300064086914,303582000
2023-07-07 00:00:00-04:00,42.321998596191406,43.2140007019043,42.18000030517578,42.50299835205078,355881000
2023-07-10 00:00:00-04:00,42.65700149536133,42.81100082397461,41.64899826049805,42.18000030517578,353908000
2023-07-11 00:00:00-04:00,42.48099899291992,42.757999420166016,42.06700134277344,42.404998779296875,298244000
2023-07-12 00:00:00-04:00,43.03300094604492,43.935001373291016,42.777000427246094,43.902000427246094,481277000
2023-07-13 00:00:00-04:00,44.518001556396484,46.154998779296875,44.492000579833984,45.97700119018555,478204000
2023-07-14 00:00:00-04:00,46.58300018310547,48.0880012512207,45.060001373291016,45.46900177001953,772075000
2023-07-17 00:00:00-04:00,46.28900146484375,46.49599838256836,45.262001037597656,46.46099853515625,510488000
2023-07-18 00:00:00-04:00,46.70100021362305,47.895999908447266,45.73400115966797,47.49399948120117,569164000
2023-07-19 00:00:00-04:00,47.4640007019043,47.81800079345703,46.742000579833984,47.07699966430664,427502000
2023-07-20 00:00:00-04:00,46.50699996948242,47.08700180053711,45.0620002746582,45.52000045776367,537865000
2023-07-21 00:00:00-04:00,45.78799819946289,45.86600112915039,44.099998474121094,44.308998107910156,963769000
2023-07-24 00:00:00-04:00,44.73099899291992,45.10900115966797,44.040000915527344,44.61199951171875,382516000
2023-07-25 00:00:00-04:00,44.941001892089844,46.18299865722656,44.92300033569336,45.67900085449219,348081000
2023-07-26 00:00:00-04:00,46.020999908447266,46.053001403808594,44.630001068115234,45.45199966430664,364237000
2023-07-27 00:00:00-04:00,46.51900100708008,47.39500045776367,45.75,45.900001525878906,455976000
2023-07-28 00:00:00-04:00,46.667999267578125,47.027000427246094,46.38100051879883,46.75,331194000
2023-07-31 00:00:00-04:00,46.75400161743164,47.130001068115234,46.50600051879883,46.729000091552734,251055000
2023-08-01 00:00:00-04:00,46.459999084472656,46.900001525878906,46.027000427246094,46.50699996948242,237858000
2023-08-02 00:00:00-04:00,45.83100128173828,45.84000015258789,43.387001037597656,44.26900100708008,530142000
2023-08-03 00:00:00-04:00,43.79999923706055,45.11800003051758,43.79999923706055,44.51499938964844,324176000
2023-08-04 00:00:00-04:00,44.98500061035156,45.641998291015625,44.393001556396484,44.68000030517578,362666000
2023-08-07 00:00:00-04:00,45.111000061035156,45.540000915527344,44.5629997253418,45.41699981689453,322154000
2023-08-08 00:00:00-04:00,44.85300064086914,45.242000579833984,44.055999755859375,44.66400146484375,353843000
2023-08-09 00:00:00-04:00,44.27399826049805,44.3120002746582,42.13399887084961,42.55400085449219,586449000
2023-08-10 00:00:00-04:00,42.15999984741211,43.57400131225586,41.834999084472656,42.38800048828125,492705000
2023-08-11 00:00:00-04:00,41.750999450683594,42.018001556396484,40.638999938964844,40.85499954223633,533085000
2023-08-14 00:00:00-04:00,40.486000061035156,43.79999923706055,40.31100082397461,43.75299835205078,690286000
2023-08-15 00:00:00-04:00,44.560001373291016,45.268001556396484,43.709999084472656,43.939998626708984,676512000
2023-08-16 00:00:00-04:00,44.52000045776367,44.67499923706055,43.40599822998047,43.486000061035156,527451000
2023-08-17 00:00:00-04:00,43.970001220703125,44.0620002746582,43.000999450683594,43.34400177001953,452395000
2023-08-18 00:00:00-04:00,42.6349983215332,43.577999114990234,41.65999984741211,43.29899978637695,583768000
2023-08-21 00:00:00-04:00,44.49399948120117,47.064998626708984,44.22200012207031,46.96699905395508,692573000
2023-08-22 00:00:00-04:00,48.1349983215332,48.1870002746582,45.33300018310547,45.667999267578125,755293000
2023-08-23 00:00:00-04:00,45.86600112915039,47.20000076293945,45.20800018310547,47.11600112915039,779046000
2023-08-24 00:00:00-04:00,50.215999603271484,50.26599884033203,47.159000396728516,47.16299819946289,1156044000
2023-08-25 00:00:00-04:00,47.012001037597656,47.80500030517578,45.02399826049805,46.018001556396484,925341000
2023-08-28 00:00:00-04:00,46.481998443603516,46.97999954223633,44.88800048828125,46.834999084472656,685192000
2023-08-29 00:00:00-04:00,46.66600036621094,49.08100128173828,46.39099884033203,48.784000396728516,701397000
2023-08-30 00:00:00-04:00,49.04399871826172,49.926998138427734,48.42499923706055,49.263999938964844,735206000
2023-08-31 00:00:00-04:00,49.380001068115234,49.74399948120117,48.95800018310547,49.35499954223633,528570000
2023-09-01 00:00:00-04:00,49.762001037597656,49.79999923706055,48.141998291015625,48.50899887084961,463830000
2023-09-05 00:00:00-04:00,48.222999572753906,48.85100173950195,47.86000061035156,48.54800033569336,382653000
2023-09-06 00:00:00-04:00,48.441001892089844,48.54899978637695,46.58000183105469,47.06100082397461,468670000
2023-09-07 00:00:00-04:00,45.525001525878906,46.34400177001953,45.152000427246094,46.24100112915039,433330000
2023-09-08 00:00:00-04:00,45.94200134277344,46.60599899291992,45.270999908447266,45.571998596191406,473069000
2023-09-11 00:00:00-04:00,46.14799880981445,46.16299819946289,44.3120002746582,45.178001403808594,473966000
2023-09-12 00:00:00-04:00,44.737998962402344,45.67300033569336,44.53099822998047,44.869998931884766,349256000
2023-09-13 00:00:00-04:00,44.599998474121094,45.93000030517578,44.50299835205078,45.48500061035156,398355000
2023-09-14 00:00:00-04:00,45.95000076293945,45.98699951171875,45.13100051879883,45.58100128173828,370097000
2023-09-15 00:00:00-04:00,45.340999603271484,45.5989990234375,43.80799865722656,43.900001525878906,506831000
2023-09-18 00:00:00-04:00,42.74800109863281,44.242000579833984,42.0,43.965999603271484,500271000
2023-09-19 00:00:00-04:00,43.83300018310547,43.965999603271484,43.00199890136719,43.52000045776367,373064000
2023-09-20 00:00:00-04:00,43.599998474121094,43.90299987792969,42.222999572753906,42.23899841308594,367108000
2023-09-21 00:00:00-04:00,41.58300018310547,42.099998474121094,40.97999954223633,41.016998291015625,450736000
2023-09-22 00:00:00-04:00,41.571998596191406,42.1150016784668,41.23099899291992,41.61000061035156,479236000
2023-09-25 00:00:00-04:00,41.590999603271484,42.5359992980957,41.176998138427734,42.22200012207031,419091000
2023-09-26 00:00:00-04:00,42.000999450683594,42.81999969482422,41.654998779296875,41.9109992980957,402282000
2023-09-27 00:00:00-04:00,42.33000183105469,42.87200164794922,41.62900161743164,42.46799850463867,444935000
2023-09-28 00:00:00-04:00,42.459999084472656,43.44599914550781,42.1150016784668,43.0890007019043,424663000
2023-09-29 00:00:00-04:00,43.82699966430664,44.14400100708008,43.30699920654297,43.499000549316406,397830000
2023-10-02 00:00:00-04:00,44.029998779296875,45.17499923706055,43.861000061035156,44.78200149536133,433298000
2023-10-03 00:00:00-04:00,44.80799865722656,45.130001068115234,43.24599838256836,43.516998291015625,470850000
2023-10-04 00:00:00-04:00,43.742000579833984,44.143001556396484,43.29199981689453,44.04100036621094,361821000
2023-10-05 00:00:00-04:00,44.04999923706055,44.900001525878906,43.88800048828125,44.6879997253418,393483000
2023-10-06 00:00:00-04:00,44.19300079345703,45.78900146484375,44.0260009765625,45.762001037597656,434436000
2023-10-09 00:00:00-04:00,44.84199905395508,45.60499954223633,44.36800003051758,45.27299880981445,409675000
2023-10-10 00:00:00-04:00,45.310001373291016,46.25899887084961,45.0880012512207,45.79800033569336,368582000
2023-10-11 00:00:00-04:00,46.19599914550781,46.85900115966797,46.04999923706055,46.805999755859375,378137000
2023-10-12 00:00:00-04:00,46.777000427246094,47.60900115966797,46.33000183105469,46.94499969482422,481325000
2023-10-13 00:00:00-04:00,46.959999084472656,47.11600112915039,45.279998779296875,45.46099853515625,474115000
2023-10-16 00:00:00-04:00,45.0629997253418,46.224998474121094,44.9119987487793,46.095001220703125,375099000
2023-10-17 00:00:00-04:00,44.0,44.75400161743164,42.47999954223633,43.9379997253418,812333000
2023-10-18 00:00:00-04:00,42.590999603271484,43.21900177001953,41.82500076293945,42.19599914550781,627294000
2023-10-19 00:00:00-04:00,42.81100082397461,43.297000885009766,41.88199996948242,42.10100173950195,501233000
2023-10-20 00:00:00-04:00,41.88999938964844,42.470001220703125,41.077999114990234,41.387001037597656,477266000
2023-10-23 00:00:00-04:00,41.229000091552734,43.24800109863281,40.94499969482422,42.974998474121094,478530000
2023-10-24 00:00:00-04:00,43.07699966430664,43.696998596191406,42.691001892089844,43.66299819946289,401463000
2023-10-25 00:00:00-04:00,43.39799880981445,43.650001525878906,41.55500030517578,41.77899932861328,398379000
2023-10-26 00:00:00-04:00,41.85300064086914,42.25600051879883,39.880001068115234,40.32600021362305,541001000
2023-10-27 00:00:00-04:00,41.130001068115234,41.20600128173828,40.01499938964844,40.5,416784000
2023-10-30 00:00:00-04:00,41.08700180053711,41.76599884033203,40.48099899291992,41.1609992980957,388028000
2023-10-31 00:00:00-04:00,40.45000076293945,40.87900161743164,39.22999954223633,40.779998779296875,517969000
2023-11-01 00:00:00-04:00,40.88399887084961,42.38100051879883,40.86899948120117,42.32500076293945,437593000
2023-11-02 00:00:00-04:00,43.327999114990234,43.88399887084961,42.89400100708008,43.50600051879883,409172000
2023-11-03 00:00:00-04:00,44.02000045776367,45.308998107910156,43.722999572753906,45.005001068115234,424610000
2023-11-06 00:00:00-05:00,45.28499984741211,45.935001373291016,44.89899826049805,45.750999450683594,400733000
2023-11-07 00:00:00-05:00,45.71900177001953,46.21799850463867,45.15800094604492,45.95500183105469,343165000
2023-11-08 00:00:00-05:00,46.099998474121094,46.867000579833984,45.96799850463867,46.57400131225586,346719000
2023-11-09 00:00:00-05:00,47.46699905395508,48.22999954223633,46.75,46.95000076293945,540496000
2023-11-10 00:00:00-05:00,47.5,48.47200012207031,47.28300094604492,48.334999084472656,421245000
2023-11-13 00:00:00-05:00,48.31999969482422,49.11600112915039,48.0989990234375,48.619998931884766,384136000
2023-11-14 00:00:00-05:00,49.68000030517578,49.83399963378906,49.040000915527344,49.65599822998047,416954000
2023-11-15 00:00:00-05:00,49.935001373291016,49.959999084472656,48.20000076293945,48.88800048828125,475497000
2023-11-16 00:00:00-05:00,48.67900085449219,49.525001525878906,48.33000183105469,49.47999954223633,339756000
2023-11-17 00:00:00-05:00,49.52399826049805,49.71699905395508,49.00699996948242,49.29800033569336,325205000
2023-11-20 00:00:00-05:00,49.3120002746582,50.54800033569336,49.180999755859375,50.409000396728516,414120000
2023-11-21 00:00:00-05:00,50.125999450683594,50.516998291015625,49.22200012207031,49.944000244140625,565747000
2023-11-22 00:00:00-05:00,49.85200119018555,50.334999084472656,47.689998626708984,48.715999603271484,899420000
2023-11-24 00:00:00-05:00,48.470001220703125,48.92100143432617,47.744998931884766,47.7760009765625,294645000
2023-11-27 00:00:00-05:00,47.79999923706055,48.529998779296875,47.652000427246094,48.242000579833984,395662000
2023-11-28 00:00:00-05:00,48.236000061035156,48.323001861572266,47.472999572753906,47.82099914550781,401491000
2023-11-29 00:00:00-05:00,48.37900161743164,48.762001037597656,47.86000061035156,48.13999938964844,382005000
2023-11-30 00:00:00-05:00,48.02399826049805,48.11000061035156,46.422000885009766,46.77000045776367,526247000
2023-12-01 00:00:00-05:00,46.525001525878906,47.20000076293945,46.1870002746582,46.76499938964844,369317000
2023-12-04 00:00:00-05:00,46.07699966430664,46.07699966430664,45.0099983215332,45.5099983215332,437543000
2023-12-05 00:00:00-05:00,45.465999603271484,46.599998474121094,45.270999908447266,46.566001892089844,371718000
2023-12-06 00:00:00-05:00,47.21500015258789,47.387001037597656,45.4119987487793,45.50299835205078,380590000
2023-12-07 00:00:00-05:00,45.70000076293945,46.62900161743164,45.604000091552734,46.59600067138672,350823000
2023-12-08 00:00:00-05:00,46.595001220703125,47.74100112915039,46.54999923706055,47.50600051879883,359224000
2023-12-11 00:00:00-05:00,47.49100112915039,47.53099822998047,45.83000183105469,46.62699890136719,509728000
2023-12-12 00:00:00-05:00,46.04600143432617,47.66600036621094,46.04600143432617,47.65700149536133,372387000
2023-12-13 00:00:00-05:00,47.62900161743164,48.59400177001953,47.608001708984375,48.0880012512207,447792000
2023-12-14 00:00:00-05:00,48.38999938964844,48.66999816894531,47.422000885009766,48.349998474121094,391232000
2023-12-15 00:00:00-05:00,48.194000244140625,49.40399932861328,48.119998931884766,48.88999938964844,479948000
2023-12-18 00:00:00-05:00,49.400001525878906,50.43299865722656,49.150001525878906,50.07699966430664,412587000
2023-12-19 00:00:00-05:00,49.42399978637695,49.70000076293945,48.89500045776367,49.604000091552734,464444000
2023-12-20 00:00:00-05:00,49.654998779296875,49.999000549316406,48.097999572753906,48.111000061035156,397894000
2023-12-21 00:00:00-05:00,48.81100082397461,49.095001220703125,48.41899871826172,48.9900016784668,300425000
2023-12-22 00:00:00-05:00,49.19499969482422,49.382999420166016,48.46699905395508,48.83000183105469,252507000
2023-12-26 00:00:00-05:00,48.96799850463867,49.599998474121094,48.959999084472656,49.27899932861328,244200000
2023-12-27 00:00:00-05:00,49.51100158691406,49.68000030517578,49.084999084472656,49.41699981689453,233648000
2023-12-28 00:00:00-05:00,49.643001556396484,49.88399887084961,49.4119987487793,49.52199935913086,246587000
2023-12-29 00:00:00-05:00,49.8129997253418,49.99700164794922,48.750999450683594,49.52199935913086,389293000
2024-01-02 00:00:00-05:00,49.24399948120117,49.29499816894531,47.595001220703125,48.167999267578125,411254000
2024-01-03 00:00:00-05:00,47.48500061035156,48.183998107910156,47.31999969482422,47.569000244140625,320896000
2024-01-04 00:00:00-05:00,47.766998291015625,48.5,47.507999420166016,47.99800109863281,306535000
2024-01-05 00:00:00-05:00,48.46200180053711,49.547000885009766,48.305999755859375,49.09700012207031,415039000
2024-01-08 00:00:00-05:00,49.512001037597656,52.275001525878906,49.479000091552734,52.25299835205078,642510000
2024-01-09 00:00:00-05:00,52.4010009765625,54.32500076293945,51.689998626708984,53.13999938964844,773100000
2024-01-10 00:00:00-05:00,53.61600112915039,54.599998474121094,53.48899841308594,54.349998474121094,533796000
2024-01-11 00:00:00-05:00,54.999000549316406,55.34600067138672,53.560001373291016,54.821998596191406,596759000
2024-01-12 00:00:00-05:00,54.619998931884766,54.970001220703125,54.33000183105469,54.709999084472656,352994000
2024-01-16 00:00:00-05:00,55.018001556396484,56.834999084472656,54.900001525878906,56.38199996948242,449580000
2024-01-17 00:00:00-05:00,56.34700012207031,56.47100067138672,54.7400016784668,56.053001403808594,474394000
2024-01-18 00:00:00-05:00,57.2599983215332,57.599998474121094,56.106998443603516,57.106998443603516,491650000
2024-01-19 00:00:00-05:00,57.98899841308594,59.5,57.224998474121094,59.49100112915039,543501000
2024-01-22 00:00:00-05:00,60.04899978637695,60.33100128173828,59.06999969482422,59.65399932861328,452955000
2024-01-23 00:00:00-05:00,59.56999969482422,59.90999984741211,58.584999084472656,59.87300109863281,294654000
2024-01-24 00:00:00-05:00,60.30400085449219,62.8489990234375,59.9379997253418,61.36199951171875,560271000
2024-01-25 00:00:00-05:00,62.349998474121094,62.71900177001953,60.849998474121094,61.617000579833984,482777000
2024-01-26 00:00:00-05:00,60.959999084472656,61.78300094604492,60.573001861572266,61.03099822998047,390309000
2024-01-29 00:00:00-05:00,61.231998443603516,62.48899841308594,60.90700149536133,62.46500015258789,348733000
2024-01-30 00:00:00-05:00,62.900001525878906,63.49300003051758,62.2599983215332,62.77399826049805,410735000
2024-01-31 00:00:00-05:00,61.439998626708984,62.26900100708008,60.70000076293945,61.527000427246094,453795000
2024-02-01 00:00:00-05:00,62.099998474121094,63.191001892089844,61.650001525878906,63.027000427246094,369146000
2024-02-02 00:00:00-05:00,63.9739990234375,66.5999984741211,63.689998626708984,66.16000366210938,476578000
2024-02-05 00:00:00-05:00,68.2249984741211,69.49700164794922,67.20500183105469,69.33200073242188,680078000
2024-02-06 00:00:00-05:00,69.62999725341797,69.75399780273438,66.30000305175781,68.2229995727539,683111000
2024-02-07 00:00:00-05:00,68.31900024414062,70.22000122070312,67.5999984741211,70.0989990234375,495575000
2024-02-08 00:00:00-05:00,70.0739974975586,70.79399871826172,69.45500183105469,69.64099884033203,414422000
2024-02-09 00:00:00-05:00,70.53299713134766,72.18499755859375,70.21199798583984,72.13300323486328,436637000
2024-02-12 00:00:00-05:00,72.5999984741211,74.61100006103516,71.25,72.24800109863281,613710000
2024-02-13 00:00:00-05:00,70.4000015258789,73.44999694824219,69.62000274658203,72.12799835205078,602580000
2024-02-14 00:00:00-05:00,73.2020034790039,74.23600006103516,71.93800354003906,73.9000015258789,504917000
2024-02-15 00:00:00-05:00,73.86900329589844,73.9749984741211,72.4000015258789,72.65799713134766,420122000
2024-02-16 00:00:00-05:00,74.0999984741211,74.4020004272461,72.5009994506836,72.61299896240234,495327000
2024-02-20 00:00:00-05:00,71.9469985961914,71.95600128173828,67.73400115966797,69.4520034790039,704833000
2024-02-21 00:00:00-05:00,68.00599670410156,68.88800048828125,66.24800109863281,67.47200012207031,690298000
2024-02-22 00:00:00-05:00,75.0250015258789,78.57499694824219,74.22000122070312,78.53800201416016,865100000
2024-02-23 00:00:00-05:00,80.79000091552734,82.39399719238281,77.56999969482422,78.81700134277344,829388000
2024-02-26 00:00:00-05:00,79.69999694824219,80.64600372314453,78.50499725341797,79.09200286865234,503973000
2024-02-27 00:00:00-05:00,79.38099670410156,79.4800033569336,77.16200256347656,78.70099639892578,391705000
2024-02-28 00:00:00-05:00,77.62000274658203,78.93299865722656,77.125,77.66300201416016,393110000
2024-02-29 00:00:00-05:00,79.09400177001953,79.98999786376953,78.3499984741211,79.11199951171875,507289000
2024-03-01 00:00:00-05:00,80.0,82.30000305175781,79.43499755859375,82.27899932861328,479135000
2024-03-04 00:00:00-05:00,84.12999725341797,87.69499969482422,83.71900177001953,85.23699951171875,615616000
2024-03-05 00:00:00-05:00,85.2699966430664,86.09700012207031,83.41699981689453,85.96399688720703,520639000
2024-03-06 00:00:00-05:00,88.02200317382812,89.7239990234375,87.02999877929688,88.69999694824219,582520000
2024-03-07 00:00:00-05:00,90.15799713134766,92.76699829101562,89.60199737548828,92.66899871826172,608119000
2024-03-08 00:00:00-05:00,95.13800048828125,97.4000015258789,86.50599670410156,87.52799987792969,1142269000
2024-03-11 00:00:00-04:00,86.42900085449219,88.7969970703125,84.16600036621094,85.77400207519531,678364000
2024-03-12 00:00:00-04:00,88.04900360107422,91.95999908447266,86.1500015258789,91.91300201416016,668075000
2024-03-13 00:00:00-04:00,91.05500030517578,91.50399780273438,88.43499755859375,90.88800048828125,635713000
2024-03-14 00:00:00-04:00,89.5770034790039,90.64600372314453,86.5999984741211,87.94400024414062,602318000
2024-03-15 00:00:00-04:00,86.93000030517578,89.5459976196289,86.25700378417969,87.83699798583984,642086000
2024-03-18 00:00:00-04:00,90.38800048828125,92.40499877929688,87.08499908447266,88.45500183105469,668976000
2024-03-19 00:00:00-04:00,86.69999694824219,90.54399871826172,85.01000213623047,89.39800262451172,672171000
2024-03-20 00:00:00-04:00,89.7969970703125,90.41000366210938,88.2229995727539,90.37200164794922,479063000
2024-03-21 00:00:00-04:00,92.30000305175781,92.64800262451172,90.40499877929688,91.43499755859375,480372000
2024-03-22 00:00:00-04:00,91.14099884033203,94.77799987792969,90.83399963378906,94.28900146484375,586719000
2024-03-25 00:00:00-04:00,93.94100189208984,96.76599884033203,93.51000213623047,95.00199890136719,552136000
2024-03-26 00:00:00-04:00,95.85099792480469,96.375,92.50199890136719,92.56099700927734,513648000
2024-03-27 00:00:00-04:00,93.11199951171875,93.23999786376953,89.12300109863281,90.25,586067000
2024-03-28 00:00:00-04:00,90.0,91.30000305175781,89.19300079345703,90.35600280761719,435212000
2024-04-01 00:00:00-04:00,90.29900360107422,92.2249984741211,89.2040023803711,90.36299896240234,452441000
2024-04-02 00:00:00-04:00,88.447998046875,90.09400177001953,87.62000274658203,89.4520034790039,433064000
2024-04-03 00:00:00-04:00,88.48400115966797,90.3740005493164,88.4000015258789,88.96399688720703,370067000
2024-04-04 00:00:00-04:00,90.40599822998047,90.63400268554688,85.87999725341797,85.90499877929688,434965000
2024-04-05 00:00:00-04:00,86.86599731445312,88.48100280761719,85.9260025024414,88.00800323486328,399678000
2024-04-08 00:00:00-04:00,88.69999694824219,88.83000183105469,86.73200225830078,87.13300323486328,283220000
2024-04-09 00:00:00-04:00,87.44200134277344,87.63500213623047,83.02200317382812,85.35399627685547,503547000
2024-04-10 00:00:00-04:00,83.9260025024414,87.4000015258789,83.70899963378906,87.03900146484375,431929000
2024-04-11 00:00:00-04:00,87.41999816894531,90.73899841308594,86.9260025024414,90.61599731445312,431637000
2024-04-12 00:00:00-04:00,89.6989974975586,90.17500305175781,87.52999877929688,88.18599700927734,426805000
2024-04-15 00:00:00-04:00,89.0979995727539,90.61299896240234,85.92900085449219,86.0009994506836,443077000
2024-04-16 00:00:00-04:00,86.43299865722656,88.11799621582031,86.06400299072266,87.41500091552734,370453000
2024-04-17 00:00:00-04:00,88.33999633789062,88.7750015258789,83.94999694824219,84.03500366210938,495400000
2024-04-18 00:00:00-04:00,84.97000122070312,86.19000244140625,82.4020004272461,84.6709976196289,447260000
2024-04-19 00:00:00-04:00,83.1500015258789,84.3239974975586,75.60600280761719,76.19999694824219,875198000
2024-04-22 00:00:00-04:00,78.10399627685547,80.072998046875,76.4000015258789,79.51799774169922,596341000
2024-04-23 00:00:00-04:00,80.76899719238281,82.76899719238281,80.26399993896484,82.4229965209961,438559000
2024-04-24 00:00:00-04:00,83.94999694824219,84.08200073242188,79.18299865722656,79.677001953125,512208000
2024-04-25 00:00:00-04:00,78.86799621582031,83.322998046875,78.2229995727539,82.63200378417969,424641000
2024-04-26 00:00:00-04:00,83.81800079345703,88.33100128173828,83.38700103759766,87.73500061035156,551011000
2024-04-29 00:00:00-04:00,87.59500122070312,87.99199676513672,85.26599884033203,87.75700378417969,388971000
2024-04-30 00:00:00-04:00,87.23999786376953,88.81900024414062,86.30000305175781,86.4020004272461,363709000
2024-05-01 00:00:00-04:00,85.0770034790039,86.0,81.25499725341797,83.04100036621094,559863000
2024-05-02 00:00:00-04:00,84.4489974975586,86.23699951171875,83.19999694824219,85.81700134277344,377898000
2024-05-03 00:00:00-04:00,87.78900146484375,89.28099822998047,87.04000091552734,88.78900146484375,398341000
2024-05-06 00:00:00-04:00,89.38999938964844,92.22000122070312,89.05500030517578,92.13999938964844,376203000
2024-05-07 00:00:00-04:00,91.0979995727539,91.78099822998047,89.01100158691406,90.55400085449219,437342000
2024-05-08 00:00:00-04:00,89.48300170898438,91.19400024414062,89.41999816894531,90.41200256347656,325721000
2024-05-09 00:00:00-04:00,90.52899932861328,91.0719985961914,88.23100280761719,88.74700164794922,378013000
2024-05-10 00:00:00-04:00,90.30500030517578,91.4010009765625,89.22699737548828,89.87799835205078,335325000
2024-05-13 00:00:00-04:00,90.47799682617188,90.99800109863281,88.52899932861328,90.39900207519531,289680000
2024-05-14 00:00:00-04:00,89.5989990234375,91.6510009765625,88.93399810791016,91.35600280761719,296507000
2024-05-15 00:00:00-04:00,92.47200012207031,94.86199951171875,91.5989990234375,94.62999725341797,417735000
2024-05-16 00:00:00-04:00,94.91000366210938,95.81900024414062,94.10299682617188,94.35900115966797,323952000
2024-05-17 00:00:00-04:00,94.36900329589844,94.73999786376953,91.80599975585938,92.47899627685547,359691000
2024-05-20 00:00:00-04:00,93.75,95.19999694824219,93.44000244140625,94.77999877929688,318764000
2024-05-21 00:00:00-04:00,93.5989990234375,95.4000015258789,93.18000030517578,95.38600158691406,328946000
2024-05-22 00:00:00-04:00,95.45899963378906,96.0199966430664,93.2490005493164,94.94999694824219,548648000
2024-05-23 00:00:00-04:00,102.02799987792969,106.31999969482422,101.5199966430664,103.79900360107422,835065000
2024-05-24 00:00:00-04:00,104.4489974975586,106.4749984741211,103.0,106.46900177001953,429494000
2024-05-28 00:00:00-04:00,110.24400329589844,114.93900299072266,109.88300323486328,113.9010009765625,652728000
2024-05-29 00:00:00-04:00,113.05000305175781,115.49199676513672,110.9010009765625,114.82499694824219,557442000
2024-05-30 00:00:00-04:00,114.6500015258789,115.81900024414062,109.66300201416016,110.5,487350000
2024-05-31 00:00:00-04:00,112.5199966430664,112.71700286865234,106.94000244140625,109.63300323486328,613263000
2024-06-03 00:00:00-04:00,113.62100219726562,115.0,112.00299835205078,115.0,438392000
2024-06-04 00:00:00-04:00,115.71600341796875,116.5999984741211,114.04499816894531,116.43699645996094,403324000
2024-06-05 00:00:00-04:00,118.37100219726562,122.4489974975586,117.46800231933594,122.44000244140625,528402000
2024-06-06 00:00:00-04:00,124.0479965209961,125.58699798583984,118.31999969482422,120.99800109863281,664696000
2024-06-07 00:00:00-04:00,119.7699966430664,121.69200134277344,118.02200317382812,120.88800048828125,412386000
2024-06-10 00:00:00-04:00,120.37000274658203,123.0999984741211,117.01000213623047,121.79000091552734,314162700
2024-06-11 00:00:00-04:00,121.7699966430664,122.87000274658203,118.73999786376953,120.91000366210938,222551200
2024-06-12 00:00:00-04:00,123.05999755859375,126.87999725341797,122.56999969482422,125.19999694824219,299595000
2024-06-13 00:00:00-04:00,129.38999938964844,129.8000030517578,127.16000366210938,129.61000061035156,260704500
2024-06-14 00:00:00-04:00,129.9600067138672,132.83999633789062,128.32000732421875,131.8800048828125,309320400
2024-06-17 00:00:00-04:00,132.99000549316406,133.72999572753906,129.5800018310547,130.97999572753906,288504400
2024-06-18 00:00:00-04:00,131.13999938964844,136.3300018310547,130.69000244140625,135.5800018310547,294335100
2024-06-20 00:00:00-04:00,139.8000030517578,140.75999450683594,129.52000427246094,130.77999877929688,517768400
2024-06-21 00:00:00-04:00,127.12000274658203,130.6300048828125,124.30000305175781,126.56999969482422,655484700
2024-06-24 00:00:00-04:00,123.23999786376953,124.45999908447266,118.04000091552734,118.11000061035156,476060900
2024-06-25 00:00:00-04:00,121.19999694824219,126.5,119.31999969482422,126.08999633789062,425787500
2024-06-26 00:00:00-04:00,126.12999725341797,128.1199951171875,122.5999984741211,126.4000015258789,362975900
2024-06-27 00:00:00-04:00,124.0999984741211,126.41000366210938,122.91999816894531,123.98999786376953,252571700
2024-06-28 00:00:00-04:00,124.58000183105469,127.70999908447266,122.75,123.54000091552734,315516700
2024-07-01 00:00:00-04:00,123.47000122070312,124.83999633789062,118.83000183105469,124.30000305175781,284885500
2024-07-02 00:00:00-04:00,121.12999725341797,123.41000366210938,121.02999877929688,122.66999816894531,218374000
2024-07-03 00:00:00-04:00,121.66000366210938,128.27999877929688,121.36000061035156,128.27999877929688,215749000
2024-07-05 00:00:00-04:00,127.37999725341797,128.85000610351562,125.68000030517578,125.83000183105469,214176700
2024-07-08 00:00:00-04:00,127.48999786376953,130.77000427246094,127.04000091552734,128.1999969482422,237677300
2024-07-09 00:00:00-04:00,130.35000610351562,133.82000732421875,128.64999389648438,131.3800048828125,285366600
2024-07-10 00:00:00-04:00,134.02999877929688,135.10000610351562,132.4199981689453,134.91000366210938,248978600
2024-07-11 00:00:00-04:00,135.75,136.14999389648438,127.05000305175781,127.4000015258789,374782700
2024-07-12 00:00:00-04:00,128.25999450683594,131.9199981689453,127.22000122070312,129.24000549316406,252680500
2024-07-15 00:00:00-04:00,130.55999755859375,131.38999938964844,127.18000030517578,128.44000244140625,208326200
2024-07-16 00:00:00-04:00,128.44000244140625,129.0399932861328,124.58000183105469,126.36000061035156,214769500
2024-07-17 00:00:00-04:00,121.3499984741211,121.8499984741211,116.72000122070312,117.98999786376953,390086200
2024-07-18 00:00:00-04:00,121.8499984741211,122.4000015258789,116.55999755859375,121.08999633789062,320979500
2024-07-19 00:00:00-04:00,120.3499984741211,121.5999984741211,117.37000274658203,117.93000030517578,217223800
2024-07-22 00:00:00-04:00,120.3499984741211,124.06999969482422,119.86000061035156,123.54000091552734,258068900
2024-07-23 00:00:00-04:00,122.77999877929688,124.69000244140625,122.0999984741211,122.58999633789062,173911000
2024-07-24 00:00:00-04:00,119.16999816894531,119.94999694824219,113.44000244140625,114.25,327776900
2024-07-25 00:00:00-04:00,113.04000091552734,116.62999725341797,106.30000305175781,112.27999877929688,460067000
2024-07-26 00:00:00-04:00,116.19000244140625,116.19999694824219,111.58000183105469,113.05999755859375,293399100
2024-07-29 00:00:00-04:00,113.69000244140625,116.27999877929688,111.30000305175781,111.58999633789062,248152100
2024-07-30 00:00:00-04:00,111.5199966430664,111.98999786376953,102.54000091552734,103.7300033569336,486833300
2024-07-31 00:00:00-04:00,112.9000015258789,118.33999633789062,110.87999725341797,117.0199966430664,473174200
2024-08-01 00:00:00-04:00,117.52999877929688,120.16000366210938,106.80999755859375,109.20999908447266,523462300
2024-08-02 00:00:00-04:00,103.76000213623047,108.72000122070312,101.37000274658203,107.2699966430664,482027500
2024-08-05 00:00:00-04:00,92.05999755859375,103.41000366210938,90.69000244140625,100.44999694824219,552842400
2024-08-06 00:00:00-04:00,103.83999633789062,107.70999908447266,100.55000305175781,104.25,409012100
2024-08-07 00:00:00-04:00,107.80999755859375,108.80000305175781,98.69000244140625,98.91000366210938,411440400
2024-08-08 00:00:00-04:00,102.0,105.5,97.5199966430664,104.97000122070312,391910000
2024-08-09 00:00:00-04:00,105.63999938964844,106.5999984741211,103.43000030517578,104.75,290844200
2024-08-12 00:00:00-04:00,106.31999969482422,111.06999969482422,106.26000213623047,109.0199966430664,325559900
2024-08-13 00:00:00-04:00,112.44000244140625,116.2300033569336,111.58000183105469,116.13999938964844,312646700
2024-08-14 00:00:00-04:00,118.52999877929688,118.5999984741211,114.06999969482422,118.08000183105469,339246400
2024-08-15 00:00:00-04:00,118.76000213623047,123.23999786376953,117.47000122070312,122.86000061035156,318086700
2024-08-16 00:00:00-04:00,121.94000244140625,125.0,121.18000030517578,124.58000183105469,302589900
2024-08-19 00:00:00-04:00,124.27999877929688,130.0,123.41999816894531,130.0,318333600
2024-08-20 00:00:00-04:00,128.39999389648438,129.8800048828125,125.88999938964844,127.25,300087400
2024-08-21 00:00:00-04:00,127.31999969482422,129.35000610351562,126.66000366210938,128.5,257883600
2024-08-22 00:00:00-04:00,130.02000427246094,130.75,123.0999984741211,123.73999786376953,376189100
2024-08-23 00:00:00-04:00,125.86000061035156,129.60000610351562,125.22000122070312,129.3699951171875,323230300
2024-08-26 00:00:00-04:00,129.57000732421875,131.25999450683594,124.37000274658203,126.45999908447266,331964700
2024-08-27 00:00:00-04:00,125.05000305175781,129.1999969482422,123.87999725341797,128.3000030517578,303134600
2024-08-28 00:00:00-04:00,128.1199951171875,128.3300018310547,122.63999938964844,125.61000061035156,448101100
2024-08-29 00:00:00-04:00,121.36000061035156,124.43000030517578,116.70999908447266,117.58999633789062,453023300
2024-08-30 00:00:00-04:00,119.52999877929688,121.75,117.22000122070312,119.37000274658203,333751600
2024-09-03 00:00:00-04:00,116.01000213623047,116.20999908447266,107.29000091552734,108.0,477155100
2024-09-04 00:00:00-04:00,105.41000366210938,113.2699966430664,104.12000274658203,106.20999908447266,372470300
2024-09-05 00:00:00-04:00,104.98999786376953,109.6500015258789,104.76000213623047,107.20999908447266,306850700
2024-09-06 00:00:00-04:00,108.04000091552734,108.1500015258789,100.94999694824219,102.83000183105469,413638100
2024-09-09 00:00:00-04:00,104.87999725341797,106.55000305175781,103.69000244140625,106.47000122070312,273912000
2024-09-10 00:00:00-04:00,107.80999755859375,109.4000015258789,104.94999694824219,108.0999984741211,268283700
2024-09-11 00:00:00-04:00,109.38999938964844,117.19000244140625,107.41999816894531,116.91000366210938,441422400
2024-09-12 00:00:00-04:00,116.83999633789062,120.79000091552734,115.37999725341797,119.13999938964844,367100500
2024-09-13 00:00:00-04:00,119.08000183105469,119.95999908447266,117.5999984741211,119.0999984741211,238358300
2024-09-16 00:00:00-04:00,116.79000091552734,118.18000030517578,114.36000061035156,116.77999877929688,248772300
2024-09-17 00:00:00-04:00,118.16999816894531,118.80000305175781,114.83000183105469,115.58999633789062,231925900
2024-09-18 00:00:00-04:00,115.88999938964844,117.69999694824219,113.22000122070312,113.37000274658203,310318900
2024-09-19 00:00:00-04:00,117.3499984741211,119.66000366210938,117.25,117.87000274658203,293506400
2024-09-20 00:00:00-04:00,117.05999755859375,118.62000274658203,115.38999938964844,116.0,382462400
2024-09-23 00:00:00-04:00,116.55000305175781,116.98999786376953,114.86000061035156,116.26000213623047,206228500
2024-09-24 00:00:00-04:00,116.5199966430664,121.80000305175781,115.37999725341797,120.87000274658203,354966800
2024-09-25 00:00:00-04:00,122.0199966430664,124.94000244140625,121.61000061035156,123.51000213623047,284692900
2024-09-26 00:00:00-04:00,126.80000305175781,127.66999816894531,121.80000305175781,124.04000091552734,302582900
2024-09-27 00:00:00-04:00,123.97000122070312,124.02999877929688,119.26000213623047,121.4000015258789,271009200
2024-09-30 00:00:00-04:00,118.30999755859375,121.5,118.1500015258789,121.44000244140625,226553700
2024-10-01 00:00:00-04:00,121.7699966430664,122.44000244140625,115.79000091552734,117.0,302094500
2024-10-02 00:00:00-04:00,116.44000244140625,119.37999725341797,115.13999938964844,118.8499984741211,221845900
2024-10-03 00:00:00-04:00,120.91999816894531,124.36000061035156,120.33999633789062,122.8499984741211,277118000
2024-10-04 00:00:00-04:00,124.94000244140625,125.04000091552734,121.83000183105469,124.91999816894531,243678100
2024-10-07 00:00:00-04:00,124.98999786376953,130.63999938964844,124.94999694824219,127.72000122070312,346250200
2024-10-08 00:00:00-04:00,130.25999450683594,133.47999572753906,129.4199981689453,132.88999938964844,285722500
2024-10-09 00:00:00-04:00,134.11000061035156,134.52000427246094,131.3800048828125,132.64999389648438,246191600
2024-10-10 00:00:00-04:00,131.91000366210938,135.0,131.0,134.80999755859375,242311300
2024-10-11 00:00:00-04:00,134.00999450683594,135.77999877929688,133.66000366210938,134.8000030517578,170209500
2024-10-14 00:00:00-04:00,136.47000122070312,139.60000610351562,136.3000030517578,138.07000732421875,232347700
2024-10-15 00:00:00-04:00,137.8699951171875,138.57000732421875,128.74000549316406,131.60000610351562,377831000
2024-10-16 00:00:00-04:00,133.97999572753906,136.6199951171875,131.5800018310547,135.72000122070312,264879700
2024-10-17 00:00:00-04:00,139.33999633789062,140.88999938964844,136.8699951171875,136.92999267578125,306435900
2024-10-18 00:00:00-04:00,138.6699981689453,138.89999389648438,137.27999877929688,138.0,176090200
2024-10-21 00:00:00-04:00,138.1300048828125,143.7100067138672,138.0,143.7100067138672,264554500
2024-10-22 00:00:00-04:00,142.91000366210938,144.4199981689453,141.77999877929688,143.58999633789062,226311600
2024-10-23 00:00:00-04:00,142.02999877929688,142.42999267578125,137.4600067138672,139.55999755859375,285930000
2024-10-24 00:00:00-04:00,140.82000732421875,141.35000610351562,138.4600067138672,140.41000366210938,172354900
2024-10-25 00:00:00-04:00,140.92999267578125,144.1300048828125,140.8000030517578,141.5399932861328,205122100
2024-10-28 00:00:00-04:00,143.0,143.13999938964844,140.0500030517578,140.52000427246094,173586700
2024-10-29 00:00:00-04:00,140.2899932861328,142.25999450683594,138.89999389648438,141.25,157593600
2024-10-30 00:00:00-04:00,139.5399932861328,140.3300018310547,136.80999755859375,139.33999633789062,179418100
2024-10-31 00:00:00-04:00,137.60000610351562,137.61000061035156,132.11000061035156,132.75999450683594,270039600
2024-11-01 00:00:00-04:00,134.6999969482422,137.30999755859375,134.57000732421875,135.39999389648438,207127800
2024-11-04 00:00:00-05:00,137.2100067138672,138.9600067138672,135.57000732421875,136.0500030517578,187528200
2024-11-05 00:00:00-05:00,137.4499969482422,140.3699951171875,137.3300018310547,139.91000366210938,160537400
2024-11-06 00:00:00-05:00,142.9600067138672,146.49000549316406,141.9600067138672,145.61000061035156,242043900
2024-11-07 00:00:00-05:00,146.38999938964844,148.92999267578125,146.1699981689453,148.8800048828125,207323300
2024-11-08 00:00:00-05:00,148.77000427246094,149.77000427246094,146.25999450683594,147.6300048828125,175665800
2024-11-11 00:00:00-05:00,148.67999267578125,148.85000610351562,143.57000732421875,145.25999450683594,182325600
2024-11-12 00:00:00-05:00,146.77999877929688,149.64999389648438,146.00999450683594,148.2899932861328,198634700
2024-11-13 00:00:00-05:00,149.07000732421875,149.3300018310547,145.89999389648438,146.27000427246094,191903300
2024-11-14 00:00:00-05:00,147.63999938964844,149.0,145.5500030517578,146.75999450683594,194463300
2024-11-15 00:00:00-05:00,144.8699951171875,145.24000549316406,140.0800018310547,141.97999572753906,250132900
2024-11-18 00:00:00-05:00,139.5,141.5500030517578,137.14999389648438,140.14999389648438,221866000
2024-11-19 00:00:00-05:00,141.32000732421875,147.1300048828125,140.99000549316406,147.00999450683594,227834900
2024-11-20 00:00:00-05:00,147.41000366210938,147.55999755859375,142.72999572753906,145.88999938964844,309871700
2024-11-21 00:00:00-05:00,149.35000610351562,152.88999938964844,140.6999969482422,146.6699981689453,400946600
2024-11-22 00:00:00-05:00,145.92999267578125,147.16000366210938,141.10000610351562,141.9499969482422,236406200
2024-11-25 00:00:00-05:00,141.99000549316406,142.0500030517578,135.82000732421875,136.02000427246094,344941900
2024-11-26 00:00:00-05:00,137.6999969482422,139.3000030517578,135.6699981689453,136.9199981689453,190287700
2024-11-27 00:00:00-05:00,135.00999450683594,137.22000122070312,131.8000030517578,135.33999633789062,226370900
2024-11-29 00:00:00-05:00,136.77999877929688,139.35000610351562,136.0500030517578,138.25,141863200
2024-12-02 00:00:00-05:00,138.8300018310547,140.4499969482422,137.82000732421875,138.6300048828125,171682800
2024-12-03 00:00:00-05:00,138.25999450683594,140.5399932861328,137.9499969482422,140.25999450683594,164414000
2024-12-04 00:00:00-05:00,142.0,145.7899932861328,140.2899932861328,145.13999938964844,231224300
2024-12-05 00:00:00-05:00,145.11000061035156,146.5399932861328,143.9499969482422,145.05999755859375,172621200
2024-12-06 00:00:00-05:00,144.60000610351562,145.6999969482422,141.30999755859375,142.44000244140625,188505600
2024-12-09 00:00:00-05:00,138.97000122070312,139.9499969482422,137.1300048828125,138.80999755859375,189308600
2024-12-10 00:00:00-05:00,139.00999450683594,141.82000732421875,133.7899932861328,135.07000732421875,210020900
2024-12-11 00:00:00-05:00,137.36000061035156,140.1699981689453,135.2100067138672,139.30999755859375,184905200
2024-12-12 00:00:00-05:00,137.0800018310547,138.44000244140625,135.8000030517578,137.33999633789062,159211400
2024-12-13 00:00:00-05:00,138.94000244140625,139.60000610351562,132.5399932861328,134.25,231514900
2024-12-16 00:00:00-05:00,134.17999267578125,134.39999389648438,130.4199981689453,132.0,237951100
2024-12-17 00:00:00-05:00,129.08999633789062,131.58999633789062,126.86000061035156,130.38999938964844,259410300
2024-12-18 00:00:00-05:00,133.86000061035156,136.6999969482422,128.27999877929688,128.91000366210938,277444500
2024-12-19 00:00:00-05:00,131.75999450683594,134.02999877929688,129.5500030517578,130.67999267578125,209719200
2024-12-20 00:00:00-05:00,129.80999755859375,135.27999877929688,128.22000122070312,134.6999969482422,306528600
2024-12-23 00:00:00-05:00,136.27999877929688,139.7899932861328,135.1199951171875,139.6699981689453,176053500
2024-12-24 00:00:00-05:00,140.0,141.89999389648438,138.64999389648438,140.22000122070312,105157000
2024-12-26 00:00:00-05:00,139.6999969482422,140.85000610351562,137.72999572753906,139.92999267578125,116205600
2024-12-27 00:00:00-05:00,138.5500030517578,139.02000427246094,134.7100067138672,137.00999450683594,170582600
2024-12-30 00:00:00-05:00,134.8300018310547,140.27000427246094,134.02000427246094,137.49000549316406,167734700
2024-12-31 00:00:00-05:00,138.02999877929688,138.07000732421875,133.8300018310547,134.2899932861328,155659200
2025-01-02 00:00:00-05:00,136.0,138.8800048828125,134.6300048828125,138.30999755859375,198247200
2025-01-03 00:00:00-05:00,140.00999450683594,144.89999389648438,139.72999572753906,144.47000122070312,229322500
2025-01-06 00:00:00-05:00,148.58999633789062,152.16000366210938,147.82000732421875,149.42999267578125,265377400
2025-01-07 00:00:00-05:00,153.02999877929688,153.1300048828125,140.00999450683594,140.13999938964844,351782200
2025-01-08 00:00:00-05:00,142.5800018310547,143.9499969482422,137.55999755859375,140.11000061035156,227349900
2025-01-10 00:00:00-05:00,137.4499969482422,139.9199981689453,134.22000122070312,135.91000366210938,207602500
2025-01-13 00:00:00-05:00,129.99000549316406,133.49000549316406,129.50999450683594,133.22999572753906,204808900
2025-01-14 00:00:00-05:00,136.0500030517578,136.3800048828125,130.0500030517578,131.75999450683594,195590500
2025-01-15 00:00:00-05:00,133.64999389648438,136.4499969482422,131.2899932861328,136.24000549316406,185217300
2025-01-16 00:00:00-05:00,138.63999938964844,138.75,133.49000549316406,133.57000732421875,209235600
2025-01-17 00:00:00-05:00,136.69000244140625,138.5,135.4600067138672,137.7100067138672,201188800
2025-01-21 00:00:00-05:00,139.16000366210938,141.8300018310547,137.08999633789062,140.8300018310547,197749000
2025-01-22 00:00:00-05:00,144.66000366210938,147.7899932861328,143.6699981689453,147.07000732421875,237651400
2025-01-23 00:00:00-05:00,145.0500030517578,147.22999572753906,143.72000122070312,147.22000122070312,155915500
2025-01-24 00:00:00-05:00,148.3699951171875,148.97000122070312,141.8800048828125,142.6199951171875,234657600
2025-01-27 00:00:00-05:00,124.80000305175781,128.39999389648438,116.69999694824219,118.41999816894531,818830900
2025-01-28 00:00:00-05:00,121.80999755859375,129.0,116.25,128.99000549316406,579666400
2025-01-29 00:00:00-05:00,126.5,126.88999938964844,120.05000305175781,123.69999694824219,467120600
2025-01-30 00:00:00-05:00,123.0999984741211,125.0,118.0999984741211,124.6500015258789,392925500
2025-01-31 00:00:00-05:00,123.77999877929688,127.8499984741211,119.19000244140625,120.06999969482422,390372900
2025-02-03 00:00:00-05:00,114.75,118.56999969482422,113.01000213623047,116.66000366210938,371235700
2025-02-04 00:00:00-05:00,116.95999908447266,121.19999694824219,116.69999694824219,118.6500015258789,256550000
2025-02-05 00:00:00-05:00,121.76000213623047,125.0,120.76000213623047,124.83000183105469,262230800
2025-02-06 00:00:00-05:00,127.41999816894531,128.77000427246094,125.20999908447266,128.67999267578125,251483600
2025-02-07 00:00:00-05:00,129.22000122070312,130.3699951171875,125.0,129.83999633789062,228186300
2025-02-10 00:00:00-05:00,130.08999633789062,135.0,129.9600067138672,133.57000732421875,216989100
2025-02-11 00:00:00-05:00,132.5800018310547,134.47999572753906,131.02000427246094,132.8000030517578,178902400
2025-02-12 00:00:00-05:00,130.02000427246094,132.24000549316406,129.0800018310547,131.13999938964844,160278600
2025-02-13 00:00:00-05:00,131.55999755859375,136.5,131.1699981689453,135.2899932861328,197430000
2025-02-14 00:00:00-05:00,136.47999572753906,139.25,135.5,138.85000610351562,195479600
2025-02-18 00:00:00-05:00,141.27000427246094,143.44000244140625,137.92999267578125,139.39999389648438,219176600
2025-02-19 00:00:00-05:00,139.50999450683594,141.36000061035156,137.22000122070312,139.22999572753906,167536000
2025-02-20 00:00:00-05:00,140.02999877929688,140.66000366210938,136.7899932861328,140.11000061035156,143903600
2025-02-21 00:00:00-05:00,140.0399932861328,141.4600067138672,134.02999877929688,134.42999267578125,228217600
2025-02-24 00:00:00-05:00,136.55999755859375,138.58999633789062,130.0800018310547,130.27999877929688,251381100
2025-02-25 00:00:00-05:00,129.97999572753906,130.1999969482422,124.44000244140625,126.62999725341797,271428700
2025-02-26 00:00:00-05:00,129.99000549316406,133.72999572753906,128.49000549316406,131.27999877929688,322553800
2025-02-27 00:00:00-05:00,135.0,135.00999450683594,120.01000213623047,120.1500015258789,443175800
2025-02-28 00:00:00-05:00,118.0199966430664,125.08999633789062,116.4000015258789,124.91999816894531,389091100
2025-03-03 00:00:00-05:00,123.51000213623047,123.69999694824219,112.27999877929688,114.05999755859375,411381400
2025-03-04 00:00:00-05:00,110.6500015258789,119.30999755859375,110.11000061035156,115.98999786376953,398163300
2025-03-05 00:00:00-05:00,117.58000183105469,118.27999877929688,114.51000213623047,117.30000305175781,284337900
2025-03-06 00:00:00-05:00,113.52999877929688,115.3499984741211,110.22000122070312,110.56999969482422,321181900
2025-03-07 00:00:00-05:00,111.25,113.4800033569336,107.55999755859375,112.69000244140625,341755500
2025-03-10 00:00:00-04:00,109.9000015258789,111.8499984741211,105.45999908447266,106.9800033569336,366487400
2025-03-11 00:00:00-04:00,106.98999786376953,112.23999786376953,104.7699966430664,108.76000213623047,354865700
2025-03-12 00:00:00-04:00,114.12000274658203,116.76000213623047,112.87999725341797,115.73999786376953,323857500
2025-03-13 00:00:00-04:00,117.02999877929688,117.76000213623047,113.79000091552734,115.58000183105469,299033100
2025-03-14 00:00:00-04:00,118.61000061035156,121.87999725341797,118.1500015258789,121.66999816894531,277593500
2025-03-17 00:00:00-04:00,122.73999786376953,122.88999938964844,118.02999877929688,119.52999877929688,255501500
2025-03-18 00:00:00-04:00,118.0,119.0199966430664,114.54000091552734,115.43000030517578,299686900
2025-03-19 00:00:00-04:00,117.2699966430664,120.44999694824219,115.68000030517578,117.5199966430664,273426200
2025-03-20 00:00:00-04:00,116.55000305175781,120.19999694824219,116.47000122070312,118.52999877929688,248829700
2025-03-21 00:00:00-04:00,116.94000244140625,117.98999786376953,115.41999816894531,117.69999694824219,266498500
2025-03-24 00:00:00-04:00,119.87999725341797,122.22000122070312,119.33999633789062,121.41000366210938,228452500
2025-03-25 00:00:00-04:00,120.55000305175781,121.29000091552734,118.91999816894531,120.69000244140625,167447200
2025-03-26 00:00:00-04:00,118.7300033569336,118.83999633789062,112.70999908447266,113.76000213623047,293463300
2025-03-27 00:00:00-04:00,111.3499984741211,114.44999694824219,110.66000366210938,111.43000030517578,236902100
2025-03-28 00:00:00-04:00,111.48999786376953,112.87000274658203,109.06999969482422,109.66999816894531,229872500
2025-03-31 00:00:00-04:00,105.12999725341797,110.95999908447266,103.6500015258789,108.37999725341797,299212700
2025-04-01 00:00:00-04:00,108.5199966430664,110.19999694824219,106.47000122070312,110.1500015258789,222614000
2025-04-02 00:00:00-04:00,107.29000091552734,111.9800033569336,106.79000091552734,110.41999816894531,220601200
2025-04-03 00:00:00-04:00,103.51000213623047,105.62999725341797,101.5999984741211,101.80000305175781,338769400
2025-04-04 00:00:00-04:00,98.91000366210938,100.12999725341797,92.11000061035156,94.30999755859375,532273800
2025-04-07 00:00:00-04:00,87.45999908447266,101.75,86.62000274658203,97.63999938964844,611041300
2025-04-08 00:00:00-04:00,103.80999755859375,105.8499984741211,94.45999908447266,96.30000305175781,476243400
2025-04-09 00:00:00-04:00,98.88999938964844,115.0999984741211,97.52999877929688,114.33000183105469,612918300
2025-04-10 00:00:00-04:00,109.37000274658203,110.86000061035156,99.1500015258789,107.56999969482422,437812400
2025-04-11 00:00:00-04:00,108.5,111.55000305175781,107.4800033569336,110.93000030517578,313417300
2025-04-14 00:00:00-04:00,114.11000061035156,114.29000091552734,109.06999969482422,110.70999908447266,264705000
2025-04-15 00:00:00-04:00,110.97000122070312,113.62000274658203,110.5,112.19999694824219,228966900
2025-04-16 00:00:00-04:00,104.55000305175781,106.79000091552734,100.44999694824219,104.48999786376953,397016900
2025-04-17 00:00:00-04:00,104.44999694824219,104.47000122070312,100.05000305175781,101.48999786376953,290833400
2025-04-21 00:00:00-04:00,98.7699966430664,99.44000244140625,95.04000091552734,96.91000366210938,288501100
2025-04-22 00:00:00-04:00,98.77999877929688,99.80999755859375,97.27999877929688,98.88999938964844,241004800
2025-04-23 00:00:00-04:00,104.5199966430664,104.80000305175781,102.0199966430664,102.70999908447266,247526000
2025-04-24 00:00:00-04:00,103.4800033569336,106.54000091552734,103.11000061035156,106.43000030517578,220815000
2025-04-25 00:00:00-04:00,106.8499984741211,111.91999816894531,105.7300033569336,111.01000213623047,251064700
2025-04-28 00:00:00-04:00,109.69000244140625,110.37000274658203,106.0199966430664,108.7300033569336,207708500
2025-04-29 00:00:00-04:00,107.66999816894531,110.19999694824219,107.44000244140625,109.0199966430664,170444300
2025-04-30 00:00:00-04:00,104.47000122070312,108.91999816894531,104.08000183105469,108.91999816894531,235044600
2025-05-01 00:00:00-04:00,113.08000183105469,114.94000244140625,111.30000305175781,111.61000061035156,236121500
2025-05-02 00:00:00-04:00,114.18000030517578,115.4000015258789,113.37000274658203,114.5,190194800
2025-05-05 00:00:00-04:00,112.91000366210938,114.66999816894531,112.66000366210938,113.81999969482422,133163200
2025-05-06 00:00:00-04:00,111.4800033569336,114.73999786376953,110.81999969482422,113.54000091552734,158525600
2025-05-07 00:00:00-04:00,113.05000305175781,117.68000030517578,112.27999877929688,117.05999755859375,206758800
2025-05-08 00:00:00-04:00,118.25,118.68000030517578,115.8499984741211,117.37000274658203,198428100
2025-05-09 00:00:00-04:00,117.3499984741211,118.2300033569336,115.20999908447266,116.6500015258789,132972200
2025-05-12 00:00:00-04:00,121.97000122070312,123.0,120.27999877929688,123.0,225023300
2025-05-13 00:00:00-04:00,124.9800033569336,131.22000122070312,124.47000122070312,129.92999267578125,330430100
2025-05-14 00:00:00-04:00,133.1999969482422,135.44000244140625,131.67999267578125,135.33999633789062,281180800
2025-05-15 00:00:00-04:00,134.2899932861328,136.3000030517578,132.66000366210938,134.8300018310547,226632600
2025-05-16 00:00:00-04:00,136.22000122070312,136.35000610351562,133.4600067138672,135.39999389648438,226542500
2025-05-19 00:00:00-04:00,132.38999938964844,135.8699951171875,132.38999938964844,135.57000732421875,193154600
2025-05-20 00:00:00-04:00,134.2899932861328,134.5800018310547,132.6199951171875,134.3800048828125,161514200
2025-05-21 00:00:00-04:00,133.05999755859375,137.39999389648438,130.58999633789062,131.8000030517578,269728700
